state,feature_1,feature_2,feature_3,feature_4,feature_5,feature_6,UP,RIGHT,DOWN,LEFT,WAIT,BOMB,best_action,best_q_value
"('BOMBING', 'UP', 3, 'UNSAFE', 'UNNECESSARY', 'NONE')",BOMBING,UP,3,UNSAFE,UNNECESSARY,NONE,1.0861039,0.0865165,-0.101,-0.27371,0.0,-0.85486865,UP,1.0861039
"('BOMBING', 'UP', 3, 'UNSAFE', 'UNNECESSARY', 'LEFT')",BOMBING,UP,3,UNSAFE,UNNECESSARY,LEFT,0.017099999,-0.036,0.0,-0.101,-0.051,-0.83762944,UP,0.017099999
"('BOMBING', 'LEFT', 8, 'GOOD_HIGH', 'UNNECESSARY', 'RIGHT')",BOMBING,LEFT,8,GOOD_HIGH,UNNECESSARY,RIGHT,-0.101,-0.08127757,-0.17989984,-0.016,-0.10166211,1.6365799,BOMB,1.6365799
"('ESCAPE', 'LEFT', 8, 'UNAVAILABLE', 'UNNECESSARY', 'BOMB')",ESCAPE,LEFT,8,UNAVAILABLE,UNNECESSARY,BOMB,-0.46894,-1.095087,-0.12767732,1.5771408,0.054570466,0.25995958,LEFT,1.5771408
"('ESCAPE', 'UP', 1, 'UNAVAILABLE', 'UNNECESSARY', 'LEFT')",ESCAPE,UP,1,UNAVAILABLE,UNNECESSARY,LEFT,0.9765311,-1.1509035,-0.025946133,-0.18526405,-0.025438018,0.06451989,UP,0.9765311
"('ESCAPE', 'UP', 1, 'UNAVAILABLE', 'UNSAFE', 'RIGHT')",ESCAPE,UP,1,UNAVAILABLE,UNSAFE,RIGHT,1.9813833,-6.369821,-5.342722,-5.75968,-2.7496762,-4.5060616,UP,1.9813833
"('BOMBING', 'LEFT', 9, 'UNSAFE', 'UNNECESSARY', 'NONE')",BOMBING,LEFT,9,UNSAFE,UNNECESSARY,NONE,0.2530974,-0.16204026,-0.101,1.0587001,-0.051,-0.50109,LEFT,1.0587001
"('BOMBING', 'LEFT', 10, 'GOOD_LOW', 'UNNECESSARY', 'LEFT')",BOMBING,LEFT,10,GOOD_LOW,UNNECESSARY,LEFT,-0.33664513,-0.03153184,-0.34309617,1.1463616,-0.08980641,0.26387757,LEFT,1.1463616
"('BOMBING', 'LEFT', 10, 'GOOD_LOW', 'UNNECESSARY', 'UP')",BOMBING,LEFT,10,GOOD_LOW,UNNECESSARY,UP,-0.101,-0.011,-0.10019,0.4971799,-0.05019,-0.001,LEFT,0.4971799
"('ESCAPE', 'RIGHT', 2, 'UNAVAILABLE', 'UNNECESSARY', 'BOMB')",ESCAPE,RIGHT,2,UNAVAILABLE,UNNECESSARY,BOMB,-0.19368859,0.89414024,-0.011105098,-2.4190116,-0.060633782,0.28805825,RIGHT,0.89414024
"('ESCAPE', 'RIGHT', 2, 'UNAVAILABLE', 'UNNECESSARY', 'DOWN')",ESCAPE,RIGHT,2,UNAVAILABLE,UNNECESSARY,DOWN,-0.8090584,1.7626364,-0.08073687,0.15205476,0.2978144,0.0072695557,RIGHT,1.7626364
"('ESCAPE', 'RIGHT', 2, 'UNAVAILABLE', 'UNSAFE', 'DOWN')",ESCAPE,RIGHT,2,UNAVAILABLE,UNSAFE,DOWN,-3.6568007,1.6926863,-0.12475731,-1.7949262,-1.4585111,0.0,RIGHT,1.6926863
"('ESCAPE', 'NONE', 0, 'UNAVAILABLE', 'UNSAFE', 'UP')",ESCAPE,NONE,0,UNAVAILABLE,UNSAFE,UP,-9.512296,-9.340053,-9.381461,-9.531286,-9.411405,-9.699377,RIGHT,-9.340053
"('BOMBING', 'LEFT', 12, 'UNSAFE', 'UNNECESSARY', 'NONE')",BOMBING,LEFT,12,UNSAFE,UNNECESSARY,NONE,-0.254662,-0.26906145,0.2701578,1.0707046,-0.17676583,-1.7020602,LEFT,1.0707046
"('BOMBING', 'LEFT', 12, 'UNSAFE', 'UNNECESSARY', 'WAIT')",BOMBING,LEFT,12,UNSAFE,UNNECESSARY,WAIT,-0.101,-0.101,-0.011,0.4008222,0.0,-0.8829289,LEFT,0.4008222
"('BOMBING', 'HERE', 1, 'GOOD_HIGH', 'UNNECESSARY', 'DOWN')",BOMBING,HERE,1,GOOD_HIGH,UNNECESSARY,DOWN,0.030117774,-0.39297882,-0.103208244,-0.41591835,-0.13821,1.3846956,BOMB,1.3846956
"('BOMBING', 'HERE', 1, 'GOOD_HIGH', 'UNNECESSARY', 'WAIT')",BOMBING,HERE,1,GOOD_HIGH,UNNECESSARY,WAIT,-0.011,-0.1919,-0.101,-0.101,-0.051,0.50474155,BOMB,0.50474155
"('ESCAPE', 'UP', 1, 'UNAVAILABLE', 'UNNECESSARY', 'BOMB')",ESCAPE,UP,1,UNAVAILABLE,UNNECESSARY,BOMB,1.4459063,0.12932292,-0.6645864,-0.16384523,-0.25564432,0.43108723,UP,1.4459063
"('ESCAPE', 'UP', 1, 'UNAVAILABLE', 'UNSAFE', 'WAIT')",ESCAPE,UP,1,UNAVAILABLE,UNSAFE,WAIT,-1.8681693,-1.2015396,-1.3646553,-1.4832978,-1.2443932,-1.3919,RIGHT,-1.2015396
"('ESCAPE', 'NONE', 0, 'UNAVAILABLE', 'UNSAFE', 'BOMB')",ESCAPE,NONE,0,UNAVAILABLE,UNSAFE,BOMB,-7.5395126,-7.776884,-7.1848097,-7.848391,-4.1597013,-7.6712813,WAIT,-4.1597013
"('BOMBING', 'UP', 9, 'UNSAFE', 'UNNECESSARY', 'NONE')",BOMBING,UP,9,UNSAFE,UNNECESSARY,NONE,1.1885076,0.0,-0.101,0.041281037,0.0,-0.51009,UP,1.1885076
"('BOMBING', 'HERE', 2, 'GOOD_HIGH', 'UNNECESSARY', 'LEFT')",BOMBING,HERE,2,GOOD_HIGH,UNNECESSARY,LEFT,-0.39971364,-0.074246354,-0.41549343,-0.06027966,-0.18606639,1.018556,BOMB,1.018556
"('BOMBING', 'UP', 9, 'UNSAFE', 'UNNECESSARY', 'RIGHT')",BOMBING,UP,9,UNSAFE,UNNECESSARY,RIGHT,0.009,-0.101,-0.101,0.0,0.0,0.0,UP,0.009
"('BOMBING', 'UP', 9, 'UNSAFE', 'UNNECESSARY', 'DOWN')",BOMBING,UP,9,UNSAFE,UNNECESSARY,DOWN,-0.016,-0.101,-0.101,-0.011,-0.051,-0.501,LEFT,-0.011
"('ESCAPE', 'NONE', 0, 'UNAVAILABLE', 'UNSAFE', 'LEFT')",ESCAPE,NONE,0,UNAVAILABLE,UNSAFE,LEFT,-8.632952,-8.510786,-6.3961544,-8.399468,-8.66944,-8.535806,DOWN,-6.3961544
"('ESCAPE', 'NONE', 0, 'UNAVAILABLE', 'UNSAFE', 'DOWN')",ESCAPE,NONE,0,UNAVAILABLE,UNSAFE,DOWN,-8.303229,-8.103805,-8.038557,-8.071466,-7.589721,-7.95132,WAIT,-7.589721
"('BOMBING', 'LEFT', 12, 'UNSAFE', 'UNNECESSARY', 'RIGHT')",BOMBING,LEFT,12,UNSAFE,UNNECESSARY,RIGHT,-0.10028326,-0.101,-0.011,0.16285086,-0.051,-0.501,LEFT,0.16285086
"('ESCAPE', 'NONE', 0, 'UNAVAILABLE', 'UNSAFE', 'RIGHT')",ESCAPE,NONE,0,UNAVAILABLE,UNSAFE,RIGHT,-8.716268,-9.397676,-9.47712,-9.23428,-9.207704,-9.203858,UP,-8.716268
"('ESCAPE', 'RIGHT', 2, 'UNAVAILABLE', 'UNNECESSARY', 'WAIT')",ESCAPE,RIGHT,2,UNAVAILABLE,UNNECESSARY,WAIT,-0.5184631,0.6815726,-0.501901,-0.8438518,-0.7304499,-0.5635582,RIGHT,0.6815726
"('ESCAPE', 'RIGHT', 2, 'UNAVAILABLE', 'UNSAFE', 'BOMB')",ESCAPE,RIGHT,2,UNAVAILABLE,UNSAFE,BOMB,-1.6249592,2.4977531,-0.59886694,-1.361542,-0.7564827,-0.5706935,RIGHT,2.4977531
"('BOMBING', 'DOWN', 6, 'UNSAFE', 'UNNECESSARY', 'NONE')",BOMBING,DOWN,6,UNSAFE,UNNECESSARY,NONE,-0.27371,0.0,1.2613822,-0.19109428,-0.118974395,-1.6515458,DOWN,1.2613822
"('BOMBING', 'HERE', 1, 'GOOD_HIGH', 'UNNECESSARY', 'LEFT')",BOMBING,HERE,1,GOOD_HIGH,UNNECESSARY,LEFT,-0.011,-0.10109,-0.101171,-0.101,-0.051,0.6153546,BOMB,0.6153546
"('ESCAPE', 'UP', 1, 'UNAVAILABLE', 'UNNECESSARY', 'WAIT')",ESCAPE,UP,1,UNAVAILABLE,UNNECESSARY,WAIT,-1.1229799,-0.91245985,-0.7279905,-1.0370741,-0.66252553,-0.8155532,WAIT,-0.66252553
"('BOMBING', 'HERE', 2, 'GOOD_HIGH', 'UNNECESSARY', 'UP')",BOMBING,HERE,2,GOOD_HIGH,UNNECESSARY,UP,-0.101,-0.011,-0.100951836,-0.10211894,-0.051,0.8022478,BOMB,0.8022478
"('BOMBING', 'HERE', 2, 'GOOD_HIGH', 'UNNECESSARY', 'WAIT')",BOMBING,HERE,2,GOOD_HIGH,UNNECESSARY,WAIT,-0.101,-0.011,-0.101,-0.10096669,-0.051,0.7120949,BOMB,0.7120949
"('ESCAPE', 'RIGHT', 2, 'UNAVAILABLE', 'UNNECESSARY', 'UP')",ESCAPE,RIGHT,2,UNAVAILABLE,UNNECESSARY,UP,-0.053859517,1.9084185,-0.7490176,0.41918743,-0.0969,0.016228259,RIGHT,1.9084185
"('BOMBING', 'RIGHT', 3, 'UNSAFE', 'UNNECESSARY', 'NONE')",BOMBING,RIGHT,3,UNSAFE,UNNECESSARY,NONE,-0.011,1.2611358,0.0,-0.1876311,0.0,0.0,RIGHT,1.2611358
"('BOMBING', 'RIGHT', 10, 'GOOD_HIGH', 'UNNECESSARY', 'RIGHT')",BOMBING,RIGHT,10,GOOD_HIGH,UNNECESSARY,RIGHT,-0.101,1.2934686,-0.2723085,0.021121647,-0.091018856,-0.00021401461,RIGHT,1.2934686
"('BOMBING', 'RIGHT', 10, 'GOOD_HIGH', 'UNNECESSARY', 'DOWN')",BOMBING,RIGHT,10,GOOD_HIGH,UNNECESSARY,DOWN,-0.101,0.10785787,0.0,0.0,0.0,0.0,RIGHT,0.10785787
"('BOMBING', 'RIGHT', 10, 'GOOD_HIGH', 'UNNECESSARY', 'UP')",BOMBING,RIGHT,10,GOOD_HIGH,UNNECESSARY,UP,-0.101,0.3173372,-0.098928645,-0.011,-0.010511242,-0.001,RIGHT,0.3173372
"('ESCAPE', 'LEFT', 8, 'UNAVAILABLE', 'UNNECESSARY', 'DOWN')",ESCAPE,LEFT,8,UNAVAILABLE,UNNECESSARY,DOWN,-1.6167514,-0.051173,0.020155445,0.60318047,-0.08736132,-0.076273784,LEFT,0.60318047
"('ESCAPE', 'LEFT', 8, 'UNAVAILABLE', 'UNSAFE', 'DOWN')",ESCAPE,LEFT,8,UNAVAILABLE,UNSAFE,DOWN,-4.318762,-0.9322523,-4.1594176,1.6006771,-2.209631,-1.6322871,LEFT,1.6006771
"('ESCAPE', 'NONE', 0, 'UNAVAILABLE', 'UNSAFE', 'WAIT')",ESCAPE,NONE,0,UNAVAILABLE,UNSAFE,WAIT,-7.9163976,-8.235204,-7.7064977,-7.957502,-7.8467307,-8.042049,DOWN,-7.7064977
"('BOMBING', 'HERE', 2, 'GOOD_HIGH', 'UNNECESSARY', 'DOWN')",BOMBING,HERE,2,GOOD_HIGH,UNNECESSARY,DOWN,-0.101,-0.011,0.0,0.0,-0.051,0.661933,BOMB,0.661933
"('BOMBING', 'LEFT', 9, 'UNSAFE', 'UNNECESSARY', 'RIGHT')",BOMBING,LEFT,9,UNSAFE,UNNECESSARY,RIGHT,0.43318954,-0.101,-0.101,-0.016954474,-0.051,-0.7056341,UP,0.43318954
"('BOMBING', 'LEFT', 9, 'UNSAFE', 'UNNECESSARY', 'WAIT')",BOMBING,LEFT,9,UNSAFE,UNNECESSARY,WAIT,0.0,-0.101,-0.101,0.0,-0.051,-0.51009,UP,0.0
"('BOMBING', 'LEFT', 9, 'UNSAFE', 'UNNECESSARY', 'DOWN')",BOMBING,LEFT,9,UNSAFE,UNNECESSARY,DOWN,-0.03609,-0.08981917,-0.101,0.014604345,-0.051,-0.7085447,LEFT,0.014604345
"('ESCAPE', 'DOWN', 4, 'UNAVAILABLE', 'UNNECESSARY', 'RIGHT')",ESCAPE,DOWN,4,UNAVAILABLE,UNNECESSARY,RIGHT,0.24443386,0.2232016,2.3306177,0.07276121,-0.12883611,-0.046919063,DOWN,2.3306177
"('ESCAPE', 'DOWN', 4, 'UNAVAILABLE', 'UNNECESSARY', 'UP')",ESCAPE,DOWN,4,UNAVAILABLE,UNNECESSARY,UP,0.0,-0.101,0.5932649,-0.4130357,0.1296419,0.06773406,DOWN,0.5932649
"('ESCAPE', 'DOWN', 4, 'UNAVAILABLE', 'UNSAFE', 'RIGHT')",ESCAPE,DOWN,4,UNAVAILABLE,UNSAFE,RIGHT,-3.6689787,-3.161439,4.3297224,-1.701956,-1.2777035,-1.9019,DOWN,4.3297224
"('ESCAPE', 'RIGHT', 2, 'UNAVAILABLE', 'UNNECESSARY', 'LEFT')",ESCAPE,RIGHT,2,UNAVAILABLE,UNNECESSARY,LEFT,-0.8819026,0.9211142,-0.101,0.0,0.213171,-0.088039756,RIGHT,0.9211142
"('BOMBING', 'HERE', 1, 'GOOD_HIGH', 'UNNECESSARY', 'RIGHT')",BOMBING,HERE,1,GOOD_HIGH,UNNECESSARY,RIGHT,-0.011,-0.101,-0.10071981,-0.101,-0.051,0.5897219,BOMB,0.5897219
"('ESCAPE', 'UP', 1, 'UNAVAILABLE', 'UNNECESSARY', 'DOWN')",ESCAPE,UP,1,UNAVAILABLE,UNNECESSARY,DOWN,1.0847801,-0.1919,-0.101,-0.101,0.0,-0.051058304,UP,1.0847801
"('ESCAPE', 'UP', 1, 'UNAVAILABLE', 'UNSAFE', 'BOMB')",ESCAPE,UP,1,UNAVAILABLE,UNSAFE,BOMB,1.8128694,-2.80675,-2.4486856,-2.0581384,-2.7415223,-3.2537212,UP,1.8128694
"('BOMBING', 'UP', 9, 'UNSAFE', 'UNNECESSARY', 'WAIT')",BOMBING,UP,9,UNSAFE,UNNECESSARY,WAIT,0.0,0.0,0.0,-0.011,0.0,0.0,UP,0.0
"('BOMBING', 'LEFT', 10, 'GOOD_HIGH', 'UNNECESSARY', 'LEFT')",BOMBING,LEFT,10,GOOD_HIGH,UNNECESSARY,LEFT,-0.090125635,0.0,-0.20981725,1.0559375,-0.084955186,0.33944327,LEFT,1.0559375
"('BOMBING', 'RIGHT', 6, 'UNSAFE', 'UNNECESSARY', 'NONE')",BOMBING,RIGHT,6,UNSAFE,UNNECESSARY,NONE,-0.2729959,1.29749,0.13789363,-0.10244,-0.0969,-0.8959719,RIGHT,1.29749
"('BOMBING', 'RIGHT', 6, 'UNSAFE', 'UNNECESSARY', 'WAIT')",BOMBING,RIGHT,6,UNSAFE,UNNECESSARY,WAIT,-0.099170715,0.13544285,0.0,-0.2747,-0.051,0.0,RIGHT,0.13544285
"('BOMBING', 'RIGHT', 6, 'UNSAFE', 'UNNECESSARY', 'LEFT')",BOMBING,RIGHT,6,UNSAFE,UNNECESSARY,LEFT,-0.101,-0.031242073,0.1656955,-0.101,-0.051,-0.509271,DOWN,0.1656955
"('BOMBING', 'RIGHT', 6, 'UNSAFE', 'UNNECESSARY', 'UP')",BOMBING,RIGHT,6,UNSAFE,UNNECESSARY,UP,-0.101,0.14169383,-0.036,-0.193781,-0.051,-0.5175339,RIGHT,0.14169383
"('BOMBING', 'RIGHT', 3, 'GOOD_HIGH', 'UNNECESSARY', 'NONE')",BOMBING,RIGHT,3,GOOD_HIGH,UNNECESSARY,NONE,-0.011,1.1528146,0.0,-0.101,-0.051,0.09987875,RIGHT,1.1528146
"('BOMBING', 'RIGHT', 3, 'GOOD_HIGH', 'UNNECESSARY', 'WAIT')",BOMBING,RIGHT,3,GOOD_HIGH,UNNECESSARY,WAIT,-0.011,0.0,-0.09595878,-0.101150595,-0.051,-0.001,RIGHT,0.0
"('ESCAPE', 'UP', 1, 'UNAVAILABLE', 'UNSAFE', 'UP')",ESCAPE,UP,1,UNAVAILABLE,UNSAFE,UP,2.038571,-7.8346777,-6.991341,-8.253604,-6.8370137,-5.1396904,UP,2.038571
"('BOMBING', 'HERE', 4, 'GOOD_HIGH', 'UNNECESSARY', 'UP')",BOMBING,HERE,4,GOOD_HIGH,UNNECESSARY,UP,0.05814045,-0.31293115,0.03226036,-0.38259637,-0.03452627,1.3283978,BOMB,1.3283978
"('BOMBING', 'HERE', 4, 'GOOD_HIGH', 'UNNECESSARY', 'WAIT')",BOMBING,HERE,4,GOOD_HIGH,UNNECESSARY,WAIT,-0.101,-0.101,-0.008925044,-0.101,-0.051,0.72493976,BOMB,0.72493976
"('BOMBING', 'HERE', 4, 'GOOD_HIGH', 'UNNECESSARY', 'LEFT')",BOMBING,HERE,4,GOOD_HIGH,UNNECESSARY,LEFT,-0.09857179,-0.101,-0.011,-0.101,-0.051,0.72048354,BOMB,0.72048354
"('BOMBING', 'HERE', 4, 'GOOD_HIGH', 'UNNECESSARY', 'RIGHT')",BOMBING,HERE,4,GOOD_HIGH,UNNECESSARY,RIGHT,-0.098451085,-0.101,-0.011,-0.10105073,-0.051,0.6888965,BOMB,0.6888965
"('ESCAPE', 'DOWN', 4, 'UNAVAILABLE', 'UNNECESSARY', 'BOMB')",ESCAPE,DOWN,4,UNAVAILABLE,UNNECESSARY,BOMB,-1.8170543,0.28004253,1.6120304,0.2609552,-0.036122605,0.15746059,DOWN,1.6120304
"('ESCAPE', 'DOWN', 4, 'UNAVAILABLE', 'UNNECESSARY', 'WAIT')",ESCAPE,DOWN,4,UNAVAILABLE,UNNECESSARY,WAIT,-0.6611838,-0.42067456,-0.5360995,-0.8997552,-0.43816116,-0.46875855,RIGHT,-0.42067456
"('ESCAPE', 'DOWN', 4, 'UNAVAILABLE', 'UNSAFE', 'LEFT')",ESCAPE,DOWN,4,UNAVAILABLE,UNSAFE,LEFT,-2.4517102,-2.2486062,3.1487594,-1.6063339,-2.8927102,-1.9019,DOWN,3.1487594
"('NONE', 'NONE', 0, 'UNAVAILABLE', 'NECESSARY', 'DOWN')",NONE,NONE,0,UNAVAILABLE,NECESSARY,DOWN,-5.912195,-0.7461789,-0.023099348,0.03294754,2.470318,-0.029997118,WAIT,2.470318
"('BOMBING', 'HERE', 8, 'GOOD_HIGH', 'UNNECESSARY', 'RIGHT')",BOMBING,HERE,8,GOOD_HIGH,UNNECESSARY,RIGHT,-0.2549965,-0.18322448,-0.45855138,0.21021219,-0.11824175,1.6057707,BOMB,1.6057707
"('BOMBING', 'HERE', 8, 'GOOD_HIGH', 'UNNECESSARY', 'DOWN')",BOMBING,HERE,8,GOOD_HIGH,UNNECESSARY,DOWN,-0.1919,-0.101,-0.101,-0.0209,-0.051,0.40475717,BOMB,0.40475717
"('BOMBING', 'HERE', 8, 'GOOD_HIGH', 'UNNECESSARY', 'WAIT')",BOMBING,HERE,8,GOOD_HIGH,UNNECESSARY,WAIT,-0.101,-0.10203707,-0.101,-0.011,-0.09715532,0.6997869,BOMB,0.6997869
"('BOMBING', 'HERE', 8, 'GOOD_HIGH', 'UNNECESSARY', 'UP')",BOMBING,HERE,8,GOOD_HIGH,UNNECESSARY,UP,-0.101,-0.10125929,-0.101,-0.011,-0.051,0.47128993,BOMB,0.47128993
"('ESCAPE', 'LEFT', 8, 'UNAVAILABLE', 'UNNECESSARY', 'UP')",ESCAPE,LEFT,8,UNAVAILABLE,UNNECESSARY,UP,-0.07763671,0.21244791,-0.9249437,1.4454477,0.08331508,0.1519289,LEFT,1.4454477
"('ESCAPE', 'LEFT', 8, 'UNAVAILABLE', 'UNSAFE', 'WAIT')",ESCAPE,LEFT,8,UNAVAILABLE,UNSAFE,WAIT,-3.8867412,-2.8848124,-0.19109,1.4378434,-0.8356981,-0.7254622,LEFT,1.4378434
"('BOMBING', 'DOWN', 12, 'UNSAFE', 'UNNECESSARY', 'NONE')",BOMBING,DOWN,12,UNSAFE,UNNECESSARY,NONE,-0.101,-0.190361,1.188436,0.09588029,-0.13598797,-0.518271,DOWN,1.188436
"('BOMBING', 'DOWN', 12, 'UNSAFE', 'UNNECESSARY', 'WAIT')",BOMBING,DOWN,12,UNSAFE,UNNECESSARY,WAIT,0.0,0.0,0.12031964,0.0,0.0,0.0,DOWN,0.12031964
"('ESCAPE', 'DOWN', 4, 'UNAVAILABLE', 'UNNECESSARY', 'LEFT')",ESCAPE,DOWN,4,UNAVAILABLE,UNNECESSARY,LEFT,-0.1919,-0.25452748,2.1705282,0.019769296,-0.028511241,-0.13171382,DOWN,2.1705282
"('ESCAPE', 'DOWN', 4, 'UNAVAILABLE', 'UNSAFE', 'BOMB')",ESCAPE,DOWN,4,UNAVAILABLE,UNSAFE,BOMB,-2.9183176,-1.6853336,2.278401,-3.0800958,-1.0495113,-0.8135865,DOWN,2.278401
"('ESCAPE', 'UP', 1, 'UNAVAILABLE', 'UNNECESSARY', 'RIGHT')",ESCAPE,UP,1,UNAVAILABLE,UNNECESSARY,RIGHT,-0.48052374,-0.5293801,-0.48718122,-1.3137614,-0.4520197,0.24920519,BOMB,0.24920519
"('NONE', 'NONE', 4, 'UNAVAILABLE', 'UNNECESSARY', 'UP')",NONE,NONE,4,UNAVAILABLE,UNNECESSARY,UP,-1.1573603,-0.101,0.12948938,-0.036960803,-0.11179468,-0.27612418,DOWN,0.12948938
"('NONE', 'NONE', 0, 'UNAVAILABLE', 'NECESSARY', 'RIGHT')",NONE,NONE,0,UNAVAILABLE,NECESSARY,RIGHT,-0.14820266,0.08492617,0.65740913,-1.8819,3.006173,0.58038366,WAIT,3.006173
"('COIN', 'DOWN', 0, 'UNAVAILABLE', 'NECESSARY', 'BOMB')",COIN,DOWN,0,UNAVAILABLE,NECESSARY,BOMB,-0.101,-0.101,-1.201,-0.101,0.092364565,-0.101,WAIT,0.092364565
"('COIN', 'DOWN', 4, 'UNAVAILABLE', 'UNNECESSARY', 'LEFT')",COIN,DOWN,4,UNAVAILABLE,UNNECESSARY,LEFT,0.0,-0.10038845,0.4980283,-0.101,-0.0488049,-0.101,DOWN,0.4980283
"('COIN', 'DOWN', 4, 'GOOD_HIGH', 'UNNECESSARY', 'BOMB')",COIN,DOWN,4,GOOD_HIGH,UNNECESSARY,BOMB,-0.101,0.0,0.17972052,0.0,0.0,0.0,DOWN,0.17972052
"('COIN', 'DOWN', 4, 'GOOD_HIGH', 'UNNECESSARY', 'UP')",COIN,DOWN,4,GOOD_HIGH,UNNECESSARY,UP,-0.08015219,-0.14875214,0.0,-0.101,-0.09411441,1.2300602,BOMB,1.2300602
"('COIN', 'DOWN', 4, 'GOOD_HIGH', 'UNNECESSARY', 'WAIT')",COIN,DOWN,4,GOOD_HIGH,UNNECESSARY,WAIT,0.0,0.0,0.35359728,0.0,-0.051,0.0,DOWN,0.35359728
"('COIN', 'LEFT', 9, 'GOOD_HIGH', 'UNNECESSARY', 'DOWN')",COIN,LEFT,9,GOOD_HIGH,UNNECESSARY,DOWN,0.0410271,-0.101,-0.05407918,1.6398826,-0.12598601,0.1627038,LEFT,1.6398826
"('COIN', 'LEFT', 9, 'GOOD_HIGH', 'UNNECESSARY', 'RIGHT')",COIN,LEFT,9,GOOD_HIGH,UNNECESSARY,RIGHT,0.0,-0.101,-0.101,0.8094064,0.0,0.0,LEFT,0.8094064
"('COIN', 'LEFT', 9, 'GOOD_HIGH', 'UNNECESSARY', 'WAIT')",COIN,LEFT,9,GOOD_HIGH,UNNECESSARY,WAIT,0.0,0.0,0.0,0.2756462,-0.051,0.0,LEFT,0.2756462
"('COIN', 'LEFT', 10, 'USELESS', 'UNNECESSARY', 'LEFT')",COIN,LEFT,10,USELESS,UNNECESSARY,LEFT,-0.0037979893,0.46537197,-3.9055943e-05,1.6570048,0.25143477,-0.10498948,LEFT,1.6570048
"('COIN', 'LEFT', 10, 'USELESS', 'UNNECESSARY', 'UP')",COIN,LEFT,10,USELESS,UNNECESSARY,UP,-0.101,0.0,-0.101,1.4317697,-0.051,-0.151,LEFT,1.4317697
"('ESCAPE', 'RIGHT', 10, 'UNAVAILABLE', 'UNNECESSARY', 'BOMB')",ESCAPE,RIGHT,10,UNAVAILABLE,UNNECESSARY,BOMB,-0.09030807,0.261527,0.10646291,1.5019363,0.45018017,0.16465941,LEFT,1.5019363
"('ESCAPE', 'UP', 1, 'UNAVAILABLE', 'UNSAFE', 'DOWN')",ESCAPE,UP,1,UNAVAILABLE,UNSAFE,DOWN,1.9595686,-4.5101323,-2.7379959,-3.1765442,-0.09109,-2.1534548,UP,1.9595686
"('BOMBING', 'UP', 1, 'GOOD_HIGH', 'UNNECESSARY', 'DOWN')",BOMBING,UP,1,GOOD_HIGH,UNNECESSARY,DOWN,-0.016,-0.3361282,-0.101,-0.101,-0.12891369,1.2973186,BOMB,1.2973186
"('BOMBING', 'UP', 1, 'GOOD_HIGH', 'UNNECESSARY', 'LEFT')",BOMBING,UP,1,GOOD_HIGH,UNNECESSARY,LEFT,0.26343256,0.0,-0.17817202,0.0,0.0,0.0,UP,0.26343256
"('BOMBING', 'UP', 1, 'GOOD_HIGH', 'UNNECESSARY', 'WAIT')",BOMBING,UP,1,GOOD_HIGH,UNNECESSARY,WAIT,0.30936995,-0.101,-0.101,0.0,-0.051,-0.001171,UP,0.30936995
"('ESCAPE', 'UP', 1, 'UNAVAILABLE', 'UNSAFE', 'LEFT')",ESCAPE,UP,1,UNAVAILABLE,UNSAFE,LEFT,2.2571623,-3.931469,-5.5445857,-4.79018,-1.191081,-3.16571,UP,2.2571623
"('BOMBING', 'UP', 5, 'GOOD_LOW', 'UNNECESSARY', 'UP')",BOMBING,UP,5,GOOD_LOW,UNNECESSARY,UP,1.1845863,-0.1919,-0.05008411,-0.17283547,-0.1426442,0.71213955,UP,1.1845863
"('BOMBING', 'UP', 5, 'GOOD_LOW', 'UNNECESSARY', 'LEFT')",BOMBING,UP,5,GOOD_LOW,UNNECESSARY,LEFT,0.0,0.0,-0.011,-0.101,-0.049461,0.4165105,BOMB,0.4165105
"('BOMBING', 'RIGHT', 2, 'GOOD_HIGH', 'UNNECESSARY', 'LEFT')",BOMBING,RIGHT,2,GOOD_HIGH,UNNECESSARY,LEFT,-0.101,-0.0304,-0.101,-0.101,-0.093797304,1.4443631,BOMB,1.4443631
"('BOMBING', 'DOWN', 6, 'UNSAFE', 'UNNECESSARY', 'UP')",BOMBING,DOWN,6,UNSAFE,UNNECESSARY,UP,-0.101,-0.01109,0.088542506,-0.0994464,-0.04133953,-0.60675704,DOWN,0.088542506
"('ESCAPE', 'LEFT', 8, 'UNAVAILABLE', 'UNNECESSARY', 'RIGHT')",ESCAPE,LEFT,8,UNAVAILABLE,UNNECESSARY,RIGHT,-0.1919,-0.040385053,-0.02646551,0.97015995,-0.13821,-0.073285,LEFT,0.97015995
"('BOMBING', 'DOWN', 5, 'GOOD_LOW', 'UNNECESSARY', 'DOWN')",BOMBING,DOWN,5,GOOD_LOW,UNNECESSARY,DOWN,0.006273411,-0.30983,1.1705912,-0.2363218,-0.030632239,0.5778879,DOWN,1.1705912
"('BOMBING', 'HERE', 1, 'UNAVAILABLE', 'UNNECESSARY', 'DOWN')",BOMBING,HERE,1,UNAVAILABLE,UNNECESSARY,DOWN,0.6606938,-0.09935375,-0.10927477,-0.101,-0.08225614,-0.101,UP,0.6606938
"('ESCAPE', 'LEFT', 8, 'UNAVAILABLE', 'UNSAFE', 'UP')",ESCAPE,LEFT,8,UNAVAILABLE,UNSAFE,UP,-1.4170057,-2.4453452,-0.12614818,2.063049,-2.82271,-1.4976411,LEFT,2.063049
"('NONE', 'NONE', 0, 'UNAVAILABLE', 'NECESSARY', 'WAIT')",NONE,NONE,0,UNAVAILABLE,NECESSARY,WAIT,-1.1819,-0.3246785,-0.75148326,-0.22816336,1.0306439,-0.06599321,WAIT,1.0306439
"('BOMBING', 'DOWN', 4, 'UNAVAILABLE', 'UNNECESSARY', 'BOMB')",BOMBING,DOWN,4,UNAVAILABLE,UNNECESSARY,BOMB,-1.201,-0.101,1.1540397,0.0,-0.057017334,-0.03825988,DOWN,1.1540397
"('BOMBING', 'DOWN', 4, 'GOOD_LOW', 'UNNECESSARY', 'RIGHT')",BOMBING,DOWN,4,GOOD_LOW,UNNECESSARY,RIGHT,-0.101,0.0,0.1247764,0.0,-0.051,0.0,DOWN,0.1247764
"('BOMBING', 'DOWN', 4, 'GOOD_LOW', 'UNNECESSARY', 'WAIT')",BOMBING,DOWN,4,GOOD_LOW,UNNECESSARY,WAIT,0.0,0.0,0.0,-0.101,0.0,0.194172,BOMB,0.194172
"('BOMBING', 'DOWN', 4, 'GOOD_LOW', 'UNNECESSARY', 'LEFT')",BOMBING,DOWN,4,GOOD_LOW,UNNECESSARY,LEFT,0.0,0.0,0.017099999,-0.101,0.0,0.0,DOWN,0.017099999
"('BOMBING', 'LEFT', 9, 'GOOD_LOW', 'UNNECESSARY', 'DOWN')",BOMBING,LEFT,9,GOOD_LOW,UNNECESSARY,DOWN,0.061716914,-0.101,0.0,0.09738398,0.0,1.4824724,BOMB,1.4824724
"('BOMBING', 'DOWN', 4, 'GOOD_LOW', 'UNNECESSARY', 'UP')",BOMBING,DOWN,4,GOOD_LOW,UNNECESSARY,UP,-0.101,-0.1919,-0.014128838,-0.10019,-0.051,1.640979,BOMB,1.640979
"('BOMBING', 'RIGHT', 8, 'UNAVAILABLE', 'UNNECESSARY', 'LEFT')",BOMBING,RIGHT,8,UNAVAILABLE,UNNECESSARY,LEFT,0.05580686,-4.179405,0.5141306,0.7922266,2.3039117,0.32993773,WAIT,2.3039117
"('BOMBING', 'RIGHT', 3, 'GOOD_HIGH', 'UNNECESSARY', 'DOWN')",BOMBING,RIGHT,3,GOOD_HIGH,UNNECESSARY,DOWN,0.0,1.0463197,-0.15435946,-0.0033160076,-0.051,0.19448845,RIGHT,1.0463197
"('BOMBING', 'RIGHT', 3, 'GOOD_HIGH', 'UNNECESSARY', 'LEFT')",BOMBING,RIGHT,3,GOOD_HIGH,UNNECESSARY,LEFT,-0.011,-0.0033365202,-0.101,-0.101,-0.051,1.7073226,BOMB,1.7073226
"('BOMBING', 'RIGHT', 10, 'USELESS', 'UNNECESSARY', 'RIGHT')",BOMBING,RIGHT,10,USELESS,UNNECESSARY,RIGHT,-0.3472038,1.084965,-0.26035544,0.33528966,0.13118273,-0.16833502,RIGHT,1.084965
"('BOMBING', 'RIGHT', 10, 'USELESS', 'UNNECESSARY', 'LEFT')",BOMBING,RIGHT,10,USELESS,UNNECESSARY,LEFT,-0.33767837,0.16398358,-0.14697278,0.6115171,-0.19640744,-0.23760703,LEFT,0.6115171
"('BOMBING', 'RIGHT', 10, 'GOOD_HIGH', 'UNNECESSARY', 'WAIT')",BOMBING,RIGHT,10,GOOD_HIGH,UNNECESSARY,WAIT,0.0,0.2899277,0.0,0.0,0.0,-0.001,RIGHT,0.2899277
"('NONE', 'NONE', 0, 'UNAVAILABLE', 'NECESSARY', 'UP')",NONE,NONE,0,UNAVAILABLE,NECESSARY,UP,-0.64901423,0.094075255,-3.3657389,-0.056945607,3.2712145,-0.48402834,WAIT,3.2712145
"('COIN', 'DOWN', 4, 'UNAVAILABLE', 'UNNECESSARY', 'BOMB')",COIN,DOWN,4,UNAVAILABLE,UNNECESSARY,BOMB,-0.101,-0.09726221,1.0771297,-0.101,-0.049461,-0.101,DOWN,1.0771297
"('COIN', 'DOWN', 4, 'GOOD_HIGH', 'UNNECESSARY', 'LEFT')",COIN,DOWN,4,GOOD_HIGH,UNNECESSARY,LEFT,0.0,-0.101,0.0,0.0,-0.05019,0.3311451,BOMB,0.3311451
"('COIN', 'DOWN', 4, 'GOOD_HIGH', 'UNNECESSARY', 'RIGHT')",COIN,DOWN,4,GOOD_HIGH,UNNECESSARY,RIGHT,0.0,0.0,0.0,-0.101,0.0,0.62731874,BOMB,0.62731874
"('COIN', 'RIGHT', 3, 'GOOD_LOW', 'UNNECESSARY', 'DOWN')",COIN,RIGHT,3,GOOD_LOW,UNNECESSARY,DOWN,0.0,1.4565114,-0.101,-0.101,-0.04759844,0.09130087,RIGHT,1.4565114
"('ESCAPE', 'RIGHT', 2, 'UNAVAILABLE', 'UNNECESSARY', 'RIGHT')",ESCAPE,RIGHT,2,UNAVAILABLE,UNNECESSARY,RIGHT,0.41051117,0.04811871,0.25981107,-0.044754505,0.80918854,0.25678182,WAIT,0.80918854
"('ESCAPE', 'UP', 3, 'UNAVAILABLE', 'UNNECESSARY', 'RIGHT')",ESCAPE,UP,3,UNAVAILABLE,UNNECESSARY,RIGHT,0.46278012,1.8114451,-0.0028356882,-0.09704793,-0.23369402,-0.13454789,RIGHT,1.8114451
"('BOMBING', 'LEFT', 10, 'GOOD_LOW', 'UNNECESSARY', 'DOWN')",BOMBING,LEFT,10,GOOD_LOW,UNNECESSARY,DOWN,0.0,0.0,-0.10019,0.6732122,0.0,0.0,LEFT,0.6732122
"('BOMBING', 'HERE', 10, 'GOOD_HIGH', 'UNNECESSARY', 'LEFT')",BOMBING,HERE,10,GOOD_HIGH,UNNECESSARY,LEFT,-0.20866336,0.09752001,-0.2829539,0.33769995,0.053104457,1.523744,BOMB,1.523744
"('BOMBING', 'HERE', 10, 'GOOD_HIGH', 'UNNECESSARY', 'DOWN')",BOMBING,HERE,10,GOOD_HIGH,UNNECESSARY,DOWN,-0.101,-0.0209,-0.101,0.41874006,-0.051,-0.28725106,LEFT,0.41874006
"('BOMBING', 'LEFT', 10, 'GOOD_LOW', 'UNNECESSARY', 'RIGHT')",BOMBING,LEFT,10,GOOD_LOW,UNNECESSARY,RIGHT,-0.2205876,-0.02659522,-0.24895197,0.07551218,-0.11435882,1.5313187,BOMB,1.5313187
"('BOMBING', 'LEFT', 10, 'GOOD_LOW', 'UNNECESSARY', 'WAIT')",BOMBING,LEFT,10,GOOD_LOW,UNNECESSARY,WAIT,0.0,0.0,0.0,0.42192674,0.0,0.0,LEFT,0.42192674
"('BOMBING', 'HERE', 10, 'GOOD_HIGH', 'UNNECESSARY', 'UP')",BOMBING,HERE,10,GOOD_HIGH,UNNECESSARY,UP,-0.101,-0.011,-0.101,-0.017034682,-0.0969,0.70697296,BOMB,0.70697296
"('BOMBING', 'UP', 1, 'GOOD_HIGH', 'UNNECESSARY', 'RIGHT')",BOMBING,UP,1,GOOD_HIGH,UNNECESSARY,RIGHT,0.23073325,-0.101,-0.100960195,0.0,-0.051,-0.0009864895,UP,0.23073325
"('ESCAPE', 'RIGHT', 2, 'UNAVAILABLE', 'UNSAFE', 'LEFT')",ESCAPE,RIGHT,2,UNAVAILABLE,UNSAFE,LEFT,-4.827786,4.2070436,-2.79371,-4.492788,-1.101,-3.423439,RIGHT,4.2070436
"('NONE', 'NONE', 0, 'UNAVAILABLE', 'NECESSARY', 'BOMB')",NONE,NONE,0,UNAVAILABLE,NECESSARY,BOMB,-0.18024932,-0.101,-0.901,-1.0666391,0.77790964,-0.101,WAIT,0.77790964
"('BOMBING', 'LEFT', 9, 'GOOD_HIGH', 'UNNECESSARY', 'NONE')",BOMBING,LEFT,9,GOOD_HIGH,UNNECESSARY,NONE,0.0,0.0,0.0,1.0878296,0.0,0.0,LEFT,1.0878296
"('BOMBING', 'HERE', 3, 'GOOD_HIGH', 'UNNECESSARY', 'LEFT')",BOMBING,HERE,3,GOOD_HIGH,UNNECESSARY,LEFT,0.06982873,-0.016135294,-0.101,-0.05927779,-0.0969,1.1707929,BOMB,1.1707929
"('BOMBING', 'HERE', 3, 'GOOD_HIGH', 'UNNECESSARY', 'DOWN')",BOMBING,HERE,3,GOOD_HIGH,UNNECESSARY,DOWN,-0.036,0.096489444,-0.12336222,-0.101,-0.0969,1.5131515,BOMB,1.5131515
"('BOMBING', 'HERE', 3, 'GOOD_HIGH', 'UNNECESSARY', 'WAIT')",BOMBING,HERE,3,GOOD_HIGH,UNNECESSARY,WAIT,-0.011,-0.011,-0.101,-0.101,-0.051,0.13864964,BOMB,0.13864964
"('BOMBING', 'LEFT', 10, 'GOOD_HIGH', 'UNNECESSARY', 'RIGHT')",BOMBING,LEFT,10,GOOD_HIGH,UNNECESSARY,RIGHT,-0.10019,0.100376,-0.20758675,0.14813502,-0.051,1.801471,BOMB,1.801471
"('BOMBING', 'HERE', 8, 'UNAVAILABLE', 'UNNECESSARY', 'UP')",BOMBING,HERE,8,UNAVAILABLE,UNNECESSARY,UP,-0.07541498,-0.042682003,-0.10035786,0.9162923,-0.029187778,-0.101,LEFT,0.9162923
"('BOMBING', 'HERE', 8, 'GOOD_HIGH', 'UNNECESSARY', 'BOMB')",BOMBING,HERE,8,GOOD_HIGH,UNNECESSARY,BOMB,0.0,0.0,-0.101,-0.009461001,-0.05125531,0.20151201,BOMB,0.20151201
"('ESCAPE', 'DOWN', 4, 'UNAVAILABLE', 'UNSAFE', 'UP')",ESCAPE,DOWN,4,UNAVAILABLE,UNSAFE,UP,-3.4600327,-3.427598,3.8421998,-1.9019,-2.9050603,-1.101,DOWN,3.8421998
"('BOMBING', 'LEFT', 8, 'UNAVAILABLE', 'UNNECESSARY', 'WAIT')",BOMBING,LEFT,8,UNAVAILABLE,UNNECESSARY,WAIT,-0.10429116,0.0,-0.098042876,1.1984503,-0.0649713,-0.1919,LEFT,1.1984503
"('BOMBING', 'DOWN', 6, 'GOOD_HIGH', 'UNNECESSARY', 'LEFT')",BOMBING,DOWN,6,GOOD_HIGH,UNNECESSARY,LEFT,-0.12320419,-0.03609,1.0322366,-0.10171555,-0.0969,0.12760559,DOWN,1.0322366
"('BOMBING', 'HERE', 8, 'UNAVAILABLE', 'UNNECESSARY', 'BOMB')",BOMBING,HERE,8,UNAVAILABLE,UNNECESSARY,BOMB,-0.18230544,-0.10045217,-0.10114151,0.88197756,-0.051159687,-0.101,LEFT,0.88197756
"('BOMBING', 'DOWN', 6, 'GOOD_HIGH', 'UNNECESSARY', 'WAIT')",BOMBING,DOWN,6,GOOD_HIGH,UNNECESSARY,WAIT,0.0,-0.011345312,0.019996032,0.0,0.0,0.0,DOWN,0.019996032
"('BOMBING', 'DOWN', 5, 'UNAVAILABLE', 'UNNECESSARY', 'DOWN')",BOMBING,DOWN,5,UNAVAILABLE,UNNECESSARY,DOWN,0.059538856,-0.22751558,1.0954859,-0.41217694,-0.038462367,-0.38623878,DOWN,1.0954859
"('BOMBING', 'DOWN', 4, 'UNAVAILABLE', 'UNNECESSARY', 'RIGHT')",BOMBING,DOWN,4,UNAVAILABLE,UNNECESSARY,RIGHT,-0.097666815,-0.101,1.0721881,-1.201,0.0,-0.030709997,DOWN,1.0721881
"('BOMBING', 'LEFT', 8, 'UNAVAILABLE', 'UNNECESSARY', 'RIGHT')",BOMBING,LEFT,8,UNAVAILABLE,UNNECESSARY,RIGHT,-0.101,-1.1289346,-0.19109,1.1852055,-0.05019,-0.101,LEFT,1.1852055
"('BOMBING', 'LEFT', 8, 'GOOD_HIGH', 'UNNECESSARY', 'UP')",BOMBING,LEFT,8,GOOD_HIGH,UNNECESSARY,UP,-0.101,-0.101,0.0,0.083660215,0.0,-0.0015125795,LEFT,0.083660215
"('BOMBING', 'LEFT', 8, 'GOOD_HIGH', 'UNNECESSARY', 'DOWN')",BOMBING,LEFT,8,GOOD_HIGH,UNNECESSARY,DOWN,0.0,-0.101,0.0,0.23441711,-0.051,-0.001368559,LEFT,0.23441711
"('BOMBING', 'RIGHT', 10, 'GOOD_LOW', 'UNNECESSARY', 'RIGHT')",BOMBING,RIGHT,10,GOOD_LOW,UNNECESSARY,RIGHT,-0.26283702,1.2847266,-0.17251301,-0.0043488406,-0.064282894,0.7002053,RIGHT,1.2847266
"('ESCAPE', 'LEFT', 8, 'UNAVAILABLE', 'UNNECESSARY', 'LEFT')",ESCAPE,LEFT,8,UNAVAILABLE,UNNECESSARY,LEFT,0.5959939,0.17069168,0.29952785,1.85385,0.5242949,0.4441381,LEFT,1.85385
"('NONE', 'NONE', 8, 'UNAVAILABLE', 'UNNECESSARY', 'RIGHT')",NONE,NONE,8,UNAVAILABLE,UNNECESSARY,RIGHT,0.012413103,-0.08710838,0.111705944,3.0385637,-0.07578555,-0.18212971,LEFT,3.0385637
"('COIN', 'LEFT', 0, 'UNAVAILABLE', 'NECESSARY', 'BOMB')",COIN,LEFT,0,UNAVAILABLE,NECESSARY,BOMB,-0.101,-0.101,-0.1919,-2.2819,1.1495985,-0.101,WAIT,1.1495985
"('COIN', 'LEFT', 8, 'UNAVAILABLE', 'UNNECESSARY', 'WAIT')",COIN,LEFT,8,UNAVAILABLE,UNNECESSARY,WAIT,-0.08510047,0.0012347033,-0.15003549,1.3296667,-0.13465771,-0.20454581,LEFT,1.3296667
"('COIN', 'LEFT', 8, 'GOOD_HIGH', 'UNNECESSARY', 'WAIT')",COIN,LEFT,8,GOOD_HIGH,UNNECESSARY,WAIT,0.0,-0.101,0.0,0.53060013,0.0,-0.0027259176,LEFT,0.53060013
"('COIN', 'UP', 1, 'UNAVAILABLE', 'UNNECESSARY', 'UP')",COIN,UP,1,UNAVAILABLE,UNNECESSARY,UP,1.7864116,-0.24456167,-3.01171,0.011453909,0.35940796,-0.1919,UP,1.7864116
"('COIN', 'UP', 5, 'UNAVAILABLE', 'UNNECESSARY', 'UP')",COIN,UP,5,UNAVAILABLE,UNNECESSARY,UP,1.7668825,-0.0061742608,0.10491778,-0.068532184,-0.03954367,-0.08309,UP,1.7668825
"('BOMBING', 'HERE', 6, 'GOOD_HIGH', 'UNNECESSARY', 'UP')",BOMBING,HERE,6,GOOD_HIGH,UNNECESSARY,UP,0.0,-0.011,0.0,0.0,-0.050030895,1.3083522,BOMB,1.3083522
"('BOMBING', 'HERE', 6, 'GOOD_HIGH', 'UNNECESSARY', 'WAIT')",BOMBING,HERE,6,GOOD_HIGH,UNNECESSARY,WAIT,-0.101,-0.011,0.21529995,-0.101,0.0,0.0,DOWN,0.21529995
"('BOMBING', 'LEFT', 8, 'GOOD_HIGH', 'UNNECESSARY', 'WAIT')",BOMBING,LEFT,8,GOOD_HIGH,UNNECESSARY,WAIT,-0.101,0.0,-0.101,0.46616086,-0.051,-0.00096214964,LEFT,0.46616086
"('BOMBING', 'UP', 4, 'UNAVAILABLE', 'UNNECESSARY', 'DOWN')",BOMBING,UP,4,UNAVAILABLE,UNNECESSARY,DOWN,-5.9845924,0.3195335,2.9533436,0.27437726,0.21030912,0.55961585,DOWN,2.9533436
"('BOMBING', 'UP', 5, 'UNAVAILABLE', 'UNNECESSARY', 'WAIT')",BOMBING,UP,5,UNAVAILABLE,UNNECESSARY,WAIT,0.9477957,-0.101,-0.011,-0.10087669,-0.051,-0.101,UP,0.9477957
"('BOMBING', 'UP', 5, 'GOOD_HIGH', 'UNNECESSARY', 'RIGHT')",BOMBING,UP,5,GOOD_HIGH,UNNECESSARY,RIGHT,0.46062437,0.0,-0.011,0.0,0.0,0.0,UP,0.46062437
"('BOMBING', 'HERE', 5, 'GOOD_HIGH', 'UNNECESSARY', 'DOWN')",BOMBING,HERE,5,GOOD_HIGH,UNNECESSARY,DOWN,-0.03324902,-0.28116822,-0.010960198,-0.20429239,-0.028467033,1.2410994,BOMB,1.2410994
"('BOMBING', 'HERE', 5, 'GOOD_HIGH', 'UNNECESSARY', 'LEFT')",BOMBING,HERE,5,GOOD_HIGH,UNNECESSARY,LEFT,-0.011,-0.1919,-0.011,-0.101,-0.041967787,0.9829709,BOMB,0.9829709
"('BOMBING', 'UP', 5, 'USELESS', 'UNNECESSARY', 'DOWN')",BOMBING,UP,5,USELESS,UNNECESSARY,DOWN,0.69790924,-0.17881013,-0.058184475,-0.20632452,0.024027243,-0.11758537,UP,0.69790924
"('BOMBING', 'HERE', 5, 'GOOD_HIGH', 'UNNECESSARY', 'UP')",BOMBING,HERE,5,GOOD_HIGH,UNNECESSARY,UP,0.44096103,-0.10301748,0.08588764,-0.27279,0.092702806,1.2808373,BOMB,1.2808373
"('COIN', 'DOWN', 5, 'USELESS', 'UNNECESSARY', 'DOWN')",COIN,DOWN,5,USELESS,UNNECESSARY,DOWN,0.37243545,-0.1804604,1.575532,-0.08001128,0.3736564,-0.18479407,DOWN,1.575532
"('COIN', 'DOWN', 5, 'GOOD_HIGH', 'UNNECESSARY', 'UP')",COIN,DOWN,5,GOOD_HIGH,UNNECESSARY,UP,-0.011,-0.101,0.0,0.0,-0.051,1.3383638,BOMB,1.3383638
"('COIN', 'DOWN', 5, 'GOOD_HIGH', 'UNNECESSARY', 'WAIT')",COIN,DOWN,5,GOOD_HIGH,UNNECESSARY,WAIT,-0.011,-0.101,0.117459245,-0.10019,-0.051,-0.0012439,DOWN,0.117459245
"('COIN', 'DOWN', 5, 'GOOD_HIGH', 'UNNECESSARY', 'RIGHT')",COIN,DOWN,5,GOOD_HIGH,UNNECESSARY,RIGHT,0.0,-0.101,1.0777085,-0.101,-0.051,-0.001,DOWN,1.0777085
"('ESCAPE', 'UP', 5, 'UNAVAILABLE', 'UNNECESSARY', 'BOMB')",ESCAPE,UP,5,UNAVAILABLE,UNNECESSARY,BOMB,1.3380678,0.17127141,0.22838736,0.35070127,0.33426243,0.32066256,UP,1.3380678
"('ESCAPE', 'UP', 5, 'UNAVAILABLE', 'UNSAFE', 'BOMB')",ESCAPE,UP,5,UNAVAILABLE,UNSAFE,BOMB,-0.21160576,-0.47836947,1.9740481,-0.42144245,-0.6942533,-0.6946594,DOWN,1.9740481
"('BOMBING', 'HERE', 4, 'UNAVAILABLE', 'UNNECESSARY', 'RIGHT')",BOMBING,HERE,4,UNAVAILABLE,UNNECESSARY,RIGHT,-1.2921333,-0.08722032,0.32880768,-0.101,-0.047517423,-0.101,DOWN,0.32880768
"('ESCAPE', 'LEFT', 8, 'UNAVAILABLE', 'UNNECESSARY', 'WAIT')",ESCAPE,LEFT,8,UNAVAILABLE,UNNECESSARY,WAIT,-0.39081776,-1.2883044,-0.41068625,0.53551376,-0.39480317,-0.3990953,LEFT,0.53551376
"('BOMBING', 'LEFT', 8, 'UNAVAILABLE', 'UNNECESSARY', 'UP')",BOMBING,LEFT,8,UNAVAILABLE,UNNECESSARY,UP,0.0,0.0,0.0,1.0174905,0.0,0.0,LEFT,1.0174905
"('BOMBING', 'LEFT', 10, 'UNAVAILABLE', 'UNNECESSARY', 'LEFT')",BOMBING,LEFT,10,UNAVAILABLE,UNNECESSARY,LEFT,-0.106648095,0.311112,-0.08797024,1.0222279,0.22554159,-0.14329758,LEFT,1.0222279
"('BOMBING', 'LEFT', 10, 'GOOD_LOW', 'UNNECESSARY', 'BOMB')",BOMBING,LEFT,10,GOOD_LOW,UNNECESSARY,BOMB,-0.101,0.0,0.0,0.0,-0.049461,0.22466642,BOMB,0.22466642
"('BOMBING', 'RIGHT', 2, 'GOOD_LOW', 'UNNECESSARY', 'LEFT')",BOMBING,RIGHT,2,GOOD_LOW,UNNECESSARY,LEFT,0.0,-0.014461,-0.09908564,-0.101,-0.051,1.473309,BOMB,1.473309
"('BOMBING', 'RIGHT', 2, 'GOOD_LOW', 'UNNECESSARY', 'WAIT')",BOMBING,RIGHT,2,GOOD_LOW,UNNECESSARY,WAIT,-0.101,0.0,-0.101,0.041072257,0.0,0.0,LEFT,0.041072257
"('BOMBING', 'RIGHT', 2, 'GOOD_LOW', 'UNNECESSARY', 'DOWN')",BOMBING,RIGHT,2,GOOD_LOW,UNNECESSARY,DOWN,0.0,0.036509577,-0.101,0.0,0.0,-0.001,RIGHT,0.036509577
"('COIN', 'LEFT', 0, 'UNAVAILABLE', 'NECESSARY', 'RIGHT')",COIN,LEFT,0,UNAVAILABLE,NECESSARY,RIGHT,-0.08874333,0.40941325,0.08162389,-0.701,1.2403576,0.0,WAIT,1.2403576
"('COIN', 'LEFT', 8, 'UNAVAILABLE', 'UNNECESSARY', 'RIGHT')",COIN,LEFT,8,UNAVAILABLE,UNNECESSARY,RIGHT,-0.101,-1.0842721,-0.09871624,1.1667057,-0.04787649,-0.10109,LEFT,1.1667057
"('COIN', 'LEFT', 8, 'GOOD_HIGH', 'UNNECESSARY', 'UP')",COIN,LEFT,8,GOOD_HIGH,UNNECESSARY,UP,0.0,-0.101,-0.10019,0.13382639,0.0,-0.0003960327,LEFT,0.13382639
"('COIN', 'LEFT', 8, 'GOOD_HIGH', 'UNNECESSARY', 'RIGHT')",COIN,LEFT,8,GOOD_HIGH,UNNECESSARY,RIGHT,-0.1919,-0.18132982,-0.10019,1.02148,-0.051,-0.13026784,LEFT,1.02148
"('COIN', 'UP', 3, 'GOOD_LOW', 'UNNECESSARY', 'LEFT')",COIN,UP,3,GOOD_LOW,UNNECESSARY,LEFT,0.0,0.0,-0.101,-0.101,0.0,1.3403801,BOMB,1.3403801
"('COIN', 'UP', 3, 'GOOD_LOW', 'UNNECESSARY', 'DOWN')",COIN,UP,3,GOOD_LOW,UNNECESSARY,DOWN,0.06610466,0.0,-0.101,0.0,-0.051,0.70328516,BOMB,0.70328516
"('COIN', 'UP', 3, 'GOOD_LOW', 'UNNECESSARY', 'WAIT')",COIN,UP,3,GOOD_LOW,UNNECESSARY,WAIT,0.0,0.0,-0.101,0.0,0.0,0.0,UP,0.0
"('COIN', 'UP', 5, 'USELESS', 'UNNECESSARY', 'UP')",COIN,UP,5,USELESS,UNNECESSARY,UP,1.6499606,-0.04702522,0.48893917,-0.13082826,0.48822957,-0.2937347,UP,1.6499606
"('ESCAPE', 'UP', 5, 'UNAVAILABLE', 'UNNECESSARY', 'RIGHT')",ESCAPE,UP,5,UNAVAILABLE,UNNECESSARY,RIGHT,0.23606119,0.26348975,0.8541604,-0.39029056,0.38385648,0.19177088,DOWN,0.8541604
"('ESCAPE', 'UP', 5, 'UNAVAILABLE', 'UNSAFE', 'LEFT')",ESCAPE,UP,5,UNAVAILABLE,UNSAFE,LEFT,0.59399164,-3.9755976,3.803699,-4.019515,-3.3854752,-3.7741392,DOWN,3.803699
"('ESCAPE', 'RIGHT', 2, 'UNAVAILABLE', 'UNSAFE', 'UP')",ESCAPE,RIGHT,2,UNAVAILABLE,UNSAFE,UP,-2.5803082,2.787402,-1.4479152,-2.7227836,-3.0647101,-2.3955417,RIGHT,2.787402
"('BOMBING', 'RIGHT', 6, 'GOOD_HIGH', 'UNNECESSARY', 'NONE')",BOMBING,RIGHT,6,GOOD_HIGH,UNNECESSARY,NONE,-0.101,1.1350164,-0.011,0.0,-0.051,-0.001,RIGHT,1.1350164
"('BOMBING', 'RIGHT', 10, 'UNAVAILABLE', 'UNNECESSARY', 'RIGHT')",BOMBING,RIGHT,10,UNAVAILABLE,UNNECESSARY,RIGHT,-0.30100858,1.096855,-0.22973852,0.12065117,-0.09300605,-0.4189037,RIGHT,1.096855
"('BOMBING', 'RIGHT', 2, 'UNAVAILABLE', 'UNNECESSARY', 'WAIT')",BOMBING,RIGHT,2,UNAVAILABLE,UNNECESSARY,WAIT,-0.27289388,1.0160385,-0.17958145,-1.1791149,-0.039222516,-0.29792362,RIGHT,1.0160385
"('COIN', 'LEFT', 2, 'UNAVAILABLE', 'UNNECESSARY', 'WAIT')",COIN,LEFT,2,UNAVAILABLE,UNNECESSARY,WAIT,-0.101,1.0971688,-0.14461681,-3.25471,-0.12757953,-0.16216244,RIGHT,1.0971688
"('COIN', 'LEFT', 10, 'UNAVAILABLE', 'UNNECESSARY', 'UP')",COIN,LEFT,10,UNAVAILABLE,UNNECESSARY,UP,0.0,0.0,-0.016589401,1.2820597,0.0,0.0,LEFT,1.2820597
"('COIN', 'DOWN', 6, 'USELESS', 'UNNECESSARY', 'LEFT')",COIN,DOWN,6,USELESS,UNNECESSARY,LEFT,-0.101,0.016452573,1.5771521,-0.101,-0.051,-0.03922056,DOWN,1.5771521
"('COIN', 'DOWN', 6, 'USELESS', 'UNNECESSARY', 'WAIT')",COIN,DOWN,6,USELESS,UNNECESSARY,WAIT,0.0,-0.011,0.0,-0.101,0.0,0.0,UP,0.0
"('COIN', 'DOWN', 6, 'USELESS', 'UNNECESSARY', 'UP')",COIN,DOWN,6,USELESS,UNNECESSARY,UP,0.0,0.0,0.0,0.02755153,-0.051,-0.151,LEFT,0.02755153
"('COIN', 'LEFT', 10, 'USELESS', 'UNNECESSARY', 'RIGHT')",COIN,LEFT,10,USELESS,UNNECESSARY,RIGHT,-0.09476352,0.9708751,-0.28504112,0.34549493,0.118458256,-0.21615005,RIGHT,0.9708751
"('COIN', 'LEFT', 14, 'GOOD_HIGH', 'UNNECESSARY', 'RIGHT')",COIN,LEFT,14,GOOD_HIGH,UNNECESSARY,RIGHT,-0.04988607,0.0,1.0681654,-0.016,-0.057294566,0.0,DOWN,1.0681654
"('COIN', 'LEFT', 10, 'USELESS', 'UNNECESSARY', 'DOWN')",COIN,LEFT,10,USELESS,UNNECESSARY,DOWN,-0.101,-0.011,0.0,1.3863565,-0.030439809,-0.151,LEFT,1.3863565
"('COIN', 'LEFT', 14, 'GOOD_HIGH', 'UNNECESSARY', 'WAIT')",COIN,LEFT,14,GOOD_HIGH,UNNECESSARY,WAIT,0.0,0.0,-0.011,0.0,0.0,0.48444277,BOMB,0.48444277
"('COIN', 'UP', 1, 'GOOD_HIGH', 'UNNECESSARY', 'DOWN')",COIN,UP,1,GOOD_HIGH,UNNECESSARY,DOWN,-0.016,-0.1919,-0.101,-0.1897049,-0.051,1.328873,BOMB,1.328873
"('COIN', 'UP', 1, 'GOOD_HIGH', 'UNNECESSARY', 'LEFT')",COIN,UP,1,GOOD_HIGH,UNNECESSARY,LEFT,0.3161611,-0.10085503,-0.08122486,-0.101,-0.04056634,-0.0005947972,UP,0.3161611
"('ESCAPE', 'RIGHT', 10, 'UNAVAILABLE', 'UNNECESSARY', 'UP')",ESCAPE,RIGHT,10,UNAVAILABLE,UNNECESSARY,UP,0.07778932,1.6971505,-0.95278436,0.7260417,0.45494092,-0.023914633,RIGHT,1.6971505
"('COIN', 'LEFT', 10, 'UNAVAILABLE', 'UNNECESSARY', 'LEFT')",COIN,LEFT,10,UNAVAILABLE,UNNECESSARY,LEFT,-0.09022729,0.22422129,-0.033027485,1.4470872,0.07452665,-0.14786124,LEFT,1.4470872
"('COIN', 'DOWN', 6, 'UNAVAILABLE', 'UNNECESSARY', 'LEFT')",COIN,DOWN,6,UNAVAILABLE,UNNECESSARY,LEFT,-0.101,-0.036,1.5716207,-0.08671669,0.0,0.0,DOWN,1.5716207
"('COIN', 'LEFT', 10, 'UNAVAILABLE', 'UNNECESSARY', 'RIGHT')",COIN,LEFT,10,UNAVAILABLE,UNNECESSARY,RIGHT,-0.18402123,0.2781186,-0.35181543,1.5315188,0.10908873,-0.50719076,LEFT,1.5315188
"('ESCAPE', 'DOWN', 4, 'UNAVAILABLE', 'UNSAFE', 'WAIT')",ESCAPE,DOWN,4,UNAVAILABLE,UNSAFE,WAIT,-1.7171099,-1.7921615,-1.5158687,-1.822125,-1.6996582,-1.5352503,DOWN,-1.5158687
"('NONE', 'NONE', 1, 'UNAVAILABLE', 'UNNECESSARY', 'DOWN')",NONE,NONE,1,UNAVAILABLE,UNNECESSARY,DOWN,2.1117988,-0.104699515,0.103387795,0.25843176,0.0076172985,-0.24176547,UP,2.1117988
"('NONE', 'NONE', 0, 'UNAVAILABLE', 'NECESSARY', 'LEFT')",NONE,NONE,0,UNAVAILABLE,NECESSARY,LEFT,-0.2067836,-4.721385,0.0579969,0.33409348,3.0473793,0.07758482,WAIT,3.0473793
"('BOMBING', 'UP', 1, 'UNAVAILABLE', 'UNNECESSARY', 'BOMB')",BOMBING,UP,1,UNAVAILABLE,UNNECESSARY,BOMB,0.8061575,-0.101,0.0,-0.10019,-0.051,-0.101,UP,0.8061575
"('BOMBING', 'LEFT', 12, 'GOOD_HIGH', 'UNNECESSARY', 'UP')",BOMBING,LEFT,12,GOOD_HIGH,UNNECESSARY,UP,-0.101,-0.15978883,0.09009926,0.9990237,-0.1051684,0.0,LEFT,0.9990237
"('BOMBING', 'LEFT', 12, 'GOOD_HIGH', 'UNNECESSARY', 'RIGHT')",BOMBING,LEFT,12,GOOD_HIGH,UNNECESSARY,RIGHT,-0.070801094,-0.101,-0.0062371306,-0.016,-0.051,0.69726354,BOMB,0.69726354
"('BOMBING', 'LEFT', 10, 'USELESS', 'UNNECESSARY', 'LEFT')",BOMBING,LEFT,10,USELESS,UNNECESSARY,LEFT,-0.24994676,0.05030378,-0.27334327,1.0447922,0.13070263,-0.2936198,LEFT,1.0447922
"('BOMBING', 'LEFT', 10, 'USELESS', 'UNNECESSARY', 'DOWN')",BOMBING,LEFT,10,USELESS,UNNECESSARY,DOWN,0.0,-0.011,-0.101,0.9911481,0.031973407,-0.151,LEFT,0.9911481
"('ESCAPE', 'LEFT', 8, 'UNAVAILABLE', 'UNSAFE', 'BOMB')",ESCAPE,LEFT,8,UNAVAILABLE,UNSAFE,BOMB,-1.3237402,0.0,-1.8404393,2.456964,-1.5150521,-1.4872143,LEFT,2.456964
"('BOMBING', 'DOWN', 12, 'UNSAFE', 'UNNECESSARY', 'RIGHT')",BOMBING,DOWN,12,UNSAFE,UNNECESSARY,RIGHT,0.0,0.0,0.32272863,0.0,0.0,0.0,DOWN,0.32272863
"('BOMBING', 'DOWN', 5, 'GOOD_HIGH', 'UNNECESSARY', 'DOWN')",BOMBING,DOWN,5,GOOD_HIGH,UNNECESSARY,DOWN,-0.035583742,-0.22826654,1.2858789,-0.3265758,-0.07556923,0.09308474,DOWN,1.2858789
"('BOMBING', 'DOWN', 12, 'UNSAFE', 'UNNECESSARY', 'UP')",BOMBING,DOWN,12,UNSAFE,UNNECESSARY,UP,0.0,0.0,0.0,-0.011,0.0,-0.9929099,UP,0.0
"('BOMBING', 'RIGHT', 2, 'GOOD_HIGH', 'UNNECESSARY', 'DOWN')",BOMBING,RIGHT,2,GOOD_HIGH,UNNECESSARY,DOWN,0.0,0.22131938,-0.1910171,0.0,0.0,0.0,RIGHT,0.22131938
"('BOMBING', 'RIGHT', 3, 'GOOD_LOW', 'UNNECESSARY', 'NONE')",BOMBING,RIGHT,3,GOOD_LOW,UNNECESSARY,NONE,-0.009709111,0.0,-0.08658597,-0.079618834,-0.051,1.019481,BOMB,1.019481
"('BOMBING', 'RIGHT', 3, 'GOOD_LOW', 'UNNECESSARY', 'WAIT')",BOMBING,RIGHT,3,GOOD_LOW,UNNECESSARY,WAIT,0.0,0.10265812,0.0,-0.080725424,0.0,-0.00072531746,RIGHT,0.10265812
"('ESCAPE', 'UP', 1, 'UNAVAILABLE', 'UNNECESSARY', 'UP')",ESCAPE,UP,1,UNAVAILABLE,UNNECESSARY,UP,1.494481,0.017352074,-0.24099088,0.49336028,0.16752416,0.31651086,UP,1.494481
"('BOMBING', 'HERE', 1, 'UNAVAILABLE', 'UNNECESSARY', 'RIGHT')",BOMBING,HERE,1,UNAVAILABLE,UNNECESSARY,RIGHT,-0.011,-0.089909546,-0.0044889227,-0.10033846,-0.021990383,0.0,BOMB,0.0
"('BOMBING', 'DOWN', 12, 'GOOD_HIGH', 'UNNECESSARY', 'UP')",BOMBING,DOWN,12,GOOD_HIGH,UNNECESSARY,UP,-0.066000395,-0.098192036,-0.01664692,-0.011,0.0,1.7990175,BOMB,1.7990175
"('BOMBING', 'RIGHT', 10, 'UNAVAILABLE', 'UNNECESSARY', 'LEFT')",BOMBING,RIGHT,10,UNAVAILABLE,UNNECESSARY,LEFT,-0.1816906,1.2385558,-0.21746413,0.18418297,-0.019827088,-0.3327434,RIGHT,1.2385558
"('BOMBING', 'RIGHT', 8, 'UNAVAILABLE', 'UNNECESSARY', 'BOMB')",BOMBING,RIGHT,8,UNAVAILABLE,UNNECESSARY,BOMB,0.0,-0.901,0.0,-0.00998603,0.3034759,0.0,WAIT,0.3034759
"('BOMBING', 'LEFT', 12, 'GOOD_HIGH', 'UNNECESSARY', 'NONE')",BOMBING,LEFT,12,GOOD_HIGH,UNNECESSARY,NONE,0.0,-0.101,-0.009665801,1.0957234,0.0,0.0,LEFT,1.0957234
"('BOMBING', 'LEFT', 12, 'GOOD_HIGH', 'UNNECESSARY', 'WAIT')",BOMBING,LEFT,12,GOOD_HIGH,UNNECESSARY,WAIT,0.0,0.0,-0.011,0.3183959,-0.051,0.0,LEFT,0.3183959
"('BOMBING', 'HERE', 8, 'UNAVAILABLE', 'UNNECESSARY', 'LEFT')",BOMBING,HERE,8,UNAVAILABLE,UNNECESSARY,LEFT,-0.03186491,-1.201,-0.067145094,0.9337826,-0.051,-0.101,LEFT,0.9337826
"('BOMBING', 'LEFT', 10, 'UNAVAILABLE', 'UNNECESSARY', 'BOMB')",BOMBING,LEFT,10,UNAVAILABLE,UNNECESSARY,BOMB,-0.10019,0.4768055,-0.099461,-0.07077991,-0.051,-0.101,RIGHT,0.4768055
"('BOMBING', 'LEFT', 10, 'GOOD_HIGH', 'UNNECESSARY', 'WAIT')",BOMBING,LEFT,10,GOOD_HIGH,UNNECESSARY,WAIT,-0.101,-0.011,0.0,0.58130634,-0.08839238,0.0,LEFT,0.58130634
"('BOMBING', 'LEFT', 10, 'GOOD_HIGH', 'UNNECESSARY', 'UP')",BOMBING,LEFT,10,GOOD_HIGH,UNNECESSARY,UP,0.0,0.0,0.0,0.2429733,0.0,0.0,LEFT,0.2429733
"('BOMBING', 'HERE', 6, 'GOOD_HIGH', 'UNNECESSARY', 'LEFT')",BOMBING,HERE,6,GOOD_HIGH,UNNECESSARY,LEFT,-0.06524152,-0.036,1.0404882,-0.101,-0.0969,-0.0017459132,DOWN,1.0404882
"('BOMBING', 'LEFT', 12, 'GOOD_LOW', 'UNNECESSARY', 'RIGHT')",BOMBING,LEFT,12,GOOD_LOW,UNNECESSARY,RIGHT,0.0,-0.101,0.0,-0.01519,0.0,0.62471473,BOMB,0.62471473
"('BOMBING', 'LEFT', 10, 'GOOD_HIGH', 'UNNECESSARY', 'DOWN')",BOMBING,LEFT,10,GOOD_HIGH,UNNECESSARY,DOWN,0.0,0.0,-0.101,0.0,-0.051,0.6303322,BOMB,0.6303322
"('BOMBING', 'DOWN', 5, 'GOOD_HIGH', 'UNNECESSARY', 'LEFT')",BOMBING,DOWN,5,GOOD_HIGH,UNNECESSARY,LEFT,-0.011,-0.101,0.67941356,-0.101,0.0,-0.0010436564,DOWN,0.67941356
"('NONE', 'NONE', 2, 'UNAVAILABLE', 'UNNECESSARY', 'LEFT')",NONE,NONE,2,UNAVAILABLE,UNNECESSARY,LEFT,0.34507573,-0.16515577,-0.124339044,-0.040739775,0.0023857728,-0.08309,UP,0.34507573
"('BOMBING', 'RIGHT', 0, 'UNAVAILABLE', 'NECESSARY', 'LEFT')",BOMBING,RIGHT,0,UNAVAILABLE,NECESSARY,LEFT,-0.53074926,-1.201,-0.7964727,-0.60342085,2.037766,-0.4095993,WAIT,2.037766
"('BOMBING', 'RIGHT', 2, 'GOOD_HIGH', 'UNNECESSARY', 'WAIT')",BOMBING,RIGHT,2,GOOD_HIGH,UNNECESSARY,WAIT,0.0,0.30665296,-0.1001171,0.0,0.0,-0.0013826237,RIGHT,0.30665296
"('BOMBING', 'DOWN', 12, 'GOOD_LOW', 'UNNECESSARY', 'RIGHT')",BOMBING,DOWN,12,GOOD_LOW,UNNECESSARY,RIGHT,-0.081957944,0.0,1.093591,-0.036,0.0,0.0,DOWN,1.093591
"('BOMBING', 'RIGHT', 2, 'GOOD_HIGH', 'UNNECESSARY', 'UP')",BOMBING,RIGHT,2,GOOD_HIGH,UNNECESSARY,UP,-0.101,0.10325611,-0.09874585,-0.101,-0.047397573,0.0,RIGHT,0.10325611
"('BOMBING', 'DOWN', 5, 'USELESS', 'UNNECESSARY', 'DOWN')",BOMBING,DOWN,5,USELESS,UNNECESSARY,DOWN,0.23283902,-0.32853755,1.0319163,-0.37548202,-0.062611744,-0.21336439,DOWN,1.0319163
"('BOMBING', 'DOWN', 5, 'USELESS', 'UNNECESSARY', 'LEFT')",BOMBING,DOWN,5,USELESS,UNNECESSARY,LEFT,-0.011,-0.101,0.94312966,-0.101,-0.051,-0.15011652,DOWN,0.94312966
"('BOMBING', 'DOWN', 5, 'USELESS', 'UNNECESSARY', 'WAIT')",BOMBING,DOWN,5,USELESS,UNNECESSARY,WAIT,-0.011,0.0,0.8362216,-0.101,0.0,-0.13390501,DOWN,0.8362216
"('BOMBING', 'DOWN', 12, 'GOOD_LOW', 'UNNECESSARY', 'UP')",BOMBING,DOWN,12,GOOD_LOW,UNNECESSARY,UP,-0.101,0.0,-0.0072782207,-0.011,-0.051,0.9420635,BOMB,0.9420635
"('ESCAPE', 'LEFT', 8, 'UNAVAILABLE', 'UNSAFE', 'RIGHT')",ESCAPE,LEFT,8,UNAVAILABLE,UNSAFE,RIGHT,0.0,-3.04571,-2.8063533,2.5512695,-1.8119,-1.001,LEFT,2.5512695
"('BOMBING', 'UP', 9, 'GOOD_HIGH', 'UNNECESSARY', 'NONE')",BOMBING,UP,9,GOOD_HIGH,UNNECESSARY,NONE,0.0,-0.09962834,-0.09761617,1.0942945,-0.0969,-0.00021549896,LEFT,1.0942945
"('BOMBING', 'UP', 9, 'GOOD_HIGH', 'UNNECESSARY', 'WAIT')",BOMBING,UP,9,GOOD_HIGH,UNNECESSARY,WAIT,0.0,-0.043076366,-0.08423532,0.09983983,0.0,-0.0011373907,LEFT,0.09983983
"('BOMBING', 'DOWN', 4, 'UNAVAILABLE', 'UNNECESSARY', 'LEFT')",BOMBING,DOWN,4,UNAVAILABLE,UNNECESSARY,LEFT,0.0,0.0,1.1108441,-0.007104778,0.0,0.0,DOWN,1.1108441
"('BOMBING', 'RIGHT', 3, 'GOOD_LOW', 'UNNECESSARY', 'DOWN')",BOMBING,RIGHT,3,GOOD_LOW,UNNECESSARY,DOWN,-0.02933716,1.0719849,-0.029731857,0.0,-0.051,-0.001,RIGHT,1.0719849
"('ESCAPE', 'RIGHT', 2, 'UNAVAILABLE', 'UNSAFE', 'WAIT')",ESCAPE,RIGHT,2,UNAVAILABLE,UNSAFE,WAIT,-4.3858266,1.745812,-1.4935503,-2.6147048,-2.0503945,-2.9544048,RIGHT,1.745812
"('BOMBING', 'HERE', 12, 'GOOD_HIGH', 'UNNECESSARY', 'NONE')",BOMBING,HERE,12,GOOD_HIGH,UNNECESSARY,NONE,-0.101153046,-0.095143974,-0.010248164,0.0,-0.051,1.197132,BOMB,1.197132
"('BOMBING', 'HERE', 12, 'GOOD_HIGH', 'UNNECESSARY', 'WAIT')",BOMBING,HERE,12,GOOD_HIGH,UNNECESSARY,WAIT,-0.101,0.0,0.0,0.0,0.0,0.3471798,BOMB,0.3471798
"('BOMBING', 'HERE', 12, 'GOOD_HIGH', 'UNNECESSARY', 'UP')",BOMBING,HERE,12,GOOD_HIGH,UNNECESSARY,UP,-0.101,-0.5919,-0.036,-0.011342474,-0.051,1.28428,BOMB,1.28428
"('BOMBING', 'DOWN', 5, 'UNAVAILABLE', 'UNNECESSARY', 'LEFT')",BOMBING,DOWN,5,UNAVAILABLE,UNNECESSARY,LEFT,0.06350325,-0.101,1.0276637,-0.101,-0.02163788,-0.101,DOWN,1.0276637
"('BOMBING', 'DOWN', 5, 'GOOD_HIGH', 'UNNECESSARY', 'RIGHT')",BOMBING,DOWN,5,GOOD_HIGH,UNNECESSARY,RIGHT,0.0,0.0,0.3923235,-0.10019,0.0,0.0,DOWN,0.3923235
"('ESCAPE', 'RIGHT', 10, 'UNAVAILABLE', 'UNNECESSARY', 'DOWN')",ESCAPE,RIGHT,10,UNAVAILABLE,UNNECESSARY,DOWN,-2.5324879,0.5938082,0.65888405,2.0877664,0.21242066,-0.004025329,LEFT,2.0877664
"('ESCAPE', 'RIGHT', 10, 'UNAVAILABLE', 'UNSAFE', 'UP')",ESCAPE,RIGHT,10,UNAVAILABLE,UNSAFE,UP,-2.89571,0.5361699,-2.1498165,3.0690932,-1.8750255,-5.262115,LEFT,3.0690932
"('BOMBING', 'DOWN', 12, 'GOOD_HIGH', 'UNNECESSARY', 'NONE')",BOMBING,DOWN,12,GOOD_HIGH,UNNECESSARY,NONE,0.0,-0.101,1.1784034,0.0,0.0,0.13410443,DOWN,1.1784034
"('BOMBING', 'DOWN', 12, 'GOOD_HIGH', 'UNNECESSARY', 'RIGHT')",BOMBING,DOWN,12,GOOD_HIGH,UNNECESSARY,RIGHT,-0.013216299,-0.10720396,1.0530804,0.17817008,-0.0969,0.24699745,DOWN,1.0530804
"('BOMBING', 'DOWN', 12, 'GOOD_HIGH', 'UNNECESSARY', 'WAIT')",BOMBING,DOWN,12,GOOD_HIGH,UNNECESSARY,WAIT,-0.101,0.0,0.0,0.082131654,0.0,0.0,LEFT,0.082131654
"('BOMBING', 'RIGHT', 10, 'GOOD_HIGH', 'UNNECESSARY', 'LEFT')",BOMBING,RIGHT,10,GOOD_HIGH,UNNECESSARY,LEFT,0.0,-0.016,-0.10023624,0.009059401,0.0,1.4789437,BOMB,1.4789437
"('BOMBING', 'UP', 3, 'UNSAFE', 'UNNECESSARY', 'DOWN')",BOMBING,UP,3,UNSAFE,UNNECESSARY,DOWN,0.0,0.1815498,0.0,0.0,-0.033634055,-0.5664346,RIGHT,0.1815498
"('BOMBING', 'HERE', 1, 'UNAVAILABLE', 'UNNECESSARY', 'BOMB')",BOMBING,HERE,1,UNAVAILABLE,UNNECESSARY,BOMB,0.44184893,-0.101,-0.046358243,-0.0966172,-0.04747295,-0.101,UP,0.44184893
"('BOMBING', 'HERE', 1, 'GOOD_HIGH', 'UNNECESSARY', 'BOMB')",BOMBING,HERE,1,GOOD_HIGH,UNNECESSARY,BOMB,-0.011,0.0,-0.0855212,-0.101,0.0,0.24064735,BOMB,0.24064735
"('BOMBING', 'RIGHT', 8, 'UNAVAILABLE', 'UNNECESSARY', 'DOWN')",BOMBING,RIGHT,8,UNAVAILABLE,UNNECESSARY,DOWN,0.0,0.0,0.0,0.76066405,0.0,0.0,LEFT,0.76066405
"('BOMBING', 'HERE', 10, 'UNAVAILABLE', 'UNNECESSARY', 'WAIT')",BOMBING,HERE,10,UNAVAILABLE,UNNECESSARY,WAIT,-0.1010971,0.8524666,-0.10088123,-0.01019,-0.051,-0.08784362,RIGHT,0.8524666
"('BOMBING', 'HERE', 10, 'GOOD_HIGH', 'UNNECESSARY', 'WAIT')",BOMBING,HERE,10,GOOD_HIGH,UNNECESSARY,WAIT,-0.101,-0.011,-0.101,-0.012063583,-0.051,1.0044807,BOMB,1.0044807
"('BOMBING', 'HERE', 10, 'GOOD_HIGH', 'UNNECESSARY', 'RIGHT')",BOMBING,HERE,10,GOOD_HIGH,UNNECESSARY,RIGHT,-0.2619948,0.4217529,-0.3826033,0.09395145,-0.027440645,1.4383992,BOMB,1.4383992
"('BOMBING', 'LEFT', 9, 'GOOD_LOW', 'UNNECESSARY', 'NONE')",BOMBING,LEFT,9,GOOD_LOW,UNNECESSARY,NONE,0.0,-0.101,0.0,0.0,-0.05019,1.412177,BOMB,1.412177
"('BOMBING', 'LEFT', 9, 'GOOD_LOW', 'UNNECESSARY', 'RIGHT')",BOMBING,LEFT,9,GOOD_LOW,UNNECESSARY,RIGHT,0.24483742,-0.101,-0.052411616,-0.014461,-0.051,0.0,UP,0.24483742
"('BOMBING', 'DOWN', 0, 'UNAVAILABLE', 'NECESSARY', 'UP')",BOMBING,DOWN,0,UNAVAILABLE,NECESSARY,UP,0.0,-0.101,0.0,0.0,0.967825,0.299,WAIT,0.967825
"('BOMBING', 'HERE', 4, 'GOOD_HIGH', 'UNNECESSARY', 'BOMB')",BOMBING,HERE,4,GOOD_HIGH,UNNECESSARY,BOMB,-0.100385875,-0.09703049,-0.0035062605,-0.101,-0.0038236717,0.0,BOMB,0.0
"('BOMBING', 'LEFT', 8, 'GOOD_HIGH', 'UNNECESSARY', 'BOMB')",BOMBING,LEFT,8,GOOD_HIGH,UNNECESSARY,BOMB,0.0,0.0,-0.101,0.05206604,-0.051,0.0,LEFT,0.05206604
"('BOMBING', 'UP', 3, 'GOOD_HIGH', 'UNNECESSARY', 'LEFT')",BOMBING,UP,3,GOOD_HIGH,UNNECESSARY,LEFT,1.0304841,0.06607706,-0.13969658,-0.007515628,0.0,0.12647879,UP,1.0304841
"('BOMBING', 'UP', 5, 'USELESS', 'UNNECESSARY', 'UP')",BOMBING,UP,5,USELESS,UNNECESSARY,UP,1.0412611,-0.37242058,0.3178107,-0.21962634,0.08680899,-0.29450706,UP,1.0412611
"('BOMBING', 'UP', 5, 'USELESS', 'UNNECESSARY', 'RIGHT')",BOMBING,UP,5,USELESS,UNNECESSARY,RIGHT,0.9077822,0.0,0.0,-0.101,0.0,-0.15110539,UP,0.9077822
"('BOMBING', 'UP', 5, 'USELESS', 'UNNECESSARY', 'LEFT')",BOMBING,UP,5,USELESS,UNNECESSARY,LEFT,1.0642442,-0.101,-0.011,0.0,-0.051,-0.151,UP,1.0642442
"('ESCAPE', 'UP', 5, 'UNAVAILABLE', 'UNNECESSARY', 'LEFT')",ESCAPE,UP,5,UNAVAILABLE,UNNECESSARY,LEFT,0.5455964,-1.6042216,2.3614576,0.5247859,0.45305854,0.040255155,DOWN,2.3614576
"('BOMBING', 'UP', 3, 'USELESS', 'UNNECESSARY', 'NONE')",BOMBING,UP,3,USELESS,UNNECESSARY,NONE,0.0,0.07856356,-0.101,-0.101,-0.034910746,-0.151,RIGHT,0.07856356
"('ESCAPE', 'RIGHT', 3, 'UNAVAILABLE', 'UNNECESSARY', 'BOMB')",ESCAPE,RIGHT,3,UNAVAILABLE,UNNECESSARY,BOMB,0.0,1.1939827,-0.02841495,0.0,0.0,-0.101,RIGHT,1.1939827
"('BOMBING', 'LEFT', 9, 'GOOD_LOW', 'UNNECESSARY', 'WAIT')",BOMBING,LEFT,9,GOOD_LOW,UNNECESSARY,WAIT,0.0,0.0,0.0,0.02575432,-0.051,0.0,LEFT,0.02575432
"('ESCAPE', 'LEFT', 8, 'UNAVAILABLE', 'UNSAFE', 'LEFT')",ESCAPE,LEFT,8,UNAVAILABLE,UNSAFE,LEFT,-7.4394894,-5.541083,-6.718295,3.573734,-4.701481,-4.5663137,LEFT,3.573734
"('BOMBING', 'HERE', 9, 'GOOD_HIGH', 'UNNECESSARY', 'DOWN')",BOMBING,HERE,9,GOOD_HIGH,UNNECESSARY,DOWN,-0.03269912,-0.101,-0.101,0.07605632,-0.051,1.3016185,BOMB,1.3016185
"('COIN', 'RIGHT', 0, 'UNAVAILABLE', 'NECESSARY', 'WAIT')",COIN,RIGHT,0,UNAVAILABLE,NECESSARY,WAIT,-0.27371,-2.2819,-0.21845417,-0.42455703,1.2964487,-0.2660129,WAIT,1.2964487
"('COIN', 'RIGHT', 2, 'UNAVAILABLE', 'UNNECESSARY', 'UP')",COIN,RIGHT,2,UNAVAILABLE,UNNECESSARY,UP,-0.101,1.2136701,-0.101,-0.09865239,-0.051,-0.101,RIGHT,1.2136701
"('COIN', 'RIGHT', 2, 'GOOD_HIGH', 'UNNECESSARY', 'WAIT')",COIN,RIGHT,2,GOOD_HIGH,UNNECESSARY,WAIT,0.0,1.5244026,-0.08521223,0.0,0.08600224,0.0,RIGHT,1.5244026
"('COIN', 'DOWN', 12, 'GOOD_HIGH', 'UNNECESSARY', 'RIGHT')",COIN,DOWN,12,GOOD_HIGH,UNNECESSARY,RIGHT,-0.101,-0.101,1.453684,-0.036,-0.051,-0.001171,DOWN,1.453684
"('COIN', 'DOWN', 12, 'GOOD_HIGH', 'UNNECESSARY', 'UP')",COIN,DOWN,12,GOOD_HIGH,UNNECESSARY,UP,-0.101,-0.041212656,-0.016,0.33027548,-0.046766922,-0.00035763218,LEFT,0.33027548
"('COIN', 'DOWN', 5, 'USELESS', 'UNNECESSARY', 'WAIT')",COIN,DOWN,5,USELESS,UNNECESSARY,WAIT,-0.011,-0.101,1.3064152,-0.16860437,-0.051,-0.151171,DOWN,1.3064152
"('BOMBING', 'UP', 5, 'GOOD_HIGH', 'UNNECESSARY', 'UP')",BOMBING,UP,5,GOOD_HIGH,UNNECESSARY,UP,1.0172296,-0.14189477,0.08166384,-0.12463173,-0.045789126,0.4943123,UP,1.0172296
"('BOMBING', 'HERE', 8, 'UNAVAILABLE', 'UNNECESSARY', 'WAIT')",BOMBING,HERE,8,UNAVAILABLE,UNNECESSARY,WAIT,-0.16390857,-0.09122439,-0.17028086,0.89432514,-0.09180226,-0.18278445,LEFT,0.89432514
"('BOMBING', 'DOWN', 5, 'UNAVAILABLE', 'UNNECESSARY', 'UP')",BOMBING,DOWN,5,UNAVAILABLE,UNNECESSARY,UP,-0.011,0.0,0.77492464,-0.21653867,-0.12804489,-0.46771726,DOWN,0.77492464
"('BOMBING', 'DOWN', 1, 'UNAVAILABLE', 'UNNECESSARY', 'BOMB')",BOMBING,DOWN,1,UNAVAILABLE,UNNECESSARY,BOMB,0.70390725,0.0,-0.901,0.0,0.0,-0.101,UP,0.70390725
"('COIN', 'LEFT', 0, 'UNAVAILABLE', 'NECESSARY', 'WAIT')",COIN,LEFT,0,UNAVAILABLE,NECESSARY,WAIT,-0.101,0.0,-0.101,-1.201,1.1507047,-0.117940396,WAIT,1.1507047
"('COIN', 'LEFT', 8, 'UNAVAILABLE', 'UNNECESSARY', 'UP')",COIN,LEFT,8,UNAVAILABLE,UNNECESSARY,UP,-0.10019,0.0,-0.098134615,1.2594548,-0.04855791,-0.101,LEFT,1.2594548
"('COIN', 'LEFT', 8, 'GOOD_HIGH', 'UNNECESSARY', 'BOMB')",COIN,LEFT,8,GOOD_HIGH,UNNECESSARY,BOMB,-0.09896211,0.0,-0.101,0.0,0.0,0.101617366,BOMB,0.101617366
"('COIN', 'LEFT', 8, 'GOOD_HIGH', 'UNNECESSARY', 'DOWN')",COIN,LEFT,8,GOOD_HIGH,UNNECESSARY,DOWN,0.0,0.0,0.0,0.12921278,-0.051,0.0,LEFT,0.12921278
"('COIN', 'DOWN', 6, 'GOOD_LOW', 'UNNECESSARY', 'LEFT')",COIN,DOWN,6,GOOD_LOW,UNNECESSARY,LEFT,0.0,0.0,1.5630958,0.0,-0.051,0.0,DOWN,1.5630958
"('COIN', 'DOWN', 6, 'GOOD_LOW', 'UNNECESSARY', 'WAIT')",COIN,DOWN,6,GOOD_LOW,UNNECESSARY,WAIT,-0.101,-0.011,0.0,0.0,-0.051,0.0,DOWN,0.0
"('COIN', 'DOWN', 6, 'GOOD_LOW', 'UNNECESSARY', 'UP')",COIN,DOWN,6,GOOD_LOW,UNNECESSARY,UP,0.0,0.07389011,0.0,0.0,-0.051,0.0,RIGHT,0.07389011
"('COIN', 'DOWN', 5, 'UNAVAILABLE', 'UNNECESSARY', 'DOWN')",COIN,DOWN,5,UNAVAILABLE,UNNECESSARY,DOWN,0.07283887,-0.06907592,1.593222,-0.040051248,-0.070314385,-0.27371,DOWN,1.593222
"('COIN', 'DOWN', 4, 'UNAVAILABLE', 'UNNECESSARY', 'WAIT')",COIN,DOWN,4,UNAVAILABLE,UNNECESSARY,WAIT,-0.05723835,-0.25287288,1.4151747,-0.31960022,-0.051,-0.11171,DOWN,1.4151747
"('COIN', 'DOWN', 5, 'UNAVAILABLE', 'UNNECESSARY', 'BOMB')",COIN,DOWN,5,UNAVAILABLE,UNNECESSARY,BOMB,0.0,0.0,0.19533092,-0.101,0.0,0.0,DOWN,0.19533092
"('COIN', 'DOWN', 5, 'USELESS', 'UNNECESSARY', 'LEFT')",COIN,DOWN,5,USELESS,UNNECESSARY,LEFT,-0.011,0.0,1.3991858,0.0,0.0,0.0,DOWN,1.3991858
"('ESCAPE', 'RIGHT', 6, 'UNAVAILABLE', 'UNSAFE', 'BOMB')",ESCAPE,RIGHT,6,UNAVAILABLE,UNSAFE,BOMB,-0.46345338,1.4635882,-0.3565628,-0.174962,-0.4068332,0.0,RIGHT,1.4635882
"('ESCAPE', 'RIGHT', 2, 'UNAVAILABLE', 'UNSAFE', 'RIGHT')",ESCAPE,RIGHT,2,UNAVAILABLE,UNSAFE,RIGHT,-4.394276,2.492243,-6.2765474,-5.803896,-4.1770525,-4.220529,RIGHT,2.492243
"('BOMBING', 'RIGHT', 11, 'GOOD_HIGH', 'UNNECESSARY', 'LEFT')",BOMBING,RIGHT,11,GOOD_HIGH,UNNECESSARY,LEFT,0.0,0.0,-0.101,0.35412666,0.0,0.0,LEFT,0.35412666
"('BOMBING', 'RIGHT', 11, 'GOOD_HIGH', 'UNNECESSARY', 'DOWN')",BOMBING,RIGHT,11,GOOD_HIGH,UNNECESSARY,DOWN,0.0,1.0615364,0.0,0.0,-0.051,-0.0014683943,RIGHT,1.0615364
"('NONE', 'NONE', 1, 'UNAVAILABLE', 'UNNECESSARY', 'UP')",NONE,NONE,1,UNAVAILABLE,UNNECESSARY,UP,0.5216923,-0.4155589,-4.9182153,-0.39464456,-0.012462541,-0.18496194,UP,0.5216923
"('NONE', 'NONE', 1, 'UNAVAILABLE', 'UNNECESSARY', 'LEFT')",NONE,NONE,1,UNAVAILABLE,UNNECESSARY,LEFT,0.59765273,-1.201,-0.08455555,-0.101,-0.093867876,-0.10004712,UP,0.59765273
"('BOMBING', 'HERE', 5, 'UNAVAILABLE', 'UNNECESSARY', 'UP')",BOMBING,HERE,5,UNAVAILABLE,UNNECESSARY,UP,0.92611784,-0.030709997,0.027914286,-0.101020865,-0.045384154,-0.19326432,UP,0.92611784
"('BOMBING', 'UP', 5, 'GOOD_LOW', 'UNNECESSARY', 'DOWN')",BOMBING,UP,5,GOOD_LOW,UNNECESSARY,DOWN,0.06793259,0.0,-0.011,-0.101,-0.0055128927,1.3290999,BOMB,1.3290999
"('BOMBING', 'RIGHT', 3, 'USELESS', 'UNNECESSARY', 'DOWN')",BOMBING,RIGHT,3,USELESS,UNNECESSARY,DOWN,0.0,0.9587424,-0.016944634,0.0,0.0,0.0,RIGHT,0.9587424
"('BOMBING', 'UP', 11, 'USELESS', 'UNNECESSARY', 'RIGHT')",BOMBING,UP,11,USELESS,UNNECESSARY,RIGHT,1.0473514,0.056559965,0.0,0.04559414,-0.03304506,-0.03376048,UP,1.0473514
"('BOMBING', 'UP', 5, 'GOOD_LOW', 'UNNECESSARY', 'WAIT')",BOMBING,UP,5,GOOD_LOW,UNNECESSARY,WAIT,0.67492646,0.0,0.0,0.0,0.0,0.0,UP,0.67492646
"('ESCAPE', 'DOWN', 4, 'UNAVAILABLE', 'UNNECESSARY', 'DOWN')",ESCAPE,DOWN,4,UNAVAILABLE,UNNECESSARY,DOWN,0.005532086,0.25926116,1.7841724,0.750126,0.031155847,0.5494503,DOWN,1.7841724
"('ESCAPE', 'RIGHT', 10, 'UNAVAILABLE', 'UNSAFE', 'DOWN')",ESCAPE,RIGHT,10,UNAVAILABLE,UNSAFE,DOWN,-2.96471,1.8350501,-3.02571,0.45476776,-0.601,-3.141439,RIGHT,1.8350501
"('BOMBING', 'RIGHT', 2, 'UNAVAILABLE', 'UNNECESSARY', 'RIGHT')",BOMBING,RIGHT,2,UNAVAILABLE,UNNECESSARY,RIGHT,0.54021484,3.1465514,0.8594842,-7.2715473,0.62518054,0.22766769,RIGHT,3.1465514
"('NONE', 'NONE', 10, 'UNAVAILABLE', 'UNNECESSARY', 'LEFT')",NONE,NONE,10,UNAVAILABLE,UNNECESSARY,LEFT,-0.25985384,0.10086622,-0.1315567,0.47489998,-0.051,-0.27355093,LEFT,0.47489998
"('BOMBING', 'HERE', 2, 'UNAVAILABLE', 'UNNECESSARY', 'LEFT')",BOMBING,HERE,2,UNAVAILABLE,UNNECESSARY,LEFT,-0.08741758,0.76589894,-0.09966037,-0.102127664,-0.04940653,-0.099604435,RIGHT,0.76589894
"('BOMBING', 'HERE', 12, 'GOOD_HIGH', 'UNNECESSARY', 'RIGHT')",BOMBING,HERE,12,GOOD_HIGH,UNNECESSARY,RIGHT,-0.06793316,-0.101,0.0,0.0,0.0,1.2627565,BOMB,1.2627565
"('COIN', 'RIGHT', 2, 'UNAVAILABLE', 'UNNECESSARY', 'BOMB')",COIN,RIGHT,2,UNAVAILABLE,UNNECESSARY,BOMB,-0.09768297,0.4034527,-0.101,0.0,0.0,-0.101,RIGHT,0.4034527
"('COIN', 'RIGHT', 2, 'GOOD_HIGH', 'UNNECESSARY', 'BOMB')",COIN,RIGHT,2,GOOD_HIGH,UNNECESSARY,BOMB,0.0,0.0,-0.09848561,-0.101,-0.0493881,0.23328972,BOMB,0.23328972
"('COIN', 'RIGHT', 2, 'GOOD_HIGH', 'UNNECESSARY', 'LEFT')",COIN,RIGHT,2,GOOD_HIGH,UNNECESSARY,LEFT,-0.16523826,-0.016,-0.101,-0.1919,0.083927475,0.916565,BOMB,0.916565
"('COIN', 'RIGHT', 2, 'GOOD_HIGH', 'UNNECESSARY', 'DOWN')",COIN,RIGHT,2,GOOD_HIGH,UNNECESSARY,DOWN,0.0,0.30447626,-0.09051289,0.0,0.0,0.0,RIGHT,0.30447626
"('COIN', 'DOWN', 12, 'GOOD_LOW', 'UNNECESSARY', 'RIGHT')",COIN,DOWN,12,GOOD_LOW,UNNECESSARY,RIGHT,-0.101,-0.101,1.5824459,-0.02762103,0.0,0.0,DOWN,1.5824459
"('COIN', 'DOWN', 12, 'GOOD_LOW', 'UNNECESSARY', 'UP')",COIN,DOWN,12,GOOD_LOW,UNNECESSARY,UP,0.0,0.0,0.33437026,0.0,-0.051,0.0,DOWN,0.33437026
"('COIN', 'DOWN', 12, 'GOOD_LOW', 'UNNECESSARY', 'WAIT')",COIN,DOWN,12,GOOD_LOW,UNNECESSARY,WAIT,0.0,0.0,0.0,0.0,0.0,-0.001,UP,0.0
"('BOMBING', 'LEFT', 8, 'UNAVAILABLE', 'UNNECESSARY', 'BOMB')",BOMBING,LEFT,8,UNAVAILABLE,UNNECESSARY,BOMB,-0.101,-1.201,-0.101,1.1703173,-0.051,-0.101,LEFT,1.1703173
"('BOMBING', 'LEFT', 8, 'GOOD_LOW', 'UNNECESSARY', 'BOMB')",BOMBING,LEFT,8,GOOD_LOW,UNNECESSARY,BOMB,0.0,0.0,-0.101,0.0,0.0,0.0,UP,0.0
"('BOMBING', 'LEFT', 8, 'GOOD_LOW', 'UNNECESSARY', 'DOWN')",BOMBING,LEFT,8,GOOD_LOW,UNNECESSARY,DOWN,0.0,0.0,-0.101,0.11298997,0.0,-0.0015115548,LEFT,0.11298997
"('BOMBING', 'DOWN', 4, 'UNAVAILABLE', 'UNNECESSARY', 'DOWN')",BOMBING,DOWN,4,UNAVAILABLE,UNNECESSARY,DOWN,-6.0656543,0.4885559,4.6329,0.8974739,0.91743875,0.62861365,DOWN,4.6329
"('BOMBING', 'DOWN', 5, 'USELESS', 'UNNECESSARY', 'BOMB')",BOMBING,DOWN,5,USELESS,UNNECESSARY,BOMB,0.0,0.0,0.33437493,0.0,0.0,0.0,DOWN,0.33437493
"('BOMBING', 'HERE', 7, 'GOOD_HIGH', 'UNNECESSARY', 'DOWN')",BOMBING,HERE,7,GOOD_HIGH,UNNECESSARY,DOWN,0.0,1.105375,0.14353356,0.0,-0.08590317,-0.001,RIGHT,1.105375
"('BOMBING', 'LEFT', 0, 'UNAVAILABLE', 'NECESSARY', 'RIGHT')",BOMBING,LEFT,0,UNAVAILABLE,NECESSARY,RIGHT,-0.69726515,-0.6559435,-0.9587585,-2.95471,-0.6031514,0.7263323,BOMB,0.7263323
"('BOMBING', 'DOWN', 7, 'GOOD_HIGH', 'UNNECESSARY', 'LEFT')",BOMBING,DOWN,7,GOOD_HIGH,UNNECESSARY,LEFT,0.0,0.103584096,1.095997,0.0,0.0,-0.00015804412,DOWN,1.095997
"('BOMBING', 'DOWN', 4, 'UNAVAILABLE', 'UNNECESSARY', 'WAIT')",BOMBING,DOWN,4,UNAVAILABLE,UNNECESSARY,WAIT,-0.101,0.0,1.3326117,-0.32536638,-0.04865019,-0.101,DOWN,1.3326117
"('BOMBING', 'DOWN', 4, 'GOOD_HIGH', 'UNNECESSARY', 'LEFT')",BOMBING,DOWN,4,GOOD_HIGH,UNNECESSARY,LEFT,-0.101,-0.09879063,0.32437438,-0.101,-0.051,0.0,DOWN,0.32437438
"('BOMBING', 'DOWN', 4, 'GOOD_HIGH', 'UNNECESSARY', 'UP')",BOMBING,DOWN,4,GOOD_HIGH,UNNECESSARY,UP,-0.045173727,-0.099461,-0.042274833,-0.101,-0.0969,1.6631737,BOMB,1.6631737
"('BOMBING', 'RIGHT', 2, 'UNAVAILABLE', 'UNNECESSARY', 'UP')",BOMBING,RIGHT,2,UNAVAILABLE,UNNECESSARY,UP,-0.1919,1.0331186,-1.201,-0.101,0.0,0.0,RIGHT,1.0331186
"('BOMBING', 'RIGHT', 10, 'UNAVAILABLE', 'UNNECESSARY', 'UP')",BOMBING,RIGHT,10,UNAVAILABLE,UNNECESSARY,UP,-0.02263699,1.055311,0.0,-0.011,-0.051,0.0,RIGHT,1.055311
"('BOMBING', 'RIGHT', 3, 'USELESS', 'UNNECESSARY', 'LEFT')",BOMBING,RIGHT,3,USELESS,UNNECESSARY,LEFT,0.0,0.82438415,-0.09658607,-0.101,-0.051,-0.151,RIGHT,0.82438415
"('BOMBING', 'DOWN', 4, 'GOOD_HIGH', 'UNNECESSARY', 'WAIT')",BOMBING,DOWN,4,GOOD_HIGH,UNNECESSARY,WAIT,-0.08570274,-0.10019,0.27325934,0.0,-0.051,-0.001,DOWN,0.27325934
"('ESCAPE', 'DOWN', 4, 'UNAVAILABLE', 'UNSAFE', 'DOWN')",ESCAPE,DOWN,4,UNAVAILABLE,UNSAFE,DOWN,-5.423594,-5.951481,3.103397,-6.186647,-6.0567365,-6.5166845,DOWN,3.103397
"('BOMBING', 'DOWN', 6, 'GOOD_HIGH', 'UNNECESSARY', 'NONE')",BOMBING,DOWN,6,GOOD_HIGH,UNNECESSARY,NONE,-0.101,-0.009593952,1.1781981,-0.000874897,-0.05019,-0.001171,DOWN,1.1781981
"('COIN', 'DOWN', 1, 'UNAVAILABLE', 'UNNECESSARY', 'DOWN')",COIN,DOWN,1,UNAVAILABLE,UNNECESSARY,DOWN,0.8737275,-0.07685938,-1.201,-0.09364895,-0.027259469,-0.101,UP,0.8737275
"('BOMBING', 'RIGHT', 2, 'UNAVAILABLE', 'UNNECESSARY', 'DOWN')",BOMBING,RIGHT,2,UNAVAILABLE,UNNECESSARY,DOWN,-1.2398938,1.0677991,-0.101,-1.201,-0.034896147,-0.101,RIGHT,1.0677991
"('BOMBING', 'DOWN', 5, 'USELESS', 'UNNECESSARY', 'RIGHT')",BOMBING,DOWN,5,USELESS,UNNECESSARY,RIGHT,0.0,0.0,0.9508593,-0.101,0.0,-0.14857695,DOWN,0.9508593
"('BOMBING', 'RIGHT', 2, 'UNAVAILABLE', 'UNNECESSARY', 'LEFT')",BOMBING,RIGHT,2,UNAVAILABLE,UNNECESSARY,LEFT,-0.101,1.0465455,-0.101,0.025254808,-0.0683117,-0.101,RIGHT,1.0465455
"('BOMBING', 'RIGHT', 2, 'GOOD_LOW', 'UNNECESSARY', 'UP')",BOMBING,RIGHT,2,GOOD_LOW,UNNECESSARY,UP,0.0,0.09567557,0.0,0.0,0.0,0.0,RIGHT,0.09567557
"('BOMBING', 'DOWN', 12, 'GOOD_LOW', 'UNNECESSARY', 'WAIT')",BOMBING,DOWN,12,GOOD_LOW,UNNECESSARY,WAIT,0.0,0.0,0.0,0.0,0.0,-0.001,UP,0.0
"('BOMBING', 'HERE', 6, 'GOOD_HIGH', 'UNNECESSARY', 'NONE')",BOMBING,HERE,6,GOOD_HIGH,UNNECESSARY,NONE,-0.101,1.0138109,0.08950479,0.0,0.0,0.0,RIGHT,1.0138109
"('BOMBING', 'LEFT', 10, 'UNAVAILABLE', 'UNNECESSARY', 'RIGHT')",BOMBING,LEFT,10,UNAVAILABLE,UNNECESSARY,RIGHT,-0.3951411,0.04138221,-0.23194814,1.3016369,-0.030878788,-0.32961732,LEFT,1.3016369
"('BOMBING', 'LEFT', 2, 'UNAVAILABLE', 'UNNECESSARY', 'BOMB')",BOMBING,LEFT,2,UNAVAILABLE,UNNECESSARY,BOMB,0.0,0.0,0.0,-1.201,0.3975665,0.0,WAIT,0.3975665
"('COIN', 'LEFT', 10, 'UNAVAILABLE', 'UNNECESSARY', 'BOMB')",COIN,LEFT,10,UNAVAILABLE,UNNECESSARY,BOMB,0.0,-0.011,-0.101,0.7792603,0.0,-0.101,LEFT,0.7792603
"('COIN', 'LEFT', 10, 'GOOD_LOW', 'UNNECESSARY', 'BOMB')",COIN,LEFT,10,GOOD_LOW,UNNECESSARY,BOMB,0.0,0.0,-0.101,0.20349546,0.0,0.0,LEFT,0.20349546
"('COIN', 'LEFT', 10, 'GOOD_LOW', 'UNNECESSARY', 'DOWN')",COIN,LEFT,10,GOOD_LOW,UNNECESSARY,DOWN,-0.101,0.0,-0.101,0.6177711,-0.051,0.0,LEFT,0.6177711
"('COIN', 'LEFT', 10, 'GOOD_LOW', 'UNNECESSARY', 'UP')",COIN,LEFT,10,GOOD_LOW,UNNECESSARY,UP,0.0,0.0,0.0,0.8752415,0.0,0.0,LEFT,0.8752415
"('BOMBING', 'HERE', 5, 'GOOD_HIGH', 'UNNECESSARY', 'WAIT')",BOMBING,HERE,5,GOOD_HIGH,UNNECESSARY,WAIT,-0.011,-0.101,-0.015886014,-0.098369725,-0.051,1.1109588,BOMB,1.1109588
"('ESCAPE', 'UP', 5, 'UNAVAILABLE', 'UNSAFE', 'WAIT')",ESCAPE,UP,5,UNAVAILABLE,UNSAFE,WAIT,1.4555829,-0.3319705,-0.001,-0.901,-0.801,-1.101,UP,1.4555829
"('NONE', 'NONE', 2, 'UNAVAILABLE', 'UNNECESSARY', 'RIGHT')",NONE,NONE,2,UNAVAILABLE,UNNECESSARY,RIGHT,-0.14260954,0.6535415,-0.1292835,-4.0573387,-0.02640106,-0.1968933,RIGHT,0.6535415
"('BOMBING', 'HERE', 8, 'UNAVAILABLE', 'UNNECESSARY', 'RIGHT')",BOMBING,HERE,8,UNAVAILABLE,UNNECESSARY,RIGHT,-0.09995658,-0.08620114,-0.10114151,0.78886443,-0.08157141,-0.101,LEFT,0.78886443
"('COIN', 'UP', 4, 'UNAVAILABLE', 'UNNECESSARY', 'BOMB')",COIN,UP,4,UNAVAILABLE,UNNECESSARY,BOMB,-2.2819,-0.10019,1.0145252,-0.101,-0.051,-0.101,DOWN,1.0145252
"('COIN', 'UP', 5, 'UNAVAILABLE', 'UNNECESSARY', 'WAIT')",COIN,UP,5,UNAVAILABLE,UNNECESSARY,WAIT,1.0578362,0.0,0.0,0.0,0.0,0.0,UP,1.0578362
"('COIN', 'RIGHT', 6, 'USELESS', 'UNNECESSARY', 'UP')",COIN,RIGHT,6,USELESS,UNNECESSARY,UP,-0.101,1.551844,0.0,0.0,0.0,0.0,RIGHT,1.551844
"('COIN', 'RIGHT', 10, 'USELESS', 'UNNECESSARY', 'RIGHT')",COIN,RIGHT,10,USELESS,UNNECESSARY,RIGHT,-0.13409582,1.522087,-0.1165172,0.2553664,0.07380542,-0.2734884,RIGHT,1.522087
"('ESCAPE', 'RIGHT', 10, 'UNAVAILABLE', 'UNSAFE', 'BOMB')",ESCAPE,RIGHT,10,UNAVAILABLE,UNSAFE,BOMB,-2.228715,0.0,-0.901,1.4377205,-0.801,-0.21849008,LEFT,1.4377205
"('COIN', 'DOWN', 6, 'GOOD_HIGH', 'UNNECESSARY', 'LEFT')",COIN,DOWN,6,GOOD_HIGH,UNNECESSARY,LEFT,-0.06082636,0.014304876,1.5819244,0.0,-0.051,0.0,DOWN,1.5819244
"('BOMBING', 'RIGHT', 3, 'UNAVAILABLE', 'UNNECESSARY', 'DOWN')",BOMBING,RIGHT,3,UNAVAILABLE,UNNECESSARY,DOWN,-0.036,1.2307588,0.0,0.0,0.0,0.0,RIGHT,1.2307588
"('BOMBING', 'DOWN', 5, 'GOOD_HIGH', 'UNNECESSARY', 'UP')",BOMBING,DOWN,5,GOOD_HIGH,UNNECESSARY,UP,-0.020038608,-0.18891029,0.0806009,-0.14249098,-0.051,1.2778835,BOMB,1.2778835
"('BOMBING', 'UP', 1, 'GOOD_LOW', 'UNNECESSARY', 'DOWN')",BOMBING,UP,1,GOOD_LOW,UNNECESSARY,DOWN,-0.016,-0.0983043,-0.101,0.0,0.0,1.5692006,BOMB,1.5692006
"('BOMBING', 'UP', 1, 'UNAVAILABLE', 'UNNECESSARY', 'WAIT')",BOMBING,UP,1,UNAVAILABLE,UNNECESSARY,WAIT,1.0567867,-0.101,-0.80010206,-0.17581004,-0.030446399,-0.101,UP,1.0567867
"('BOMBING', 'UP', 1, 'GOOD_LOW', 'UNNECESSARY', 'RIGHT')",BOMBING,UP,1,GOOD_LOW,UNNECESSARY,RIGHT,0.14124808,-0.101,0.0,0.0,0.0,0.0,UP,0.14124808
"('BOMBING', 'RIGHT', 6, 'GOOD_LOW', 'UNNECESSARY', 'UP')",BOMBING,RIGHT,6,GOOD_LOW,UNNECESSARY,UP,0.0,1.0624485,0.1293607,0.0,-0.051,0.0,RIGHT,1.0624485
"('COIN', 'UP', 3, 'GOOD_HIGH', 'UNNECESSARY', 'LEFT')",COIN,UP,3,GOOD_HIGH,UNNECESSARY,LEFT,1.5644556,0.07005389,-0.08985695,0.0,-0.051,0.0,UP,1.5644556
"('COIN', 'UP', 3, 'GOOD_HIGH', 'UNNECESSARY', 'WAIT')",COIN,UP,3,GOOD_HIGH,UNNECESSARY,WAIT,0.08567096,0.0,0.0,0.0,0.0,0.0,UP,0.08567096
"('COIN', 'UP', 5, 'GOOD_HIGH', 'UNNECESSARY', 'UP')",COIN,UP,5,GOOD_HIGH,UNNECESSARY,UP,1.7518173,-0.29585078,0.003427215,-0.43252856,0.0015159249,0.49050137,UP,1.7518173
"('ESCAPE', 'DOWN', 5, 'UNAVAILABLE', 'UNNECESSARY', 'BOMB')",ESCAPE,DOWN,5,UNAVAILABLE,UNNECESSARY,BOMB,-0.18982285,0.18089134,1.4002422,0.28786248,-0.051,0.0,DOWN,1.4002422
"('BOMBING', 'UP', 1, 'GOOD_LOW', 'UNNECESSARY', 'LEFT')",BOMBING,UP,1,GOOD_LOW,UNNECESSARY,LEFT,0.0,0.0,0.0,0.0,0.0,0.023231216,BOMB,0.023231216
"('BOMBING', 'DOWN', 14, 'UNAVAILABLE', 'UNNECESSARY', 'LEFT')",BOMBING,DOWN,14,UNAVAILABLE,UNNECESSARY,LEFT,0.06647767,0.7913134,0.0,0.0,-0.051,-0.101,RIGHT,0.7913134
"('BOMBING', 'DOWN', 14, 'UNAVAILABLE', 'UNNECESSARY', 'WAIT')",BOMBING,DOWN,14,UNAVAILABLE,UNNECESSARY,WAIT,0.0,0.0,0.16269663,-0.0088912845,-0.047409713,0.0,DOWN,0.16269663
"('ESCAPE', 'DOWN', 6, 'UNAVAILABLE', 'UNNECESSARY', 'RIGHT')",ESCAPE,DOWN,6,UNAVAILABLE,UNNECESSARY,RIGHT,-0.092171,0.18988632,1.2871116,0.0,0.0,0.123160146,DOWN,1.2871116
"('BOMBING', 'DOWN', 5, 'UNAVAILABLE', 'UNNECESSARY', 'BOMB')",BOMBING,DOWN,5,UNAVAILABLE,UNNECESSARY,BOMB,-0.011,-0.0993881,0.93811154,-0.101,-0.051,-0.10019,DOWN,0.93811154
"('BOMBING', 'DOWN', 14, 'GOOD_LOW', 'UNNECESSARY', 'UP')",BOMBING,DOWN,14,GOOD_LOW,UNNECESSARY,UP,0.0,0.0,0.745195,0.0,-0.051,0.0,DOWN,0.745195
"('BOMBING', 'DOWN', 14, 'GOOD_LOW', 'UNNECESSARY', 'WAIT')",BOMBING,DOWN,14,GOOD_LOW,UNNECESSARY,WAIT,0.0,0.0,0.15493792,0.0,0.0,0.0,DOWN,0.15493792
"('BOMBING', 'DOWN', 5, 'GOOD_HIGH', 'UNNECESSARY', 'WAIT')",BOMBING,DOWN,5,GOOD_HIGH,UNNECESSARY,WAIT,0.0,0.0,0.3017738,0.0,0.0,0.0,DOWN,0.3017738
"('BOMBING', 'UP', 5, 'GOOD_HIGH', 'UNNECESSARY', 'DOWN')",BOMBING,UP,5,GOOD_HIGH,UNNECESSARY,DOWN,0.0,-0.19799662,0.0,-0.24493824,-0.078998044,1.3655429,BOMB,1.3655429
"('BOMBING', 'RIGHT', 2, 'GOOD_HIGH', 'UNNECESSARY', 'BOMB')",BOMBING,RIGHT,2,GOOD_HIGH,UNNECESSARY,BOMB,0.0,0.14636862,0.0,0.0,-0.0501171,0.0,RIGHT,0.14636862
"('BOMBING', 'UP', 5, 'UNAVAILABLE', 'UNNECESSARY', 'UP')",BOMBING,UP,5,UNAVAILABLE,UNNECESSARY,UP,1.0347165,-0.21224116,0.15142533,-0.20612948,0.081448965,-0.26118907,UP,1.0347165
"('BOMBING', 'DOWN', 6, 'UNSAFE', 'UNNECESSARY', 'LEFT')",BOMBING,DOWN,6,UNSAFE,UNNECESSARY,LEFT,0.0,0.0,0.46056995,-0.17541122,0.0,0.0,DOWN,0.46056995
"('BOMBING', 'UP', 4, 'UNAVAILABLE', 'UNNECESSARY', 'BOMB')",BOMBING,UP,4,UNAVAILABLE,UNNECESSARY,BOMB,-4.9182153,-0.14428529,0.9962333,-0.101,-0.07346715,-0.101,DOWN,0.9962333
"('BOMBING', 'RIGHT', 2, 'UNAVAILABLE', 'UNNECESSARY', 'BOMB')",BOMBING,RIGHT,2,UNAVAILABLE,UNNECESSARY,BOMB,-0.101,0.6214273,0.0,0.0,-0.0501171,0.0,RIGHT,0.6214273
"('BOMBING', 'RIGHT', 10, 'USELESS', 'UNNECESSARY', 'WAIT')",BOMBING,RIGHT,10,USELESS,UNNECESSARY,WAIT,0.0,1.0418594,-0.101,0.0,-0.051,-0.25001985,RIGHT,1.0418594
"('BOMBING', 'RIGHT', 10, 'USELESS', 'UNNECESSARY', 'DOWN')",BOMBING,RIGHT,10,USELESS,UNNECESSARY,DOWN,0.0,0.94771564,0.0,-0.011,0.0,0.0,RIGHT,0.94771564
"('BOMBING', 'RIGHT', 10, 'USELESS', 'UNNECESSARY', 'UP')",BOMBING,RIGHT,10,USELESS,UNNECESSARY,UP,-0.101,0.88720083,0.0,0.0,-0.051,-0.151,RIGHT,0.88720083
"('ESCAPE', 'LEFT', 10, 'UNAVAILABLE', 'UNNECESSARY', 'BOMB')",ESCAPE,LEFT,10,UNAVAILABLE,UNNECESSARY,BOMB,0.0,1.2117271,-0.10109,0.5117959,0.0,0.015291969,RIGHT,1.2117271
"('NONE', 'NONE', 4, 'UNAVAILABLE', 'UNNECESSARY', 'DOWN')",NONE,NONE,4,UNAVAILABLE,UNNECESSARY,DOWN,-1.201,-0.21465999,0.756303,0.25642213,0.0069609513,-0.08421679,DOWN,0.756303
"('BOMBING', 'DOWN', 6, 'GOOD_HIGH', 'UNNECESSARY', 'UP')",BOMBING,DOWN,6,GOOD_HIGH,UNNECESSARY,UP,0.0,0.0,-0.013873108,0.0,0.0,1.0478668,BOMB,1.0478668
"('BOMBING', 'RIGHT', 7, 'USELESS', 'UNNECESSARY', 'DOWN')",BOMBING,RIGHT,7,USELESS,UNNECESSARY,DOWN,-0.0072867293,1.0396907,0.07556609,-0.14886248,0.0,0.030680908,RIGHT,1.0396907
"('BOMBING', 'RIGHT', 7, 'USELESS', 'UNNECESSARY', 'LEFT')",BOMBING,RIGHT,7,USELESS,UNNECESSARY,LEFT,0.033601742,0.7315504,-0.012884784,-0.101,-0.051,-0.11519369,RIGHT,0.7315504
"('BOMBING', 'RIGHT', 7, 'USELESS', 'UNNECESSARY', 'WAIT')",BOMBING,RIGHT,7,USELESS,UNNECESSARY,WAIT,0.0,0.2858249,-0.011,0.0,-0.051,-0.14861484,RIGHT,0.2858249
"('BOMBING', 'RIGHT', 7, 'UNAVAILABLE', 'UNNECESSARY', 'DOWN')",BOMBING,RIGHT,7,UNAVAILABLE,UNNECESSARY,DOWN,0.26083612,1.655475,0.0,0.0,-0.04596484,0.0,RIGHT,1.655475
"('BOMBING', 'DOWN', 4, 'UNAVAILABLE', 'UNNECESSARY', 'UP')",BOMBING,DOWN,4,UNAVAILABLE,UNNECESSARY,UP,0.0,-0.17783733,0.88930094,0.0,-0.051,-0.101,DOWN,0.88930094
"('BOMBING', 'DOWN', 5, 'UNAVAILABLE', 'UNNECESSARY', 'WAIT')",BOMBING,DOWN,5,UNAVAILABLE,UNNECESSARY,WAIT,-0.011,-0.101,0.9103157,-0.101,-0.051,0.0,DOWN,0.9103157
"('BOMBING', 'DOWN', 5, 'USELESS', 'UNNECESSARY', 'UP')",BOMBING,DOWN,5,USELESS,UNNECESSARY,UP,0.57557595,-0.32639462,0.23743325,-0.3018978,-0.07621411,-0.20814438,UP,0.57557595
"('BOMBING', 'DOWN', 6, 'USELESS', 'UNNECESSARY', 'UP')",BOMBING,DOWN,6,USELESS,UNNECESSARY,UP,0.0,0.0,0.6803653,0.0,-0.051,0.0,DOWN,0.6803653
"('BOMBING', 'DOWN', 6, 'USELESS', 'UNNECESSARY', 'WAIT')",BOMBING,DOWN,6,USELESS,UNNECESSARY,WAIT,0.0,0.0,0.0,0.0,0.0,-0.151,UP,0.0
"('ESCAPE', 'DOWN', 6, 'UNAVAILABLE', 'UNNECESSARY', 'BOMB')",ESCAPE,DOWN,6,UNAVAILABLE,UNNECESSARY,BOMB,0.0,2.135556,0.0,0.0,0.0,0.0,RIGHT,2.135556
"('BOMBING', 'DOWN', 5, 'GOOD_LOW', 'UNNECESSARY', 'UP')",BOMBING,DOWN,5,GOOD_LOW,UNNECESSARY,UP,-0.009992441,0.0,0.0666888,-0.1919,-0.051,1.3062373,BOMB,1.3062373
"('BOMBING', 'DOWN', 13, 'GOOD_HIGH', 'UNNECESSARY', 'DOWN')",BOMBING,DOWN,13,GOOD_HIGH,UNNECESSARY,DOWN,0.0,0.0,0.0,0.10339623,0.0,1.3643421,BOMB,1.3643421
"('BOMBING', 'DOWN', 13, 'GOOD_HIGH', 'UNNECESSARY', 'RIGHT')",BOMBING,DOWN,13,GOOD_HIGH,UNNECESSARY,RIGHT,0.0,0.0,1.0679411,0.0,-0.051,-0.00109,DOWN,1.0679411
"('BOMBING', 'LEFT', 8, 'UNAVAILABLE', 'UNNECESSARY', 'LEFT')",BOMBING,LEFT,8,UNAVAILABLE,UNNECESSARY,LEFT,-0.04617513,-2.7027102,0.8598375,3.604916,0.3528129,0.17691384,LEFT,3.604916
"('BOMBING', 'LEFT', 10, 'UNAVAILABLE', 'UNNECESSARY', 'UP')",BOMBING,LEFT,10,UNAVAILABLE,UNNECESSARY,UP,0.0,-0.0209,0.0,1.0827401,0.0,-0.101,LEFT,1.0827401
"('BOMBING', 'LEFT', 12, 'USELESS', 'UNNECESSARY', 'RIGHT')",BOMBING,LEFT,12,USELESS,UNNECESSARY,RIGHT,-0.10023855,-0.101,0.28657764,0.0,-0.051,0.0,DOWN,0.28657764
"('BOMBING', 'LEFT', 12, 'USELESS', 'UNNECESSARY', 'UP')",BOMBING,LEFT,12,USELESS,UNNECESSARY,UP,-0.101,0.0,-0.034461,1.0176804,0.0,-0.151,LEFT,1.0176804
"('BOMBING', 'DOWN', 6, 'GOOD_LOW', 'UNNECESSARY', 'LEFT')",BOMBING,DOWN,6,GOOD_LOW,UNNECESSARY,LEFT,0.0,0.0,0.0,0.047606204,0.0,1.732833,BOMB,1.732833
"('ESCAPE', 'RIGHT', 6, 'UNAVAILABLE', 'UNNECESSARY', 'DOWN')",ESCAPE,RIGHT,6,UNAVAILABLE,UNNECESSARY,DOWN,-1.3623421,0.10900411,2.0979724,-0.5407363,0.104066886,0.23456857,DOWN,2.0979724
"('BOMBING', 'UP', 3, 'GOOD_LOW', 'UNNECESSARY', 'LEFT')",BOMBING,UP,3,GOOD_LOW,UNNECESSARY,LEFT,0.0,0.05988981,-0.10083702,0.0,0.0,1.4315611,BOMB,1.4315611
"('ESCAPE', 'RIGHT', 3, 'UNAVAILABLE', 'UNNECESSARY', 'UP')",ESCAPE,RIGHT,3,UNAVAILABLE,UNNECESSARY,UP,0.16039684,1.7959462,-1.4416147,-0.64953285,-0.0044929944,-0.078327,RIGHT,1.7959462
"('BOMBING', 'UP', 1, 'UNAVAILABLE', 'UNNECESSARY', 'RIGHT')",BOMBING,UP,1,UNAVAILABLE,UNNECESSARY,RIGHT,0.9882777,-0.101,-0.16928838,-0.0285149,0.0,-0.101,UP,0.9882777
"('BOMBING', 'UP', 1, 'UNAVAILABLE', 'UNNECESSARY', 'LEFT')",BOMBING,UP,1,UNAVAILABLE,UNNECESSARY,LEFT,0.9948699,0.0,-1.201,0.0,-0.051,-0.101,UP,0.9948699
"('BOMBING', 'UP', 5, 'UNAVAILABLE', 'UNNECESSARY', 'BOMB')",BOMBING,UP,5,UNAVAILABLE,UNNECESSARY,BOMB,1.0199246,-0.19117099,-0.0078655835,-0.101,-0.10594447,-0.101,UP,1.0199246
"('BOMBING', 'LEFT', 2, 'UNAVAILABLE', 'UNNECESSARY', 'RIGHT')",BOMBING,LEFT,2,UNAVAILABLE,UNNECESSARY,RIGHT,-0.16460082,0.32016838,0.42515808,-3.5523365,1.9445897,-0.25378594,WAIT,1.9445897
"('COIN', 'DOWN', 4, 'UNAVAILABLE', 'UNNECESSARY', 'RIGHT')",COIN,DOWN,4,UNAVAILABLE,UNNECESSARY,RIGHT,0.0,0.0,1.5459721,0.0,0.0,0.0,DOWN,1.5459721
"('COIN', 'RIGHT', 3, 'GOOD_LOW', 'UNNECESSARY', 'LEFT')",COIN,RIGHT,3,GOOD_LOW,UNNECESSARY,LEFT,0.0,-0.016,0.0,-0.101,-0.051,0.0,UP,0.0
"('COIN', 'RIGHT', 10, 'USELESS', 'UNNECESSARY', 'DOWN')",COIN,RIGHT,10,USELESS,UNNECESSARY,DOWN,0.0,1.279074,-0.101,-0.011,-0.036313683,-0.15064673,RIGHT,1.279074
"('COIN', 'DOWN', 0, 'UNAVAILABLE', 'NECESSARY', 'UP')",COIN,DOWN,0,UNAVAILABLE,NECESSARY,UP,-0.17304814,-0.12573276,-3.25471,-0.1919,1.2342259,-0.1919,WAIT,1.2342259
"('NONE', 'NONE', 5, 'UNAVAILABLE', 'UNNECESSARY', 'UP')",NONE,NONE,5,UNAVAILABLE,UNNECESSARY,UP,0.1967442,-0.21285832,0.87579405,-0.30522817,-0.045704808,-0.6157584,DOWN,0.87579405
"('BOMBING', 'UP', 5, 'UNAVAILABLE', 'UNNECESSARY', 'LEFT')",BOMBING,UP,5,UNAVAILABLE,UNNECESSARY,LEFT,0.9645006,-0.101,0.104846455,-0.101,0.0,0.0,UP,0.9645006
"('BOMBING', 'UP', 3, 'GOOD_LOW', 'UNNECESSARY', 'DOWN')",BOMBING,UP,3,GOOD_LOW,UNNECESSARY,DOWN,0.0,0.0,-0.101,0.0,-0.051,0.088480145,BOMB,0.088480145
"('BOMBING', 'UP', 3, 'GOOD_LOW', 'UNNECESSARY', 'WAIT')",BOMBING,UP,3,GOOD_LOW,UNNECESSARY,WAIT,0.0,0.0,-0.101,0.0,0.0,0.0,UP,0.0
"('COIN', 'LEFT', 2, 'UNAVAILABLE', 'UNNECESSARY', 'RIGHT')",COIN,LEFT,2,UNAVAILABLE,UNNECESSARY,RIGHT,-0.12949082,1.7901889,-0.00690341,-3.05471,0.26631492,-0.22181624,RIGHT,1.7901889
"('COIN', 'LEFT', 10, 'GOOD_HIGH', 'UNNECESSARY', 'LEFT')",COIN,LEFT,10,GOOD_HIGH,UNNECESSARY,LEFT,-0.26655272,0.15037242,-0.32824054,2.010458,-0.04641345,0.243275,LEFT,2.010458
"('COIN', 'UP', 4, 'UNAVAILABLE', 'UNNECESSARY', 'LEFT')",COIN,UP,4,UNAVAILABLE,UNNECESSARY,LEFT,-1.201,0.0,0.4871584,0.0,0.0,-0.101,DOWN,0.4871584
"('COIN', 'UP', 5, 'UNAVAILABLE', 'UNNECESSARY', 'BOMB')",COIN,UP,5,UNAVAILABLE,UNNECESSARY,BOMB,0.8547751,-0.101,-0.008498533,-0.101,-0.036721535,-0.18785025,UP,0.8547751
"('COIN', 'UP', 5, 'GOOD_HIGH', 'UNNECESSARY', 'WAIT')",COIN,UP,5,GOOD_HIGH,UNNECESSARY,WAIT,1.1025381,-0.101,-0.011,0.0,0.0,0.0,UP,1.1025381
"('COIN', 'UP', 1, 'GOOD_HIGH', 'UNNECESSARY', 'RIGHT')",COIN,UP,1,GOOD_HIGH,UNNECESSARY,RIGHT,0.0,-0.09542579,0.0,0.0,-0.051,0.3274048,BOMB,0.3274048
"('COIN', 'UP', 1, 'GOOD_HIGH', 'UNNECESSARY', 'WAIT')",COIN,UP,1,GOOD_HIGH,UNNECESSARY,WAIT,0.0,-0.101,-0.101,-0.101,-0.051,0.57631135,BOMB,0.57631135
"('COIN', 'LEFT', 8, 'UNAVAILABLE', 'UNNECESSARY', 'LEFT')",COIN,LEFT,8,UNAVAILABLE,UNNECESSARY,LEFT,0.30823877,-3.8302388,0.00013295913,0.18114221,2.3316038,-0.07571118,WAIT,2.3316038
"('BOMBING', 'UP', 9, 'GOOD_LOW', 'UNNECESSARY', 'RIGHT')",BOMBING,UP,9,GOOD_LOW,UNNECESSARY,RIGHT,1.0320765,0.0,0.0,0.10967283,0.0,0.28055525,UP,1.0320765
"('BOMBING', 'UP', 5, 'USELESS', 'UNNECESSARY', 'WAIT')",BOMBING,UP,5,USELESS,UNNECESSARY,WAIT,0.92989063,0.0,0.0,-0.101,0.0,0.0,UP,0.92989063
"('BOMBING', 'UP', 9, 'GOOD_LOW', 'UNNECESSARY', 'DOWN')",BOMBING,UP,9,GOOD_LOW,UNNECESSARY,DOWN,0.36951736,-0.10019,-0.101,-0.011269232,-0.051,0.0,UP,0.36951736
"('BOMBING', 'UP', 3, 'GOOD_HIGH', 'UNNECESSARY', 'NONE')",BOMBING,UP,3,GOOD_HIGH,UNNECESSARY,NONE,0.0,0.0,0.0,-0.10019,0.0,1.2470312,BOMB,1.2470312
"('COIN', 'DOWN', 5, 'GOOD_HIGH', 'UNNECESSARY', 'DOWN')",COIN,DOWN,5,GOOD_HIGH,UNNECESSARY,DOWN,0.060340516,-0.27821887,1.7635932,-0.2030918,-0.051,0.28054768,DOWN,1.7635932
"('COIN', 'DOWN', 5, 'USELESS', 'UNNECESSARY', 'UP')",COIN,DOWN,5,USELESS,UNNECESSARY,UP,0.14155391,-0.21228877,1.2676351,-0.11174543,-0.016176276,-0.19176494,DOWN,1.2676351
"('BOMBING', 'HERE', 4, 'UNAVAILABLE', 'UNNECESSARY', 'BOMB')",BOMBING,HERE,4,UNAVAILABLE,UNNECESSARY,BOMB,-1.2909865,-0.101,0.23583035,-0.101,-0.05148141,-0.101,DOWN,0.23583035
"('BOMBING', 'LEFT', 11, 'UNAVAILABLE', 'UNNECESSARY', 'LEFT')",BOMBING,LEFT,11,UNAVAILABLE,UNNECESSARY,LEFT,0.084564015,0.5949589,0.099,0.0,-0.051,0.0,RIGHT,0.5949589
"('BOMBING', 'LEFT', 12, 'UNSAFE', 'UNNECESSARY', 'UP')",BOMBING,LEFT,12,UNSAFE,UNNECESSARY,UP,-0.101,0.0,0.0,0.3587056,-0.051,0.0,LEFT,0.3587056
"('BOMBING', 'LEFT', 12, 'GOOD_LOW', 'UNNECESSARY', 'UP')",BOMBING,LEFT,12,GOOD_LOW,UNNECESSARY,UP,-0.101,-0.14407475,-0.03188731,1.0144178,-0.051,0.0,LEFT,1.0144178
"('COIN', 'RIGHT', 0, 'UNAVAILABLE', 'NECESSARY', 'LEFT')",COIN,RIGHT,0,UNAVAILABLE,NECESSARY,LEFT,-0.121039115,-1.201,-0.101,-0.09199,1.533394,-0.101,WAIT,1.533394
"('COIN', 'RIGHT', 2, 'UNAVAILABLE', 'UNNECESSARY', 'LEFT')",COIN,RIGHT,2,UNAVAILABLE,UNNECESSARY,LEFT,-0.32993796,-0.87135226,-0.33272386,-0.7631816,-0.5752471,-0.3366373,UP,-0.32993796
"('COIN', 'DOWN', 12, 'GOOD_HIGH', 'UNNECESSARY', 'WAIT')",COIN,DOWN,12,GOOD_HIGH,UNNECESSARY,WAIT,0.0,-0.101,0.0,0.0,0.0,0.0,UP,0.0
"('BOMBING', 'HERE', 4, 'UNAVAILABLE', 'UNNECESSARY', 'DOWN')",BOMBING,HERE,4,UNAVAILABLE,UNNECESSARY,DOWN,0.0,0.0,1.265151,0.0,-0.001202289,0.0,DOWN,1.265151
"('BOMBING', 'HERE', 5, 'UNAVAILABLE', 'UNNECESSARY', 'WAIT')",BOMBING,HERE,5,UNAVAILABLE,UNNECESSARY,WAIT,0.0,0.0,0.9581614,-0.07111148,-0.051,0.0,DOWN,0.9581614
"('BOMBING', 'DOWN', 4, 'GOOD_HIGH', 'UNNECESSARY', 'BOMB')",BOMBING,DOWN,4,GOOD_HIGH,UNNECESSARY,BOMB,0.0,-0.101,0.0,0.0,-0.051,0.0,UP,0.0
"('BOMBING', 'DOWN', 4, 'GOOD_HIGH', 'UNNECESSARY', 'RIGHT')",BOMBING,DOWN,4,GOOD_HIGH,UNNECESSARY,RIGHT,0.0,0.0,0.2447729,0.0,0.0,0.0,DOWN,0.2447729
"('BOMBING', 'LEFT', 9, 'GOOD_HIGH', 'UNNECESSARY', 'DOWN')",BOMBING,LEFT,9,GOOD_HIGH,UNNECESSARY,DOWN,0.0,-0.055091064,0.0,0.10804975,-0.096090004,1.8153102,BOMB,1.8153102
"('BOMBING', 'LEFT', 9, 'GOOD_HIGH', 'UNNECESSARY', 'WAIT')",BOMBING,LEFT,9,GOOD_HIGH,UNNECESSARY,WAIT,0.0,0.0,0.0,0.09767492,0.0,0.0,LEFT,0.09767492
"('BOMBING', 'LEFT', 9, 'GOOD_HIGH', 'UNNECESSARY', 'RIGHT')",BOMBING,LEFT,9,GOOD_HIGH,UNNECESSARY,RIGHT,-0.011,0.0,0.0,0.55838615,0.0,0.0,LEFT,0.55838615
"('BOMBING', 'LEFT', 11, 'GOOD_HIGH', 'UNNECESSARY', 'DOWN')",BOMBING,LEFT,11,GOOD_HIGH,UNNECESSARY,DOWN,-0.02779329,0.057728145,-0.101,1.067655,0.0,0.0,LEFT,1.067655
"('BOMBING', 'UP', 0, 'UNAVAILABLE', 'NECESSARY', 'DOWN')",BOMBING,UP,0,UNAVAILABLE,NECESSARY,DOWN,-1.201,-0.4208356,-0.670894,-0.51848716,1.8474514,-0.35441017,WAIT,1.8474514
"('BOMBING', 'HERE', 1, 'UNAVAILABLE', 'UNNECESSARY', 'WAIT')",BOMBING,HERE,1,UNAVAILABLE,UNNECESSARY,WAIT,0.96348184,-0.16040775,-0.065011196,-0.22603491,-0.11478393,-0.33576012,UP,0.96348184
"('BOMBING', 'RIGHT', 6, 'GOOD_HIGH', 'UNNECESSARY', 'WAIT')",BOMBING,RIGHT,6,GOOD_HIGH,UNNECESSARY,WAIT,0.0,0.04652512,0.0,0.0,0.0,0.0,RIGHT,0.04652512
"('BOMBING', 'DOWN', 14, 'USELESS', 'UNNECESSARY', 'RIGHT')",BOMBING,DOWN,14,USELESS,UNNECESSARY,RIGHT,-0.032010183,0.0,1.0768648,-0.040606547,0.0,-0.087072045,DOWN,1.0768648
"('BOMBING', 'HERE', 13, 'GOOD_HIGH', 'UNNECESSARY', 'DOWN')",BOMBING,HERE,13,GOOD_HIGH,UNNECESSARY,DOWN,-0.036,-0.08403059,0.0,0.089142896,-0.072941914,1.1308503,BOMB,1.1308503
"('BOMBING', 'DOWN', 5, 'GOOD_LOW', 'UNNECESSARY', 'WAIT')",BOMBING,DOWN,5,GOOD_LOW,UNNECESSARY,WAIT,0.0,0.0,0.5410005,-0.101,0.0,0.0,DOWN,0.5410005
"('BOMBING', 'DOWN', 5, 'GOOD_LOW', 'UNNECESSARY', 'LEFT')",BOMBING,DOWN,5,GOOD_LOW,UNNECESSARY,LEFT,-0.011,-0.101,-0.044007108,-0.101,-0.048435476,0.63363963,BOMB,0.63363963
"('BOMBING', 'DOWN', 5, 'GOOD_LOW', 'UNNECESSARY', 'RIGHT')",BOMBING,DOWN,5,GOOD_LOW,UNNECESSARY,RIGHT,0.0,0.0,0.33347616,-0.09924447,0.0,-0.001184851,DOWN,0.33347616
"('ESCAPE', 'RIGHT', 10, 'UNAVAILABLE', 'UNNECESSARY', 'WAIT')",ESCAPE,RIGHT,10,UNAVAILABLE,UNNECESSARY,WAIT,-0.101,0.5801664,0.17323877,0.0,0.0,0.0,RIGHT,0.5801664
"('COIN', 'DOWN', 5, 'UNAVAILABLE', 'UNNECESSARY', 'RIGHT')",COIN,DOWN,5,UNAVAILABLE,UNNECESSARY,RIGHT,-0.011,-0.12740248,1.7596403,-1.2918999,-0.051,0.0,DOWN,1.7596403
"('COIN', 'DOWN', 5, 'UNAVAILABLE', 'UNNECESSARY', 'LEFT')",COIN,DOWN,5,UNAVAILABLE,UNNECESSARY,LEFT,-0.011,-0.101,1.3422705,-0.098732,-0.05019,0.0,DOWN,1.3422705
"('COIN', 'RIGHT', 2, 'UNAVAILABLE', 'UNNECESSARY', 'RIGHT')",COIN,RIGHT,2,UNAVAILABLE,UNNECESSARY,RIGHT,0.07448034,0.19765413,0.5373215,-2.4744391,2.3929136,0.055725344,WAIT,2.3929136
"('COIN', 'RIGHT', 10, 'UNAVAILABLE', 'UNNECESSARY', 'DOWN')",COIN,RIGHT,10,UNAVAILABLE,UNNECESSARY,DOWN,-0.1919,1.266621,0.0,-0.011,0.0,-0.101,RIGHT,1.266621
"('COIN', 'RIGHT', 10, 'USELESS', 'UNNECESSARY', 'UP')",COIN,RIGHT,10,USELESS,UNNECESSARY,UP,-0.12117992,1.4309541,-0.101,0.0,-0.051,-0.14967282,RIGHT,1.4309541
"('COIN', 'RIGHT', 10, 'USELESS', 'UNNECESSARY', 'WAIT')",COIN,RIGHT,10,USELESS,UNNECESSARY,WAIT,-0.101,1.2160262,0.0,0.0,0.0,0.0,RIGHT,1.2160262
"('COIN', 'RIGHT', 1, 'UNAVAILABLE', 'UNNECESSARY', 'LEFT')",COIN,RIGHT,1,UNAVAILABLE,UNNECESSARY,LEFT,1.0068694,-1.201,-0.101,-0.096451096,-0.051,-0.101,UP,1.0068694
"('COIN', 'DOWN', 5, 'UNAVAILABLE', 'UNNECESSARY', 'UP')",COIN,DOWN,5,UNAVAILABLE,UNNECESSARY,UP,0.13701339,0.0,1.2945743,-0.101,0.025168678,-0.26701692,DOWN,1.2945743
"('COIN', 'RIGHT', 3, 'USELESS', 'UNNECESSARY', 'DOWN')",COIN,RIGHT,3,USELESS,UNNECESSARY,DOWN,0.0,1.470883,0.032448675,0.0,0.0,0.0,RIGHT,1.470883
"('COIN', 'RIGHT', 10, 'GOOD_HIGH', 'UNNECESSARY', 'RIGHT')",COIN,RIGHT,10,GOOD_HIGH,UNNECESSARY,RIGHT,-0.18070626,1.6783668,-0.23166423,0.3459288,0.05577509,0.12816365,RIGHT,1.6783668
"('COIN', 'RIGHT', 11, 'USELESS', 'UNNECESSARY', 'RIGHT')",COIN,RIGHT,11,USELESS,UNNECESSARY,RIGHT,0.0,1.5549304,0.045135997,0.035031106,-0.11642701,-0.06380146,RIGHT,1.5549304
"('ESCAPE', 'UP', 11, 'UNAVAILABLE', 'UNNECESSARY', 'BOMB')",ESCAPE,UP,11,UNAVAILABLE,UNNECESSARY,BOMB,1.2899861,0.5781942,-0.6306988,0.4084465,0.053025052,-0.22862102,UP,1.2899861
"('COIN', 'RIGHT', 8, 'UNAVAILABLE', 'UNNECESSARY', 'LEFT')",COIN,RIGHT,8,UNAVAILABLE,UNNECESSARY,LEFT,0.05190286,-3.25471,0.4998362,2.2087657,0.1782603,-0.08561962,LEFT,2.2087657
"('COIN', 'RIGHT', 10, 'UNAVAILABLE', 'UNNECESSARY', 'BOMB')",COIN,RIGHT,10,UNAVAILABLE,UNNECESSARY,BOMB,0.0,0.6507478,-0.101,0.0,0.0,0.0,RIGHT,0.6507478
"('COIN', 'RIGHT', 10, 'GOOD_HIGH', 'UNNECESSARY', 'DOWN')",COIN,RIGHT,10,GOOD_HIGH,UNNECESSARY,DOWN,-0.101,0.0,-0.101,-0.0073850574,-0.096090004,0.37406427,BOMB,0.37406427
"('COIN', 'RIGHT', 10, 'GOOD_HIGH', 'UNNECESSARY', 'WAIT')",COIN,RIGHT,10,GOOD_HIGH,UNNECESSARY,WAIT,0.0,1.0853674,0.0,0.0,0.0,0.0,RIGHT,1.0853674
"('COIN', 'UP', 13, 'GOOD_HIGH', 'UNNECESSARY', 'RIGHT')",COIN,UP,13,GOOD_HIGH,UNNECESSARY,RIGHT,1.7486677,0.0,0.04843064,0.0,0.0,0.00854816,UP,1.7486677
"('COIN', 'UP', 5, 'GOOD_HIGH', 'UNNECESSARY', 'RIGHT')",COIN,UP,5,GOOD_HIGH,UNNECESSARY,RIGHT,0.0,-0.101,0.0,0.0,0.0,0.4674964,BOMB,0.4674964
"('COIN', 'UP', 5, 'GOOD_LOW', 'UNNECESSARY', 'RIGHT')",COIN,UP,5,GOOD_LOW,UNNECESSARY,RIGHT,0.46539894,-0.101,-0.101900004,-0.1919,-0.051,0.0,UP,0.46539894
"('COIN', 'UP', 5, 'GOOD_LOW', 'UNNECESSARY', 'WAIT')",COIN,UP,5,GOOD_LOW,UNNECESSARY,WAIT,0.18487981,0.0,0.0,0.0,0.0,0.0,UP,0.18487981
"('COIN', 'RIGHT', 6, 'ATTACK', 'UNNECESSARY', 'UP')",COIN,RIGHT,6,ATTACK,UNNECESSARY,UP,0.0,0.0,0.0,-0.101,-0.051,0.77172107,BOMB,0.77172107
"('ESCAPE', 'RIGHT', 6, 'ATTACK', 'UNNECESSARY', 'LEFT')",ESCAPE,RIGHT,6,ATTACK,UNNECESSARY,LEFT,-0.101,0.0,-0.001,-0.101,-0.051,0.23399845,BOMB,0.23399845
"('COIN', 'DOWN', 5, 'GOOD_LOW', 'UNNECESSARY', 'DOWN')",COIN,DOWN,5,GOOD_LOW,UNNECESSARY,DOWN,0.13939776,-0.2580018,1.4992541,-0.2670454,-0.0079047065,0.35068536,DOWN,1.4992541
"('COIN', 'DOWN', 5, 'GOOD_LOW', 'UNNECESSARY', 'WAIT')",COIN,DOWN,5,GOOD_LOW,UNNECESSARY,WAIT,-0.001,0.0,0.8619162,0.0,0.0,0.0,DOWN,0.8619162
"('ESCAPE', 'RIGHT', 6, 'GOOD_HIGH', 'UNSAFE', 'UP')",ESCAPE,RIGHT,6,GOOD_HIGH,UNSAFE,UP,0.0,0.06946621,-0.001,-0.601,0.0,-0.501,RIGHT,0.06946621
"('COIN', 'UP', 4, 'GOOD_LOW', 'UNNECESSARY', 'DOWN')",COIN,UP,4,GOOD_LOW,UNNECESSARY,DOWN,0.0,-0.101,0.21443787,0.0,-0.0488049,0.0,DOWN,0.21443787
"('COIN', 'UP', 5, 'GOOD_LOW', 'UNNECESSARY', 'LEFT')",COIN,UP,5,GOOD_LOW,UNNECESSARY,LEFT,0.7089021,-0.101,-0.011,0.0,0.0,0.0,UP,0.7089021
"('COIN', 'UP', 1, 'ATTACK', 'UNNECESSARY', 'DOWN')",COIN,UP,1,ATTACK,UNNECESSARY,DOWN,-0.001,-0.101,-0.07046841,-0.16127211,-0.051,0.89966357,BOMB,0.89966357
"('ESCAPE', 'UP', 1, 'ATTACK', 'UNNECESSARY', 'DOWN')",ESCAPE,UP,1,ATTACK,UNNECESSARY,DOWN,-0.001,0.0,0.0,0.0,0.0,1.4245448,BOMB,1.4245448
"('ESCAPE', 'RIGHT', 14, 'GOOD_LOW', 'UNNECESSARY', 'UP')",ESCAPE,RIGHT,14,GOOD_LOW,UNNECESSARY,UP,-0.101,0.056313056,0.0,0.0,0.0,0.0,RIGHT,0.056313056
"('ESCAPE', 'RIGHT', 10, 'GOOD_LOW', 'UNNECESSARY', 'UP')",ESCAPE,RIGHT,10,GOOD_LOW,UNNECESSARY,UP,-0.101,0.150572,0.0,0.0,0.0,0.0,RIGHT,0.150572
"('ESCAPE', 'RIGHT', 10, 'GOOD_LOW', 'UNSAFE', 'UP')",ESCAPE,RIGHT,10,GOOD_LOW,UNSAFE,UP,0.0,0.121131845,0.0,-0.001,0.0,0.0,RIGHT,0.121131845
"('COIN', 'RIGHT', 8, 'USELESS', 'UNNECESSARY', 'LEFT')",COIN,RIGHT,8,USELESS,UNNECESSARY,LEFT,-0.101,0.0,-0.101,1.0488219,-0.051,-0.45171133,LEFT,1.0488219
"('ESCAPE', 'UP', 7, 'UNAVAILABLE', 'UNNECESSARY', 'RIGHT')",ESCAPE,UP,7,UNAVAILABLE,UNNECESSARY,RIGHT,0.54028994,0.4844175,1.127841,-0.7691867,0.42645672,0.080311134,DOWN,1.127841
"('COIN', 'UP', 4, 'UNAVAILABLE', 'UNNECESSARY', 'UP')",COIN,UP,4,UNAVAILABLE,UNNECESSARY,UP,-1.201,-0.101,0.630564,-0.078887194,0.0,-0.101,DOWN,0.630564
"('COIN', 'UP', 0, 'UNAVAILABLE', 'NECESSARY', 'RIGHT')",COIN,UP,0,UNAVAILABLE,NECESSARY,RIGHT,-0.501,-0.1317783,0.0,-0.09421742,0.2700601,-0.101,WAIT,0.2700601
"('BOMBING', 'RIGHT', 6, 'GOOD_HIGH', 'UNNECESSARY', 'UP')",BOMBING,RIGHT,6,GOOD_HIGH,UNNECESSARY,UP,0.0,0.0,0.20453799,-0.101,-0.050015327,1.2206798,BOMB,1.2206798
"('BOMBING', 'UP', 1, 'GOOD_HIGH', 'UNNECESSARY', 'BOMB')",BOMBING,UP,1,GOOD_HIGH,UNNECESSARY,BOMB,0.0,0.0,-0.07565458,-0.099461,0.0,0.0,UP,0.0
"('BOMBING', 'DOWN', 14, 'UNAVAILABLE', 'UNNECESSARY', 'RIGHT')",BOMBING,DOWN,14,UNAVAILABLE,UNNECESSARY,RIGHT,-0.029224457,0.0,1.6111242,0.05537088,-0.017423345,-0.101,DOWN,1.6111242
"('COIN', 'UP', 5, 'GOOD_HIGH', 'UNNECESSARY', 'DOWN')",COIN,UP,5,GOOD_HIGH,UNNECESSARY,DOWN,-0.016,-0.07294349,-0.0209,-0.2810837,0.0,1.2993605,BOMB,1.2993605
"('BOMBING', 'HERE', 5, 'GOOD_HIGH', 'UNNECESSARY', 'RIGHT')",BOMBING,HERE,5,GOOD_HIGH,UNNECESSARY,RIGHT,-0.012881,-0.101,-0.010441387,-0.101,-0.051,0.7520746,BOMB,0.7520746
"('COIN', 'DOWN', 8, 'UNAVAILABLE', 'UNNECESSARY', 'UP')",COIN,DOWN,8,UNAVAILABLE,UNNECESSARY,UP,-0.07654902,-0.026890056,-1.201,0.7657473,-0.04101107,-0.101,LEFT,0.7657473
"('BOMBING', 'DOWN', 6, 'GOOD_LOW', 'UNNECESSARY', 'NONE')",BOMBING,DOWN,6,GOOD_LOW,UNNECESSARY,NONE,-0.101,-0.011217728,0.0,0.39218235,-0.051,0.0,LEFT,0.39218235
"('BOMBING', 'DOWN', 6, 'GOOD_LOW', 'UNNECESSARY', 'WAIT')",BOMBING,DOWN,6,GOOD_LOW,UNNECESSARY,WAIT,0.0,0.0,0.0,0.0,0.0,0.0042468384,BOMB,0.0042468384
"('BOMBING', 'HERE', 1, 'UNAVAILABLE', 'UNNECESSARY', 'UP')",BOMBING,HERE,1,UNAVAILABLE,UNNECESSARY,UP,0.7197168,0.0,-1.201,-0.13536671,0.0,0.0,UP,0.7197168
"('COIN', 'LEFT', 9, 'GOOD_LOW', 'UNNECESSARY', 'DOWN')",COIN,LEFT,9,GOOD_LOW,UNNECESSARY,DOWN,0.0,-0.101,0.0,0.028143073,0.0,1.5565912,BOMB,1.5565912
"('COIN', 'LEFT', 9, 'GOOD_LOW', 'UNNECESSARY', 'RIGHT')",COIN,LEFT,9,GOOD_LOW,UNNECESSARY,RIGHT,0.0,0.0,0.0,0.0,-0.051,0.0,UP,0.0
"('COIN', 'LEFT', 9, 'GOOD_LOW', 'UNNECESSARY', 'WAIT')",COIN,LEFT,9,GOOD_LOW,UNNECESSARY,WAIT,0.0,0.0,0.0,0.00981,0.0,0.0,LEFT,0.00981
"('COIN', 'LEFT', 10, 'USELESS', 'UNNECESSARY', 'WAIT')",COIN,LEFT,10,USELESS,UNNECESSARY,WAIT,0.0,0.0,-0.101,1.4615074,0.0,-0.11153143,LEFT,1.4615074
"('COIN', 'DOWN', 4, 'UNAVAILABLE', 'UNNECESSARY', 'UP')",COIN,DOWN,4,UNAVAILABLE,UNNECESSARY,UP,-0.08955877,-0.101,1.2260902,-0.098845184,-0.051,-0.18882644,DOWN,1.2260902
"('BOMBING', 'RIGHT', 1, 'UNAVAILABLE', 'UNNECESSARY', 'LEFT')",BOMBING,RIGHT,1,UNAVAILABLE,UNNECESSARY,LEFT,0.6668171,0.0,-0.101,-0.101,-0.051,-0.101,UP,0.6668171
"('BOMBING', 'HERE', 3, 'UNAVAILABLE', 'UNNECESSARY', 'LEFT')",BOMBING,HERE,3,UNAVAILABLE,UNNECESSARY,LEFT,1.1123291,0.0,-0.04857975,-0.07176812,-0.051,-0.101,UP,1.1123291
"('NONE', 'NONE', 1, 'UNAVAILABLE', 'UNNECESSARY', 'RIGHT')",NONE,NONE,1,UNAVAILABLE,UNNECESSARY,RIGHT,0.73111326,-0.1006125,-0.101,-1.201,-0.051,-0.101,UP,0.73111326
"('COIN', 'DOWN', 5, 'GOOD_HIGH', 'UNNECESSARY', 'LEFT')",COIN,DOWN,5,GOOD_HIGH,UNNECESSARY,LEFT,0.0,-0.099461,0.9825161,-0.101,0.0,0.0,DOWN,0.9825161
"('COIN', 'DOWN', 5, 'GOOD_LOW', 'UNNECESSARY', 'LEFT')",COIN,DOWN,5,GOOD_LOW,UNNECESSARY,LEFT,-0.011,-0.0988049,0.0,-0.101,-0.051,0.5086146,BOMB,0.5086146
"('COIN', 'DOWN', 4, 'GOOD_LOW', 'UNNECESSARY', 'UP')",COIN,DOWN,4,GOOD_LOW,UNNECESSARY,UP,0.0,0.0,0.0,0.0,0.0,1.334368,BOMB,1.334368
"('BOMBING', 'HERE', 2, 'UNAVAILABLE', 'UNNECESSARY', 'UP')",BOMBING,HERE,2,UNAVAILABLE,UNNECESSARY,UP,-0.101,0.81962836,-0.07830701,-0.08309,-0.051,-0.101,RIGHT,0.81962836
"('BOMBING', 'LEFT', 13, 'USELESS', 'UNNECESSARY', 'DOWN')",BOMBING,LEFT,13,USELESS,UNNECESSARY,DOWN,0.030933758,-0.23735802,0.094027676,1.0550365,0.0,-0.10926555,LEFT,1.0550365
"('BOMBING', 'LEFT', 13, 'USELESS', 'UNNECESSARY', 'RIGHT')",BOMBING,LEFT,13,USELESS,UNNECESSARY,RIGHT,-0.025606118,-0.101,-0.02381051,0.78793013,-0.051,-0.1409424,LEFT,0.78793013
"('BOMBING', 'DOWN', 5, 'UNAVAILABLE', 'UNNECESSARY', 'RIGHT')",BOMBING,DOWN,5,UNAVAILABLE,UNNECESSARY,RIGHT,-0.011,0.0,1.099067,-0.10019,0.0,0.0,DOWN,1.099067
"('BOMBING', 'DOWN', 13, 'USELESS', 'UNNECESSARY', 'UP')",BOMBING,DOWN,13,USELESS,UNNECESSARY,UP,0.563277,0.0,0.066049255,-0.0063301898,0.0,-0.053185932,UP,0.563277
"('ESCAPE', 'LEFT', 9, 'UNAVAILABLE', 'UNNECESSARY', 'UP')",ESCAPE,LEFT,9,UNAVAILABLE,UNNECESSARY,UP,1.334344,0.7639073,-0.7564608,0.27622736,-0.07297546,0.24261065,UP,1.334344
"('BOMBING', 'LEFT', 10, 'USELESS', 'UNNECESSARY', 'BOMB')",BOMBING,LEFT,10,USELESS,UNNECESSARY,BOMB,0.0,0.0,0.0,0.21583799,-0.051,0.0,LEFT,0.21583799
"('BOMBING', 'LEFT', 10, 'USELESS', 'UNNECESSARY', 'WAIT')",BOMBING,LEFT,10,USELESS,UNNECESSARY,WAIT,-0.15341803,-0.011,0.0,0.61407566,0.0,0.0,LEFT,0.61407566
"('BOMBING', 'LEFT', 10, 'USELESS', 'UNNECESSARY', 'UP')",BOMBING,LEFT,10,USELESS,UNNECESSARY,UP,0.0,-0.011,-0.101,0.9855854,0.0,-0.14524336,LEFT,0.9855854
"('BOMBING', 'DOWN', 13, 'UNAVAILABLE', 'UNNECESSARY', 'DOWN')",BOMBING,DOWN,13,UNAVAILABLE,UNNECESSARY,DOWN,0.014842838,-0.101,1.2902151,0.0,0.0,-0.27100778,DOWN,1.2902151
"('BOMBING', 'DOWN', 13, 'UNAVAILABLE', 'UNNECESSARY', 'RIGHT')",BOMBING,DOWN,13,UNAVAILABLE,UNNECESSARY,RIGHT,0.0,-0.097850055,1.0744625,0.0,0.0,0.0,DOWN,1.0744625
"('BOMBING', 'DOWN', 15, 'UNAVAILABLE', 'UNNECESSARY', 'LEFT')",BOMBING,DOWN,15,UNAVAILABLE,UNNECESSARY,LEFT,0.65788555,0.019983273,0.10827422,-0.011519767,0.0,0.0,UP,0.65788555
"('ESCAPE', 'UP', 5, 'UNAVAILABLE', 'UNNECESSARY', 'WAIT')",ESCAPE,UP,5,UNAVAILABLE,UNNECESSARY,WAIT,0.0,0.0,1.2857008,0.0,-0.051,0.0,DOWN,1.2857008
"('BOMBING', 'DOWN', 7, 'UNAVAILABLE', 'UNNECESSARY', 'DOWN')",BOMBING,DOWN,7,UNAVAILABLE,UNNECESSARY,DOWN,0.0,0.0,1.162612,-0.100218154,-0.051,-0.0119,DOWN,1.162612
"('BOMBING', 'DOWN', 7, 'UNAVAILABLE', 'UNNECESSARY', 'BOMB')",BOMBING,DOWN,7,UNAVAILABLE,UNNECESSARY,BOMB,0.0,-0.011,0.0,0.0,0.0,-0.101,UP,0.0
"('BOMBING', 'HERE', 7, 'GOOD_HIGH', 'UNNECESSARY', 'LEFT')",BOMBING,HERE,7,GOOD_HIGH,UNNECESSARY,LEFT,0.15663122,0.11276817,0.0,-0.0015280149,-0.06947269,1.1842513,BOMB,1.1842513
"('BOMBING', 'HERE', 10, 'UNAVAILABLE', 'UNNECESSARY', 'LEFT')",BOMBING,HERE,10,UNAVAILABLE,UNNECESSARY,LEFT,-0.10085554,-0.034906097,-0.14772558,0.84390676,-0.050141975,-0.22774667,LEFT,0.84390676
"('BOMBING', 'LEFT', 12, 'UNAVAILABLE', 'UNNECESSARY', 'BOMB')",BOMBING,LEFT,12,UNAVAILABLE,UNNECESSARY,BOMB,-0.101,0.0,0.0,0.0,0.0,-0.101,RIGHT,0.0
"('ESCAPE', 'DOWN', 12, 'UNAVAILABLE', 'UNSAFE', 'BOMB')",ESCAPE,DOWN,12,UNAVAILABLE,UNSAFE,BOMB,0.0,-0.85481215,1.794772,0.0,0.0,0.0,DOWN,1.794772
"('BOMBING', 'LEFT', 0, 'UNAVAILABLE', 'NECESSARY', 'BOMB')",BOMBING,LEFT,0,UNAVAILABLE,NECESSARY,BOMB,-0.12216817,-0.101,-0.101,-1.201,0.89235157,0.0,WAIT,0.89235157
"('BOMBING', 'LEFT', 8, 'UNAVAILABLE', 'UNNECESSARY', 'DOWN')",BOMBING,LEFT,8,UNAVAILABLE,UNNECESSARY,DOWN,0.0,0.0,0.0,1.0112829,0.0,-0.09493873,LEFT,1.0112829
"('BOMBING', 'DOWN', 7, 'GOOD_LOW', 'UNNECESSARY', 'LEFT')",BOMBING,DOWN,7,GOOD_LOW,UNNECESSARY,LEFT,0.5731582,-0.017038733,0.0,-0.101,-0.051,-0.0011884375,UP,0.5731582
"('ESCAPE', 'UP', 9, 'UNAVAILABLE', 'UNNECESSARY', 'LEFT')",ESCAPE,UP,9,UNAVAILABLE,UNNECESSARY,LEFT,-0.1472649,-0.66422266,0.05588779,1.9675264,-0.16426176,-0.40127307,LEFT,1.9675264
"('BOMBING', 'RIGHT', 7, 'USELESS', 'UNNECESSARY', 'UP')",BOMBING,RIGHT,7,USELESS,UNNECESSARY,UP,0.19419202,1.1002442,0.010180481,-0.1919,-0.15221919,-0.13934411,RIGHT,1.1002442
"('COIN', 'UP', 0, 'UNAVAILABLE', 'NECESSARY', 'WAIT')",COIN,UP,0,UNAVAILABLE,NECESSARY,WAIT,-1.201,-0.101,-0.101,-0.09247558,1.1963505,-0.101,WAIT,1.1963505
"('COIN', 'UP', 1, 'UNAVAILABLE', 'UNNECESSARY', 'BOMB')",COIN,UP,1,UNAVAILABLE,UNNECESSARY,BOMB,0.25641567,0.0,0.0,-0.101,-0.051,0.0,UP,0.25641567
"('COIN', 'UP', 1, 'GOOD_LOW', 'UNNECESSARY', 'LEFT')",COIN,UP,1,GOOD_LOW,UNNECESSARY,LEFT,0.0,0.0,-0.101,-0.101,0.0,0.12830698,BOMB,0.12830698
"('COIN', 'UP', 1, 'GOOD_LOW', 'UNNECESSARY', 'DOWN')",COIN,UP,1,GOOD_LOW,UNNECESSARY,DOWN,0.11375854,0.0,0.0,0.0,0.0,0.7896421,BOMB,0.7896421
"('COIN', 'RIGHT', 10, 'UNAVAILABLE', 'UNNECESSARY', 'RIGHT')",COIN,RIGHT,10,UNAVAILABLE,UNNECESSARY,RIGHT,-0.2302584,1.6328081,-0.1919,0.5287441,-0.025166318,-0.42480096,RIGHT,1.6328081
"('COIN', 'RIGHT', 2, 'UNAVAILABLE', 'UNNECESSARY', 'DOWN')",COIN,RIGHT,2,UNAVAILABLE,UNNECESSARY,DOWN,0.0,0.8266629,0.0,0.0,-0.051,-0.001,RIGHT,0.8266629
"('COIN', 'RIGHT', 10, 'USELESS', 'UNNECESSARY', 'BOMB')",COIN,RIGHT,10,USELESS,UNNECESSARY,BOMB,0.0,0.30340853,0.0,0.0,0.0,0.0,RIGHT,0.30340853
"('COIN', 'DOWN', 14, 'USELESS', 'UNNECESSARY', 'RIGHT')",COIN,DOWN,14,USELESS,UNNECESSARY,RIGHT,-0.1367408,-0.011,1.73037,0.03514739,0.0,-0.11681548,DOWN,1.73037
"('COIN', 'DOWN', 14, 'USELESS', 'UNNECESSARY', 'UP')",COIN,DOWN,14,USELESS,UNNECESSARY,UP,-0.101,0.0,0.0,1.1991472,-0.051,-0.151,LEFT,1.1991472
"('COIN', 'DOWN', 14, 'USELESS', 'UNNECESSARY', 'WAIT')",COIN,DOWN,14,USELESS,UNNECESSARY,WAIT,-0.09382896,0.0,0.0,-0.011,-0.051,-0.13520795,RIGHT,0.0
"('COIN', 'RIGHT', 10, 'USELESS', 'UNNECESSARY', 'LEFT')",COIN,RIGHT,10,USELESS,UNNECESSARY,LEFT,-0.19154394,1.0978129,-0.101,0.011355348,-0.012301493,-0.2047639,RIGHT,1.0978129
"('BOMBING', 'HERE', 9, 'UNAVAILABLE', 'UNNECESSARY', 'DOWN')",BOMBING,HERE,9,UNAVAILABLE,UNNECESSARY,DOWN,0.7783037,0.0,0.0,-0.011,0.0,0.0,UP,0.7783037
"('BOMBING', 'UP', 1, 'UNAVAILABLE', 'UNNECESSARY', 'UP')",BOMBING,UP,1,UNAVAILABLE,UNNECESSARY,UP,1.3544092,0.5627569,-5.2844934,0.25298515,0.21709672,-0.06004779,UP,1.3544092
"('BOMBING', 'RIGHT', 2, 'GOOD_LOW', 'UNNECESSARY', 'BOMB')",BOMBING,RIGHT,2,GOOD_LOW,UNNECESSARY,BOMB,0.0,0.0,-0.10005149,0.0,-0.051,0.0,UP,0.0
"('BOMBING', 'LEFT', 14, 'GOOD_HIGH', 'UNNECESSARY', 'LEFT')",BOMBING,LEFT,14,GOOD_HIGH,UNNECESSARY,LEFT,-0.101,0.0,0.0,0.9686545,-0.051,0.0,LEFT,0.9686545
"('BOMBING', 'LEFT', 14, 'GOOD_HIGH', 'UNNECESSARY', 'UP')",BOMBING,LEFT,14,GOOD_HIGH,UNNECESSARY,UP,0.0,0.0,0.09716218,0.012482409,-0.051,1.0668541,BOMB,1.0668541
"('BOMBING', 'LEFT', 14, 'GOOD_HIGH', 'UNNECESSARY', 'WAIT')",BOMBING,LEFT,14,GOOD_HIGH,UNNECESSARY,WAIT,-0.101,-0.011,0.0,0.0,0.0,0.044905514,BOMB,0.044905514
"('BOMBING', 'LEFT', 10, 'USELESS', 'UNNECESSARY', 'RIGHT')",BOMBING,LEFT,10,USELESS,UNNECESSARY,RIGHT,-0.27371,0.16657783,-0.22591603,0.77175236,-0.17194335,-0.28420696,LEFT,0.77175236
"('COIN', 'RIGHT', 14, 'GOOD_HIGH', 'UNNECESSARY', 'RIGHT')",COIN,RIGHT,14,GOOD_HIGH,UNNECESSARY,RIGHT,0.0,1.5438839,0.0,0.0,0.0,0.12953605,RIGHT,1.5438839
"('COIN', 'DOWN', 13, 'USELESS', 'UNNECESSARY', 'RIGHT')",COIN,DOWN,13,USELESS,UNNECESSARY,RIGHT,-0.011,-0.101,1.6719176,-0.010400608,-0.051,0.0,DOWN,1.6719176
"('BOMBING', 'LEFT', 13, 'USELESS', 'UNNECESSARY', 'WAIT')",BOMBING,LEFT,13,USELESS,UNNECESSARY,WAIT,0.0,-0.101,0.0,0.22020808,0.0,0.0,LEFT,0.22020808
"('BOMBING', 'UP', 3, 'USELESS', 'UNNECESSARY', 'LEFT')",BOMBING,UP,3,USELESS,UNNECESSARY,LEFT,1.0601951,-0.04090611,-0.101,-0.101,-0.051,-0.151,UP,1.0601951
"('ESCAPE', 'UP', 3, 'UNAVAILABLE', 'UNNECESSARY', 'BOMB')",ESCAPE,UP,3,UNAVAILABLE,UNNECESSARY,BOMB,0.12556691,1.3481778,-0.7585946,0.008350119,0.07497792,-0.08943092,RIGHT,1.3481778
"('BOMBING', 'DOWN', 6, 'UNSAFE', 'UNNECESSARY', 'WAIT')",BOMBING,DOWN,6,UNSAFE,UNNECESSARY,WAIT,0.0,0.0,0.3186119,0.0,0.0,0.0,DOWN,0.3186119
"('NONE', 'NONE', 2, 'UNAVAILABLE', 'UNNECESSARY', 'BOMB')",NONE,NONE,2,UNAVAILABLE,UNNECESSARY,BOMB,-0.0919231,0.7319286,-0.099461,-1.201,-0.051,-0.097322464,RIGHT,0.7319286
"('BOMBING', 'LEFT', 10, 'UNAVAILABLE', 'UNNECESSARY', 'WAIT')",BOMBING,LEFT,10,UNAVAILABLE,UNNECESSARY,WAIT,-0.13767211,0.09781389,0.0,0.99713445,-0.03780729,-0.1797125,LEFT,0.99713445
"('BOMBING', 'DOWN', 6, 'USELESS', 'UNNECESSARY', 'LEFT')",BOMBING,DOWN,6,USELESS,UNNECESSARY,LEFT,0.0,0.0,0.8158722,0.0,0.0,0.0,DOWN,0.8158722
"('BOMBING', 'HERE', 5, 'UNAVAILABLE', 'UNNECESSARY', 'DOWN')",BOMBING,HERE,5,UNAVAILABLE,UNNECESSARY,DOWN,-0.0031188652,-0.1919,0.936549,-0.16592993,-0.051,-0.1919,DOWN,0.936549
"('BOMBING', 'HERE', 5, 'GOOD_HIGH', 'UNNECESSARY', 'BOMB')",BOMBING,HERE,5,GOOD_HIGH,UNNECESSARY,BOMB,0.0,0.0,0.0,0.0,0.0,0.32447037,BOMB,0.32447037
"('COIN', 'LEFT', 10, 'GOOD_HIGH', 'UNNECESSARY', 'RIGHT')",COIN,LEFT,10,GOOD_HIGH,UNNECESSARY,RIGHT,-0.101,-0.020670738,-0.10019,-0.01519,-0.008543979,1.4707242,BOMB,1.4707242
"('COIN', 'DOWN', 7, 'USELESS', 'UNNECESSARY', 'LEFT')",COIN,DOWN,7,USELESS,UNNECESSARY,LEFT,0.0,0.069079466,1.537983,0.0,0.0,0.0,DOWN,1.537983
"('COIN', 'DOWN', 7, 'USELESS', 'UNNECESSARY', 'DOWN')",COIN,DOWN,7,USELESS,UNNECESSARY,DOWN,-0.036,0.08672692,1.7666749,-0.03134285,-0.08825539,-0.15424101,DOWN,1.7666749
"('COIN', 'LEFT', 12, 'GOOD_HIGH', 'UNNECESSARY', 'RIGHT')",COIN,LEFT,12,GOOD_HIGH,UNNECESSARY,RIGHT,-0.093508646,-0.101,-0.011,-0.016,0.0,1.0854911,BOMB,1.0854911
"('COIN', 'LEFT', 10, 'GOOD_HIGH', 'UNNECESSARY', 'UP')",COIN,LEFT,10,GOOD_HIGH,UNNECESSARY,UP,0.0,-0.011,-0.1868518,0.0,-0.051,0.5947787,BOMB,0.5947787
"('COIN', 'LEFT', 12, 'GOOD_HIGH', 'UNNECESSARY', 'UP')",COIN,LEFT,12,GOOD_HIGH,UNNECESSARY,UP,-0.008201972,0.0,0.0,1.571358,-0.051,-0.001,LEFT,1.571358
"('COIN', 'LEFT', 12, 'GOOD_HIGH', 'UNNECESSARY', 'WAIT')",COIN,LEFT,12,GOOD_HIGH,UNNECESSARY,WAIT,0.0,0.0,-0.011,0.0,0.0,0.0,UP,0.0
"('COIN', 'UP', 5, 'GOOD_HIGH', 'UNNECESSARY', 'LEFT')",COIN,UP,5,GOOD_HIGH,UNNECESSARY,LEFT,0.92072237,-0.101,-0.011,-0.101,-0.051,0.0,UP,0.92072237
"('ESCAPE', 'DOWN', 12, 'UNAVAILABLE', 'UNNECESSARY', 'BOMB')",ESCAPE,DOWN,12,UNAVAILABLE,UNNECESSARY,BOMB,-1.0574329,-0.27634442,1.5378062,0.0,-0.0909161,-0.01604796,DOWN,1.5378062
"('BOMBING', 'HERE', 9, 'GOOD_HIGH', 'UNNECESSARY', 'RIGHT')",BOMBING,HERE,9,GOOD_HIGH,UNNECESSARY,RIGHT,-0.011035878,-0.101,0.0,-0.032076687,-0.051,1.3927726,BOMB,1.3927726
"('BOMBING', 'HERE', 9, 'GOOD_HIGH', 'UNNECESSARY', 'WAIT')",BOMBING,HERE,9,GOOD_HIGH,UNNECESSARY,WAIT,-0.0056822794,-0.00308596,0.0,-0.002454244,-0.051,-0.0006684483,DOWN,0.0
"('BOMBING', 'DOWN', 1, 'UNAVAILABLE', 'UNNECESSARY', 'UP')",BOMBING,DOWN,1,UNAVAILABLE,UNNECESSARY,UP,0.881912,-0.19257115,-3.25471,-0.019427102,0.0064109378,-0.1046456,UP,0.881912
"('BOMBING', 'HERE', 4, 'UNAVAILABLE', 'UNNECESSARY', 'UP')",BOMBING,HERE,4,UNAVAILABLE,UNNECESSARY,UP,-0.07697761,-0.101,0.76441425,-0.11918069,-0.096455365,-0.1008537,DOWN,0.76441425
"('BOMBING', 'RIGHT', 15, 'GOOD_HIGH', 'UNNECESSARY', 'UP')",BOMBING,RIGHT,15,GOOD_HIGH,UNNECESSARY,UP,-0.0064097065,0.0,0.08009594,-0.0026871953,-0.09019871,1.3094178,BOMB,1.3094178
"('BOMBING', 'RIGHT', 15, 'GOOD_HIGH', 'UNNECESSARY', 'WAIT')",BOMBING,RIGHT,15,GOOD_HIGH,UNNECESSARY,WAIT,0.0,0.0,0.0,-0.011,0.0,0.2026586,BOMB,0.2026586
"('ESCAPE', 'RIGHT', 10, 'UNAVAILABLE', 'UNSAFE', 'RIGHT')",ESCAPE,RIGHT,10,UNAVAILABLE,UNSAFE,RIGHT,-2.4584084,-0.34772867,-3.5192285,2.6822197,-0.9109181,-2.626913,LEFT,2.6822197
"('COIN', 'LEFT', 8, 'UNAVAILABLE', 'UNNECESSARY', 'BOMB')",COIN,LEFT,8,UNAVAILABLE,UNNECESSARY,BOMB,0.0,0.0,0.0,0.8715558,0.0,0.0,LEFT,0.8715558
"('COIN', 'RIGHT', 7, 'USELESS', 'UNNECESSARY', 'DOWN')",COIN,RIGHT,7,USELESS,UNNECESSARY,DOWN,-0.036,1.7214668,0.15880227,0.0,-0.051,-0.151,RIGHT,1.7214668
"('COIN', 'UP', 5, 'GOOD_LOW', 'UNNECESSARY', 'DOWN')",COIN,UP,5,GOOD_LOW,UNNECESSARY,DOWN,-0.00038673077,-0.101,-0.011,-0.101,-0.05019,1.301456,BOMB,1.301456
"('COIN', 'RIGHT', 7, 'USELESS', 'UNNECESSARY', 'UP')",COIN,RIGHT,7,USELESS,UNNECESSARY,UP,-0.011,1.6580486,0.059471592,-0.0735849,-0.0969,-0.1509708,RIGHT,1.6580486
"('COIN', 'DOWN', 5, 'USELESS', 'UNNECESSARY', 'RIGHT')",COIN,DOWN,5,USELESS,UNNECESSARY,RIGHT,0.0,0.0,1.0296171,0.0,-0.051,-0.15090337,DOWN,1.0296171
"('ESCAPE', 'UP', 7, 'UNAVAILABLE', 'UNNECESSARY', 'BOMB')",ESCAPE,UP,7,UNAVAILABLE,UNNECESSARY,BOMB,0.18066436,1.4006737,0.48778462,-0.17750245,0.14882486,-0.25443098,RIGHT,1.4006737
"('ESCAPE', 'UP', 7, 'UNAVAILABLE', 'UNSAFE', 'BOMB')",ESCAPE,UP,7,UNAVAILABLE,UNSAFE,BOMB,1.0229142,0.0,0.0,0.0,0.0,0.0,UP,1.0229142
"('COIN', 'RIGHT', 7, 'USELESS', 'UNNECESSARY', 'WAIT')",COIN,RIGHT,7,USELESS,UNNECESSARY,WAIT,-0.015044574,0.0,-0.010044295,-0.09527177,-0.051,-0.151,RIGHT,0.0
"('ESCAPE', 'UP', 7, 'UNAVAILABLE', 'UNSAFE', 'LEFT')",ESCAPE,UP,7,UNAVAILABLE,UNSAFE,LEFT,0.0,0.0,0.49597624,0.0,-0.501,-0.32133594,DOWN,0.49597624
"('BOMBING', 'RIGHT', 8, 'UNAVAILABLE', 'UNNECESSARY', 'WAIT')",BOMBING,RIGHT,8,UNAVAILABLE,UNNECESSARY,WAIT,-0.050476596,-2.0119,-0.14483172,0.0,0.42666772,-0.083115034,WAIT,0.42666772
"('BOMBING', 'UP', 5, 'GOOD_HIGH', 'UNNECESSARY', 'WAIT')",BOMBING,UP,5,GOOD_HIGH,UNNECESSARY,WAIT,0.0,-0.10020551,0.0,0.0,0.0,0.7130261,BOMB,0.7130261
"('BOMBING', 'UP', 5, 'UNAVAILABLE', 'UNNECESSARY', 'DOWN')",BOMBING,UP,5,UNAVAILABLE,UNNECESSARY,DOWN,0.92701983,-0.26735863,-0.022569848,-0.16237766,0.031598322,-0.348296,UP,0.92701983
"('BOMBING', 'UP', 4, 'UNAVAILABLE', 'UNNECESSARY', 'LEFT')",BOMBING,UP,4,UNAVAILABLE,UNNECESSARY,LEFT,-0.901,0.0,0.39590517,0.0,0.0,-0.101,DOWN,0.39590517
"('BOMBING', 'LEFT', 2, 'UNAVAILABLE', 'UNNECESSARY', 'UP')",BOMBING,LEFT,2,UNAVAILABLE,UNNECESSARY,UP,0.0,0.0,0.0,-0.901,0.16239004,-0.03546621,WAIT,0.16239004
"('NONE', 'NONE', 10, 'UNAVAILABLE', 'UNNECESSARY', 'RIGHT')",NONE,NONE,10,UNAVAILABLE,UNNECESSARY,RIGHT,-0.32279596,0.519075,-0.05929131,0.14794198,-0.07134767,-0.4544384,RIGHT,0.519075
"('NONE', 'NONE', 2, 'UNAVAILABLE', 'UNNECESSARY', 'UP')",NONE,NONE,2,UNAVAILABLE,UNNECESSARY,UP,-0.101,0.73963326,-1.201,-0.09921289,-0.049351763,-0.030709997,RIGHT,0.73963326
"('COIN', 'LEFT', 2, 'UNAVAILABLE', 'UNNECESSARY', 'BOMB')",COIN,LEFT,2,UNAVAILABLE,UNNECESSARY,BOMB,-0.09821441,1.0896727,-0.101,-1.201,-0.051,-0.0985331,RIGHT,1.0896727
"('COIN', 'LEFT', 10, 'UNAVAILABLE', 'UNNECESSARY', 'WAIT')",COIN,LEFT,10,UNAVAILABLE,UNNECESSARY,WAIT,0.0,0.15569825,0.0,1.5618715,-0.05019,0.0,LEFT,1.5618715
"('COIN', 'LEFT', 10, 'GOOD_LOW', 'UNNECESSARY', 'RIGHT')",COIN,LEFT,10,GOOD_LOW,UNNECESSARY,RIGHT,-0.101,0.0604934,-0.101,0.08357507,-0.06923369,1.2028575,BOMB,1.2028575
"('COIN', 'DOWN', 7, 'GOOD_LOW', 'UNNECESSARY', 'DOWN')",COIN,DOWN,7,GOOD_LOW,UNNECESSARY,DOWN,0.0,0.0,1.8516848,0.0,0.0,0.0,DOWN,1.8516848
"('BOMBING', 'RIGHT', 10, 'UNAVAILABLE', 'UNNECESSARY', 'BOMB')",BOMBING,RIGHT,10,UNAVAILABLE,UNNECESSARY,BOMB,-0.18975565,0.8508351,-0.101,-0.0015065244,-0.051,-0.101,RIGHT,0.8508351
"('BOMBING', 'RIGHT', 10, 'GOOD_HIGH', 'UNNECESSARY', 'BOMB')",BOMBING,RIGHT,10,GOOD_HIGH,UNNECESSARY,BOMB,0.0,0.0,0.0,0.0,0.0,-0.0007839528,UP,0.0
"('BOMBING', 'UP', 9, 'GOOD_HIGH', 'UNNECESSARY', 'RIGHT')",BOMBING,UP,9,GOOD_HIGH,UNNECESSARY,RIGHT,1.0333334,-0.09866447,0.0,0.048970588,-0.0969,0.0,UP,1.0333334
"('COIN', 'DOWN', 1, 'UNAVAILABLE', 'UNNECESSARY', 'BOMB')",COIN,DOWN,1,UNAVAILABLE,UNNECESSARY,BOMB,-0.009706741,-0.098507635,-1.201,-0.101,0.044381928,0.0,WAIT,0.044381928
"('BOMBING', 'LEFT', 11, 'UNAVAILABLE', 'UNNECESSARY', 'DOWN')",BOMBING,LEFT,11,UNAVAILABLE,UNNECESSARY,DOWN,0.044273317,0.04000614,0.0,1.3460306,0.0,-0.101900004,LEFT,1.3460306
"('COIN', 'LEFT', 10, 'UNAVAILABLE', 'UNNECESSARY', 'DOWN')",COIN,LEFT,10,UNAVAILABLE,UNNECESSARY,DOWN,-0.101,-0.011,-0.09564661,1.444261,-0.040012967,-0.101,LEFT,1.444261
"('COIN', 'LEFT', 10, 'GOOD_HIGH', 'UNNECESSARY', 'DOWN')",COIN,LEFT,10,GOOD_HIGH,UNNECESSARY,DOWN,0.0,-0.011,-0.101,0.27584526,-0.051,-3.5266497e-05,LEFT,0.27584526
"('COIN', 'LEFT', 10, 'GOOD_HIGH', 'UNNECESSARY', 'WAIT')",COIN,LEFT,10,GOOD_HIGH,UNNECESSARY,WAIT,0.0,-0.005529488,-0.101,1.1172392,0.0,0.0,LEFT,1.1172392
"('COIN', 'DOWN', 4, 'UNAVAILABLE', 'UNNECESSARY', 'DOWN')",COIN,DOWN,4,UNAVAILABLE,UNNECESSARY,DOWN,-3.05471,0.45510313,0.08329845,0.32376868,2.0593247,0.48282635,WAIT,2.0593247
"('NONE', 'NONE', 8, 'UNAVAILABLE', 'UNNECESSARY', 'BOMB')",NONE,NONE,8,UNAVAILABLE,UNNECESSARY,BOMB,-0.094519064,-1.001,-0.101,-0.001,-0.011584394,-0.101,LEFT,-0.001
"('BOMBING', 'RIGHT', 6, 'GOOD_LOW', 'UNNECESSARY', 'LEFT')",BOMBING,RIGHT,6,GOOD_LOW,UNNECESSARY,LEFT,-0.09903249,0.0,-0.00077498605,-0.101,0.0,0.84199244,BOMB,0.84199244
"('BOMBING', 'RIGHT', 6, 'UNAVAILABLE', 'UNNECESSARY', 'LEFT')",BOMBING,RIGHT,6,UNAVAILABLE,UNNECESSARY,LEFT,-0.04515699,0.0,0.7741339,-0.101,-0.04989147,0.0,DOWN,0.7741339
"('BOMBING', 'RIGHT', 6, 'USELESS', 'UNNECESSARY', 'LEFT')",BOMBING,RIGHT,6,USELESS,UNNECESSARY,LEFT,-0.101,0.7545291,0.007950563,-0.101,-0.051,0.0,RIGHT,0.7545291
"('BOMBING', 'RIGHT', 6, 'USELESS', 'UNNECESSARY', 'WAIT')",BOMBING,RIGHT,6,USELESS,UNNECESSARY,WAIT,0.0,0.18602276,0.0,0.0,0.0,0.0,RIGHT,0.18602276
"('COIN', 'RIGHT', 4, 'UNAVAILABLE', 'UNNECESSARY', 'LEFT')",COIN,RIGHT,4,UNAVAILABLE,UNNECESSARY,LEFT,-0.057368904,-1.201,1.0749369,-0.101,-0.051,-0.101,DOWN,1.0749369
"('COIN', 'UP', 5, 'UNAVAILABLE', 'UNNECESSARY', 'DOWN')",COIN,UP,5,UNAVAILABLE,UNNECESSARY,DOWN,1.5265194,-0.13739431,0.1658175,-0.1659202,0.20295879,-0.325126,UP,1.5265194
"('COIN', 'UP', 5, 'USELESS', 'UNNECESSARY', 'BOMB')",COIN,UP,5,USELESS,UNNECESSARY,BOMB,0.3464325,0.0,0.0,0.0,0.0,0.0,UP,0.3464325
"('COIN', 'RIGHT', 10, 'GOOD_LOW', 'UNNECESSARY', 'RIGHT')",COIN,RIGHT,10,GOOD_LOW,UNNECESSARY,RIGHT,-0.15404451,2.0814054,0.0,0.12099163,-0.101165615,0.0,RIGHT,2.0814054
"('COIN', 'RIGHT', 10, 'GOOD_LOW', 'UNNECESSARY', 'WAIT')",COIN,RIGHT,10,GOOD_LOW,UNNECESSARY,WAIT,0.0,0.654134,-0.07673304,0.0,-0.051,-5.0515777e-05,RIGHT,0.654134
"('COIN', 'UP', 4, 'UNAVAILABLE', 'UNNECESSARY', 'DOWN')",COIN,UP,4,UNAVAILABLE,UNNECESSARY,DOWN,-3.25471,-0.019868776,1.1451844,-0.2545783,0.3649389,-0.20470233,DOWN,1.1451844
"('COIN', 'UP', 4, 'UNAVAILABLE', 'UNNECESSARY', 'RIGHT')",COIN,UP,4,UNAVAILABLE,UNNECESSARY,RIGHT,-1.201,-0.09838541,0.95904505,-0.1454604,-0.051,-0.21316576,DOWN,0.95904505
"('BOMBING', 'UP', 1, 'UNAVAILABLE', 'UNNECESSARY', 'DOWN')",BOMBING,UP,1,UNAVAILABLE,UNNECESSARY,DOWN,0.80064297,-0.25817513,-0.101,-0.19051489,-0.0969,-0.771778,UP,0.80064297
"('BOMBING', 'RIGHT', 6, 'GOOD_HIGH', 'UNNECESSARY', 'LEFT')",BOMBING,RIGHT,6,GOOD_HIGH,UNNECESSARY,LEFT,0.0,-0.007244173,-0.010664305,0.0,-0.04900832,1.5980067,BOMB,1.5980067
"('BOMBING', 'LEFT', 2, 'UNAVAILABLE', 'UNNECESSARY', 'WAIT')",BOMBING,LEFT,2,UNAVAILABLE,UNNECESSARY,WAIT,-0.103649855,0.80679524,-0.098763995,-4.9182153,-0.012019293,-0.26742604,RIGHT,0.80679524
"('BOMBING', 'DOWN', 6, 'UNAVAILABLE', 'UNNECESSARY', 'LEFT')",BOMBING,DOWN,6,UNAVAILABLE,UNNECESSARY,LEFT,-0.06908617,0.0,1.0026098,0.0,0.0,0.0,DOWN,1.0026098
"('BOMBING', 'DOWN', 6, 'UNAVAILABLE', 'UNNECESSARY', 'UP')",BOMBING,DOWN,6,UNAVAILABLE,UNNECESSARY,UP,-0.08660246,-0.011,0.83997965,0.0,0.0,-0.101,DOWN,0.83997965
"('BOMBING', 'DOWN', 13, 'GOOD_LOW', 'UNNECESSARY', 'DOWN')",BOMBING,DOWN,13,GOOD_LOW,UNNECESSARY,DOWN,0.0,0.0,0.02101993,0.873874,-0.051,0.0,LEFT,0.873874
"('BOMBING', 'DOWN', 13, 'GOOD_LOW', 'UNNECESSARY', 'WAIT')",BOMBING,DOWN,13,GOOD_LOW,UNNECESSARY,WAIT,-0.012064345,0.0,0.0,0.0,0.0,-0.001,RIGHT,0.0
"('ESCAPE', 'UP', 9, 'UNAVAILABLE', 'UNNECESSARY', 'BOMB')",ESCAPE,UP,9,UNAVAILABLE,UNNECESSARY,BOMB,0.5089617,-0.7212102,-0.896935,1.6223649,-0.024916302,-0.031430695,LEFT,1.6223649
"('ESCAPE', 'UP', 9, 'UNAVAILABLE', 'UNSAFE', 'BOMB')",ESCAPE,UP,9,UNAVAILABLE,UNSAFE,BOMB,0.0,-0.501,-0.122723356,1.790842,0.0,0.0,LEFT,1.790842
"('COIN', 'UP', 1, 'UNAVAILABLE', 'UNNECESSARY', 'DOWN')",COIN,UP,1,UNAVAILABLE,UNNECESSARY,DOWN,1.2327493,-0.17234276,-0.121275246,-0.101,-0.051,-0.3500201,UP,1.2327493
"('COIN', 'LEFT', 14, 'GOOD_HIGH', 'UNNECESSARY', 'UP')",COIN,LEFT,14,GOOD_HIGH,UNNECESSARY,UP,0.0,0.0,0.0,1.7531166,-0.03561557,0.0,LEFT,1.7531166
"('COIN', 'LEFT', 14, 'USELESS', 'UNNECESSARY', 'LEFT')",COIN,LEFT,14,USELESS,UNNECESSARY,LEFT,-0.07553485,-0.010504277,-0.01128556,1.7268634,-0.051,-0.14210899,LEFT,1.7268634
"('COIN', 'UP', 7, 'GOOD_HIGH', 'UNNECESSARY', 'DOWN')",COIN,UP,7,GOOD_HIGH,UNNECESSARY,DOWN,1.1360682,0.10083977,-0.0111312345,0.0,-0.08679126,0.0,UP,1.1360682
"('COIN', 'UP', 7, 'GOOD_HIGH', 'UNNECESSARY', 'LEFT')",COIN,UP,7,GOOD_HIGH,UNNECESSARY,LEFT,0.0,0.0,0.0,-0.101,-0.050563477,1.1454269,BOMB,1.1454269
"('BOMBING', 'DOWN', 7, 'GOOD_HIGH', 'UNNECESSARY', 'UP')",BOMBING,DOWN,7,GOOD_HIGH,UNNECESSARY,UP,0.0,0.5585176,-0.00988052,-0.101,-0.051,-0.001,RIGHT,0.5585176
"('COIN', 'DOWN', 7, 'GOOD_HIGH', 'UNNECESSARY', 'LEFT')",COIN,DOWN,7,GOOD_HIGH,UNNECESSARY,LEFT,0.106623515,-0.015542315,0.0,0.0060906494,-0.034077443,1.225331,BOMB,1.225331
"('COIN', 'RIGHT', 3, 'UNAVAILABLE', 'UNNECESSARY', 'DOWN')",COIN,RIGHT,3,UNAVAILABLE,UNNECESSARY,DOWN,-0.0004066143,1.6213336,-0.100884475,0.0,-0.051,-0.101,RIGHT,1.6213336
"('ESCAPE', 'RIGHT', 3, 'UNAVAILABLE', 'UNNECESSARY', 'DOWN')",ESCAPE,RIGHT,3,UNAVAILABLE,UNNECESSARY,DOWN,0.0,0.5362554,0.0,0.0,0.0,0.0,RIGHT,0.5362554
"('BOMBING', 'DOWN', 14, 'UNSAFE', 'UNNECESSARY', 'RIGHT')",BOMBING,DOWN,14,UNSAFE,UNNECESSARY,RIGHT,0.0,0.0,0.0,0.0,0.0,-0.7322585,UP,0.0
"('BOMBING', 'HERE', 10, 'UNAVAILABLE', 'UNNECESSARY', 'RIGHT')",BOMBING,HERE,10,UNAVAILABLE,UNNECESSARY,RIGHT,-0.22078839,0.8373641,-0.122395396,0.17656165,0.080180705,-0.2679353,RIGHT,0.8373641
"('BOMBING', 'DOWN', 14, 'USELESS', 'UNNECESSARY', 'LEFT')",BOMBING,DOWN,14,USELESS,UNNECESSARY,LEFT,-0.18687783,-0.0163364,1.0378817,0.0034818016,-0.055811133,-0.08423178,DOWN,1.0378817
"('BOMBING', 'DOWN', 14, 'USELESS', 'UNNECESSARY', 'WAIT')",BOMBING,DOWN,14,USELESS,UNNECESSARY,WAIT,0.0,-0.014880027,0.52100646,-0.011,-0.051,0.0,DOWN,0.52100646
"('BOMBING', 'RIGHT', 10, 'GOOD_LOW', 'UNNECESSARY', 'LEFT')",BOMBING,RIGHT,10,GOOD_LOW,UNNECESSARY,LEFT,0.0,0.07846683,-0.023727419,0.0,-0.0969,1.0405551,BOMB,1.0405551
"('BOMBING', 'RIGHT', 10, 'GOOD_LOW', 'UNNECESSARY', 'WAIT')",BOMBING,RIGHT,10,GOOD_LOW,UNNECESSARY,WAIT,0.0,0.0,-0.097816564,-0.011054299,-0.051,0.41633558,BOMB,0.41633558
"('BOMBING', 'RIGHT', 0, 'UNAVAILABLE', 'NECESSARY', 'WAIT')",BOMBING,RIGHT,0,UNAVAILABLE,NECESSARY,WAIT,-0.101,-1.201,-0.10019,-0.101,0.94333774,-0.101,WAIT,0.94333774
"('BOMBING', 'HERE', 2, 'UNAVAILABLE', 'UNNECESSARY', 'BOMB')",BOMBING,HERE,2,UNAVAILABLE,UNNECESSARY,BOMB,-0.06527492,0.0,0.0,-1.201,-0.051,0.0,RIGHT,0.0
"('BOMBING', 'LEFT', 13, 'UNAVAILABLE', 'UNNECESSARY', 'UP')",BOMBING,LEFT,13,UNAVAILABLE,UNNECESSARY,UP,0.10845598,0.0,0.11810454,1.0961952,0.0,0.0,LEFT,1.0961952
"('BOMBING', 'LEFT', 15, 'UNAVAILABLE', 'UNNECESSARY', 'LEFT')",BOMBING,LEFT,15,UNAVAILABLE,UNNECESSARY,LEFT,0.80812764,0.08218747,0.03332595,0.0,-0.07556629,-0.1919,UP,0.80812764
"('BOMBING', 'LEFT', 15, 'GOOD_HIGH', 'UNNECESSARY', 'BOMB')",BOMBING,LEFT,15,GOOD_HIGH,UNNECESSARY,BOMB,-0.011,0.0,0.0,0.0,0.0,0.0,RIGHT,0.0
"('ESCAPE', 'RIGHT', 14, 'UNAVAILABLE', 'UNNECESSARY', 'DOWN')",ESCAPE,RIGHT,14,UNAVAILABLE,UNNECESSARY,DOWN,-4.015408,0.7671766,0.96121484,2.0967977,0.6104912,0.12292021,LEFT,2.0967977
"('BOMBING', 'LEFT', 15, 'GOOD_LOW', 'UNNECESSARY', 'LEFT')",BOMBING,LEFT,15,GOOD_LOW,UNNECESSARY,LEFT,0.02992452,-0.0399024,-0.016560158,1.0504873,-0.082794994,0.3756493,LEFT,1.0504873
"('ESCAPE', 'RIGHT', 15, 'UNAVAILABLE', 'UNNECESSARY', 'BOMB')",ESCAPE,RIGHT,15,UNAVAILABLE,UNNECESSARY,BOMB,0.0,-0.3530609,1.4674114,0.0,0.0,0.0,DOWN,1.4674114
"('BOMBING', 'UP', 9, 'UNAVAILABLE', 'UNNECESSARY', 'DOWN')",BOMBING,UP,9,UNAVAILABLE,UNNECESSARY,DOWN,0.0,-0.101,-0.101,0.9162024,-0.049411867,-0.1919,LEFT,0.9162024
"('BOMBING', 'UP', 9, 'USELESS', 'UNNECESSARY', 'RIGHT')",BOMBING,UP,9,USELESS,UNNECESSARY,RIGHT,1.0451512,-0.101,-0.101,0.07826067,-0.051,-0.151,UP,1.0451512
"('BOMBING', 'UP', 11, 'GOOD_LOW', 'UNNECESSARY', 'LEFT')",BOMBING,UP,11,GOOD_LOW,UNNECESSARY,LEFT,0.0,0.0,-0.101,0.0,-0.051,1.2585435,BOMB,1.2585435
"('BOMBING', 'UP', 11, 'GOOD_LOW', 'UNNECESSARY', 'WAIT')",BOMBING,UP,11,GOOD_LOW,UNNECESSARY,WAIT,0.0,0.0,0.0,0.014052741,0.0,0.0,LEFT,0.014052741
"('BOMBING', 'HERE', 15, 'GOOD_HIGH', 'UNNECESSARY', 'UP')",BOMBING,HERE,15,GOOD_HIGH,UNNECESSARY,UP,-0.011,0.062442604,-0.041702222,0.0,0.0,1.2231209,BOMB,1.2231209
"('BOMBING', 'HERE', 15, 'GOOD_HIGH', 'UNNECESSARY', 'DOWN')",BOMBING,HERE,15,GOOD_HIGH,UNNECESSARY,DOWN,0.0,0.15112415,0.099140026,0.10393566,0.0,1.0801051,BOMB,1.0801051
"('COIN', 'RIGHT', 15, 'GOOD_HIGH', 'UNNECESSARY', 'UP')",COIN,RIGHT,15,GOOD_HIGH,UNNECESSARY,UP,0.0,1.7506157,-0.037881,-0.011,0.0,0.09532453,RIGHT,1.7506157
"('COIN', 'RIGHT', 2, 'USELESS', 'UNNECESSARY', 'UP')",COIN,RIGHT,2,USELESS,UNNECESSARY,UP,-0.101,0.0,0.0,0.0,0.0,0.0,RIGHT,0.0
"('ESCAPE', 'RIGHT', 11, 'UNAVAILABLE', 'UNNECESSARY', 'UP')",ESCAPE,RIGHT,11,UNAVAILABLE,UNNECESSARY,UP,0.4271686,0.6546039,-2.9526122,2.110787,0.50748134,0.29147473,LEFT,2.110787
"('COIN', 'RIGHT', 8, 'UNAVAILABLE', 'UNNECESSARY', 'BOMB')",COIN,RIGHT,8,UNAVAILABLE,UNNECESSARY,BOMB,-0.09143984,-1.201,-0.17408292,0.28154087,-0.051,-0.09708767,LEFT,0.28154087
"('COIN', 'RIGHT', 10, 'UNAVAILABLE', 'UNNECESSARY', 'LEFT')",COIN,RIGHT,10,UNAVAILABLE,UNNECESSARY,LEFT,-0.14595933,1.5137708,-0.22874431,0.13025108,0.032582864,-0.17481866,RIGHT,1.5137708
"('COIN', 'RIGHT', 10, 'GOOD_HIGH', 'UNNECESSARY', 'UP')",COIN,RIGHT,10,GOOD_HIGH,UNNECESSARY,UP,-0.09190219,0.0,-0.101,-0.011,0.0,0.5760515,BOMB,0.5760515
"('COIN', 'RIGHT', 10, 'ATTACK', 'UNNECESSARY', 'RIGHT')",COIN,RIGHT,10,ATTACK,UNNECESSARY,RIGHT,0.029684806,0.061994087,-0.101,0.0,0.0,1.2855278,BOMB,1.2855278
"('COIN', 'UP', 1, 'UNAVAILABLE', 'UNNECESSARY', 'RIGHT')",COIN,UP,1,UNAVAILABLE,UNNECESSARY,RIGHT,1.2306026,-0.101,-0.09955367,-1.201,-0.051,-0.101,UP,1.2306026
"('COIN', 'UP', 5, 'UNAVAILABLE', 'UNNECESSARY', 'RIGHT')",COIN,UP,5,UNAVAILABLE,UNNECESSARY,RIGHT,1.3009305,-0.101,0.10543376,0.0,0.0,-0.101,UP,1.3009305
"('COIN', 'UP', 5, 'GOOD_LOW', 'UNNECESSARY', 'BOMB')",COIN,UP,5,GOOD_LOW,UNNECESSARY,BOMB,0.3164893,0.0,0.0,0.0,0.0,0.0,UP,0.3164893
"('COIN', 'DOWN', 4, 'ATTACK', 'UNNECESSARY', 'UP')",COIN,DOWN,4,ATTACK,UNNECESSARY,UP,-0.08311075,-0.13319713,0.14733985,-0.09794634,-0.040836744,0.8260983,BOMB,0.8260983
"('NONE', 'NONE', 1, 'UNSAFE', 'UNNECESSARY', 'DOWN')",NONE,NONE,1,UNSAFE,UNNECESSARY,DOWN,-0.5471936,-0.5141117,-0.4489873,-0.47157872,-0.33031437,-0.72697705,WAIT,-0.33031437
"('BOMBING', 'RIGHT', 8, 'UNAVAILABLE', 'UNNECESSARY', 'UP')",BOMBING,RIGHT,8,UNAVAILABLE,UNNECESSARY,UP,-0.08765004,-1.201,-0.10708205,0.23323219,-0.070574716,-0.09934629,LEFT,0.23323219
"('NONE', 'NONE', 8, 'UNAVAILABLE', 'UNNECESSARY', 'DOWN')",NONE,NONE,8,UNAVAILABLE,UNNECESSARY,DOWN,-1.201,-1.1234432,-0.09049113,0.70367444,-0.0969,-0.101,LEFT,0.70367444
"('NONE', 'NONE', 5, 'UNAVAILABLE', 'UNNECESSARY', 'DOWN')",NONE,NONE,5,UNAVAILABLE,UNNECESSARY,DOWN,0.1184636,-0.16398287,0.6085774,-0.18337995,-0.046149675,-0.1919,DOWN,0.6085774
"('NONE', 'NONE', 4, 'UNAVAILABLE', 'UNNECESSARY', 'RIGHT')",NONE,NONE,4,UNAVAILABLE,UNNECESSARY,RIGHT,-0.09437221,-0.12120992,0.86800575,-2.2819,-0.012020104,-0.101,DOWN,0.86800575
"('NONE', 'NONE', 4, 'UNAVAILABLE', 'UNNECESSARY', 'WAIT')",NONE,NONE,4,UNAVAILABLE,UNNECESSARY,WAIT,-1.201,-0.09741504,0.53574944,-0.101,-0.051,-0.101,DOWN,0.53574944
"('BOMBING', 'UP', 5, 'GOOD_LOW', 'UNNECESSARY', 'RIGHT')",BOMBING,UP,5,GOOD_LOW,UNNECESSARY,RIGHT,0.15227875,-0.10019,0.0,-0.101,-0.05019,0.0,UP,0.15227875
"('BOMBING', 'RIGHT', 6, 'USELESS', 'UNNECESSARY', 'UP')",BOMBING,RIGHT,6,USELESS,UNNECESSARY,UP,0.0,1.0264136,0.0,0.0,0.0,-0.13942578,RIGHT,1.0264136
"('NONE', 'NONE', 1, 'UNAVAILABLE', 'UNNECESSARY', 'BOMB')",NONE,NONE,1,UNAVAILABLE,UNNECESSARY,BOMB,0.12289113,-0.101,-1.201,-0.101,-0.036275875,-0.09719833,UP,0.12289113
"('BOMBING', 'LEFT', 9, 'USELESS', 'UNNECESSARY', 'DOWN')",BOMBING,LEFT,9,USELESS,UNNECESSARY,DOWN,0.0,-0.101,0.0,1.0223658,0.0,-0.17848234,LEFT,1.0223658
"('BOMBING', 'LEFT', 9, 'USELESS', 'UNNECESSARY', 'RIGHT')",BOMBING,LEFT,9,USELESS,UNNECESSARY,RIGHT,-0.011,-0.101,-0.098357774,0.5177491,-0.04980968,-0.14116952,LEFT,0.5177491
"('ESCAPE', 'LEFT', 9, 'UNAVAILABLE', 'UNNECESSARY', 'BOMB')",ESCAPE,LEFT,9,UNAVAILABLE,UNNECESSARY,BOMB,2.218295,0.095108464,0.0,0.0,0.0,0.0,UP,2.218295
"('BOMBING', 'UP', 11, 'USELESS', 'UNNECESSARY', 'LEFT')",BOMBING,UP,11,USELESS,UNNECESSARY,LEFT,1.0790426,-0.0072435588,-0.06309132,0.08762638,-0.051,0.0,UP,1.0790426
"('BOMBING', 'UP', 11, 'USELESS', 'UNNECESSARY', 'WAIT')",BOMBING,UP,11,USELESS,UNNECESSARY,WAIT,0.2873478,0.0,0.0,-0.01440461,0.0,-0.151,UP,0.2873478
"('BOMBING', 'HERE', 7, 'UNAVAILABLE', 'UNNECESSARY', 'UP')",BOMBING,HERE,7,UNAVAILABLE,UNNECESSARY,UP,0.96513987,0.0,-0.036,-0.101,-0.05039496,0.0,UP,0.96513987
"('BOMBING', 'RIGHT', 10, 'UNAVAILABLE', 'UNNECESSARY', 'DOWN')",BOMBING,RIGHT,10,UNAVAILABLE,UNNECESSARY,DOWN,0.0,1.1187232,0.0,0.0,0.0,0.0,RIGHT,1.1187232
"('BOMBING', 'HERE', 14, 'GOOD_HIGH', 'UNNECESSARY', 'RIGHT')",BOMBING,HERE,14,GOOD_HIGH,UNNECESSARY,RIGHT,-0.02156294,-0.001841077,0.16326982,0.115963295,-0.0969,1.3874079,BOMB,1.3874079
"('BOMBING', 'HERE', 14, 'GOOD_HIGH', 'UNNECESSARY', 'WAIT')",BOMBING,HERE,14,GOOD_HIGH,UNNECESSARY,WAIT,0.0,0.121833056,-0.008758766,-0.0074575352,0.0,0.0,RIGHT,0.121833056
"('BOMBING', 'LEFT', 0, 'UNAVAILABLE', 'NECESSARY', 'DOWN')",BOMBING,LEFT,0,UNAVAILABLE,NECESSARY,DOWN,-0.101,-0.101,-0.09486272,-0.901,0.2250629,-0.078525044,WAIT,0.2250629
"('BOMBING', 'UP', 3, 'USELESS', 'UNNECESSARY', 'DOWN')",BOMBING,UP,3,USELESS,UNNECESSARY,DOWN,-0.006401698,0.23661187,-0.101,-0.101,-0.051,-0.151,RIGHT,0.23661187
"('BOMBING', 'UP', 3, 'UNAVAILABLE', 'UNNECESSARY', 'WAIT')",BOMBING,UP,3,UNAVAILABLE,UNNECESSARY,WAIT,0.104199804,0.0,-0.101,0.0,0.0,-0.101,UP,0.104199804
"('BOMBING', 'UP', 3, 'USELESS', 'UNNECESSARY', 'BOMB')",BOMBING,UP,3,USELESS,UNNECESSARY,BOMB,0.0,0.0,-0.101,0.0,-0.047635708,0.0,UP,0.0
"('BOMBING', 'HERE', 14, 'GOOD_HIGH', 'UNNECESSARY', 'UP')",BOMBING,HERE,14,GOOD_HIGH,UNNECESSARY,UP,0.0,-0.011,0.17475443,0.0,-0.090785965,1.1965504,BOMB,1.1965504
"('BOMBING', 'DOWN', 12, 'USELESS', 'UNNECESSARY', 'RIGHT')",BOMBING,DOWN,12,USELESS,UNNECESSARY,RIGHT,0.0,0.0,0.9668748,0.0,0.0,0.0,DOWN,0.9668748
"('BOMBING', 'LEFT', 15, 'UNAVAILABLE', 'UNNECESSARY', 'DOWN')",BOMBING,LEFT,15,UNAVAILABLE,UNNECESSARY,DOWN,0.11309986,1.0471482,0.050012536,0.0,0.0,0.0,RIGHT,1.0471482
"('BOMBING', 'LEFT', 15, 'GOOD_HIGH', 'UNNECESSARY', 'WAIT')",BOMBING,LEFT,15,GOOD_HIGH,UNNECESSARY,WAIT,0.0,0.0,-0.010703296,0.080206685,-0.051,0.0,LEFT,0.080206685
"('COIN', 'LEFT', 2, 'UNAVAILABLE', 'UNNECESSARY', 'DOWN')",COIN,LEFT,2,UNAVAILABLE,UNNECESSARY,DOWN,-0.099461,0.5736762,-0.101,-1.201,-0.048538636,-0.09756265,RIGHT,0.5736762
"('COIN', 'DOWN', 15, 'GOOD_HIGH', 'UNNECESSARY', 'LEFT')",COIN,DOWN,15,GOOD_HIGH,UNNECESSARY,LEFT,-0.01016225,-0.036,0.0,0.0,-0.051,1.1237793,BOMB,1.1237793
"('COIN', 'LEFT', 10, 'GOOD_LOW', 'UNNECESSARY', 'WAIT')",COIN,LEFT,10,GOOD_LOW,UNNECESSARY,WAIT,-0.10019,0.0,0.0,0.45726645,-0.051,0.0,LEFT,0.45726645
"('COIN', 'DOWN', 14, 'ATTACK', 'UNNECESSARY', 'LEFT')",COIN,DOWN,14,ATTACK,UNNECESSARY,LEFT,0.0,-0.036,0.0,1.0955654,0.0,0.13302997,LEFT,1.0955654
"('COIN', 'RIGHT', 2, 'ATTACK', 'UNNECESSARY', 'UP')",COIN,RIGHT,2,ATTACK,UNNECESSARY,UP,0.0,0.0,0.0,0.0,0.0,0.13314903,BOMB,0.13314903
"('COIN', 'LEFT', 13, 'UNAVAILABLE', 'UNNECESSARY', 'DOWN')",COIN,LEFT,13,UNAVAILABLE,UNNECESSARY,DOWN,-0.009887075,-0.014804386,-0.0061170566,1.9228737,-0.018757798,0.0,LEFT,1.9228737
"('COIN', 'LEFT', 13, 'UNAVAILABLE', 'UNNECESSARY', 'RIGHT')",COIN,LEFT,13,UNAVAILABLE,UNNECESSARY,RIGHT,-0.014206605,0.03417515,0.0,1.361735,-0.051,-0.101,LEFT,1.361735
"('COIN', 'LEFT', 13, 'UNAVAILABLE', 'UNNECESSARY', 'WAIT')",COIN,LEFT,13,UNAVAILABLE,UNNECESSARY,WAIT,0.0,-0.092665106,-0.017526839,0.1665692,0.0,-0.101,LEFT,0.1665692
"('COIN', 'LEFT', 13, 'GOOD_HIGH', 'UNNECESSARY', 'BOMB')",COIN,LEFT,13,GOOD_HIGH,UNNECESSARY,BOMB,0.0,0.0,0.0,0.0,0.0,-0.001,UP,0.0
"('ESCAPE', 'UP', 9, 'UNAVAILABLE', 'UNSAFE', 'RIGHT')",ESCAPE,UP,9,UNAVAILABLE,UNSAFE,RIGHT,0.41421008,-0.6058128,-0.16407101,0.0,0.0,0.0,UP,0.41421008
"('NONE', 'NONE', 2, 'UNAVAILABLE', 'UNNECESSARY', 'DOWN')",NONE,NONE,2,UNAVAILABLE,UNNECESSARY,DOWN,-1.201,0.68628985,-0.097303174,-1.2918999,-0.051,-0.1919,RIGHT,0.68628985
"('BOMBING', 'RIGHT', 3, 'UNAVAILABLE', 'UNNECESSARY', 'BOMB')",BOMBING,RIGHT,3,UNAVAILABLE,UNNECESSARY,BOMB,0.0,0.0,-0.09932249,0.0,0.0,0.0,UP,0.0
"('BOMBING', 'RIGHT', 7, 'UNAVAILABLE', 'UNNECESSARY', 'UP')",BOMBING,RIGHT,7,UNAVAILABLE,UNNECESSARY,UP,-0.01199,1.0220121,0.0,0.20135824,0.0,0.0,RIGHT,1.0220121
"('BOMBING', 'DOWN', 7, 'USELESS', 'UNNECESSARY', 'DOWN')",BOMBING,DOWN,7,USELESS,UNNECESSARY,DOWN,-0.03744,-0.00600043,1.04952,-0.10225516,0.0,0.005748016,DOWN,1.04952
"('NONE', 'NONE', 4, 'UNAVAILABLE', 'UNNECESSARY', 'BOMB')",NONE,NONE,4,UNAVAILABLE,UNNECESSARY,BOMB,-2.2819,-0.101,0.5035406,-0.09322403,-0.051,-0.101,DOWN,0.5035406
"('BOMBING', 'DOWN', 7, 'USELESS', 'UNNECESSARY', 'UP')",BOMBING,DOWN,7,USELESS,UNNECESSARY,UP,-0.011071085,0.57224333,-0.008274495,-0.08794774,-0.047212437,0.0,RIGHT,0.57224333
"('BOMBING', 'RIGHT', 15, 'USELESS', 'UNNECESSARY', 'RIGHT')",BOMBING,RIGHT,15,USELESS,UNNECESSARY,RIGHT,0.20720068,1.035509,-0.014155894,0.1534094,-0.102155514,-0.22884402,RIGHT,1.035509
"('ESCAPE', 'UP', 15, 'UNAVAILABLE', 'UNNECESSARY', 'BOMB')",ESCAPE,UP,15,UNAVAILABLE,UNNECESSARY,BOMB,1.2073429,0.0759446,0.42880344,-0.20384336,-0.044714093,-0.10943794,UP,1.2073429
"('COIN', 'UP', 7, 'UNAVAILABLE', 'UNNECESSARY', 'DOWN')",COIN,UP,7,UNAVAILABLE,UNNECESSARY,DOWN,0.0,1.2112275,-0.011,-0.040209893,-0.08027228,-0.1919,RIGHT,1.2112275
"('COIN', 'DOWN', 15, 'UNAVAILABLE', 'UNNECESSARY', 'RIGHT')",COIN,DOWN,15,UNAVAILABLE,UNNECESSARY,RIGHT,0.08575588,0.052365497,1.5292591,0.23698227,-0.07708627,-0.27371,DOWN,1.5292591
"('ESCAPE', 'UP', 13, 'UNAVAILABLE', 'UNNECESSARY', 'LEFT')",ESCAPE,UP,13,UNAVAILABLE,UNNECESSARY,LEFT,0.80713564,-2.732367,0.4689944,2.3847964,0.5367692,-0.0026699118,LEFT,2.3847964
"('COIN', 'RIGHT', 15, 'UNAVAILABLE', 'UNNECESSARY', 'UP')",COIN,RIGHT,15,UNAVAILABLE,UNNECESSARY,UP,0.16278094,1.5905594,0.08882238,0.0,-0.08034241,0.0,RIGHT,1.5905594
"('COIN', 'RIGHT', 10, 'UNAVAILABLE', 'UNNECESSARY', 'UP')",COIN,RIGHT,10,UNAVAILABLE,UNNECESSARY,UP,0.0,1.3961937,0.0,0.0,0.0,0.0,RIGHT,1.3961937
"('COIN', 'RIGHT', 14, 'GOOD_LOW', 'UNNECESSARY', 'RIGHT')",COIN,RIGHT,14,GOOD_LOW,UNNECESSARY,RIGHT,0.0,0.0,1.1592284,0.0,0.0,0.13067798,DOWN,1.1592284
"('COIN', 'RIGHT', 8, 'UNAVAILABLE', 'UNNECESSARY', 'UP')",COIN,RIGHT,8,UNAVAILABLE,UNNECESSARY,UP,-0.09720467,-1.201,-0.08497167,-0.05341677,0.17563328,-0.099822655,WAIT,0.17563328
"('COIN', 'RIGHT', 10, 'UNAVAILABLE', 'UNNECESSARY', 'WAIT')",COIN,RIGHT,10,UNAVAILABLE,UNNECESSARY,WAIT,-0.08083123,1.1651285,-0.00047091342,-0.008375063,-0.08075287,-0.26995638,RIGHT,1.1651285
"('COIN', 'UP', 15, 'GOOD_LOW', 'UNNECESSARY', 'RIGHT')",COIN,UP,15,GOOD_LOW,UNNECESSARY,RIGHT,0.0,0.98666865,0.0,0.05151145,-0.051,-0.00074743165,RIGHT,0.98666865
"('COIN', 'RIGHT', 15, 'USELESS', 'UNNECESSARY', 'RIGHT')",COIN,RIGHT,15,USELESS,UNNECESSARY,RIGHT,0.09497264,1.6190686,0.11637819,0.15549178,-0.06947209,-0.095603585,RIGHT,1.6190686
"('COIN', 'UP', 5, 'USELESS', 'UNNECESSARY', 'DOWN')",COIN,UP,5,USELESS,UNNECESSARY,DOWN,-0.00033675134,-0.25003317,0.9369093,-0.13475324,-0.035180222,-0.13460934,DOWN,0.9369093
"('COIN', 'RIGHT', 15, 'UNAVAILABLE', 'UNNECESSARY', 'LEFT')",COIN,RIGHT,15,UNAVAILABLE,UNNECESSARY,LEFT,-0.008486638,1.162343,-0.013736,0.068451785,0.0,-0.10929745,RIGHT,1.162343
"('COIN', 'DOWN', 7, 'USELESS', 'UNNECESSARY', 'UP')",COIN,DOWN,7,USELESS,UNNECESSARY,UP,0.5098225,0.0,0.0,0.0,-0.051,0.0,UP,0.5098225
"('COIN', 'DOWN', 7, 'USELESS', 'UNNECESSARY', 'WAIT')",COIN,DOWN,7,USELESS,UNNECESSARY,WAIT,0.0,0.0,0.20486337,0.0,0.0,0.0,DOWN,0.20486337
"('BOMBING', 'HERE', 2, 'UNAVAILABLE', 'UNNECESSARY', 'WAIT')",BOMBING,HERE,2,UNAVAILABLE,UNNECESSARY,WAIT,-0.14267679,1.1042188,-0.1679751,-0.022520388,-0.03576841,-0.101,RIGHT,1.1042188
"('BOMBING', 'LEFT', 15, 'USELESS', 'UNNECESSARY', 'LEFT')",BOMBING,LEFT,15,USELESS,UNNECESSARY,LEFT,0.24202119,0.1045662,0.14824092,1.0357338,-0.14259502,-0.332308,LEFT,1.0357338
"('BOMBING', 'HERE', 9, 'GOOD_HIGH', 'UNNECESSARY', 'NONE')",BOMBING,HERE,9,GOOD_HIGH,UNNECESSARY,NONE,0.0,-0.101,-0.10105912,-0.0007398605,-0.051,1.1655625,BOMB,1.1655625
"('COIN', 'LEFT', 8, 'UNAVAILABLE', 'UNNECESSARY', 'DOWN')",COIN,LEFT,8,UNAVAILABLE,UNNECESSARY,DOWN,-0.101,-0.098291576,-0.099461,0.89485264,-0.05019,-0.101,LEFT,0.89485264
"('BOMBING', 'RIGHT', 3, 'USELESS', 'UNNECESSARY', 'WAIT')",BOMBING,RIGHT,3,USELESS,UNNECESSARY,WAIT,0.0,0.0,-0.1001171,0.0,0.0,0.0,UP,0.0
"('BOMBING', 'DOWN', 1, 'UNAVAILABLE', 'UNNECESSARY', 'RIGHT')",BOMBING,DOWN,1,UNAVAILABLE,UNNECESSARY,RIGHT,0.09164567,0.0,0.0,0.0,0.0,0.0,UP,0.09164567
"('BOMBING', 'UP', 11, 'USELESS', 'UNNECESSARY', 'DOWN')",BOMBING,UP,11,USELESS,UNNECESSARY,DOWN,0.73177755,-0.013736,-0.101,-0.011,-0.051,-0.12001793,UP,0.73177755
"('COIN', 'RIGHT', 11, 'USELESS', 'UNNECESSARY', 'WAIT')",COIN,RIGHT,11,USELESS,UNNECESSARY,WAIT,0.0,0.0,0.0,-0.016342867,0.0,-0.151,UP,0.0
"('COIN', 'DOWN', 1, 'UNAVAILABLE', 'UNNECESSARY', 'UP')",COIN,DOWN,1,UNAVAILABLE,UNNECESSARY,UP,1.2345722,-0.101,-5.568344,-0.19685537,-0.051,-0.09777067,UP,1.2345722
"('COIN', 'DOWN', 5, 'UNAVAILABLE', 'UNNECESSARY', 'WAIT')",COIN,DOWN,5,UNAVAILABLE,UNNECESSARY,WAIT,-0.011,0.0,1.789722,-0.077912286,0.07282686,-0.09079206,DOWN,1.789722
"('COIN', 'DOWN', 5, 'GOOD_LOW', 'UNNECESSARY', 'UP')",COIN,DOWN,5,GOOD_LOW,UNNECESSARY,UP,0.07742622,-0.09724876,-0.026758898,-0.26333433,-0.049093172,1.3393078,BOMB,1.3393078
"('COIN', 'RIGHT', 11, 'USELESS', 'UNNECESSARY', 'DOWN')",COIN,RIGHT,11,USELESS,UNNECESSARY,DOWN,0.0,1.4374753,0.0,0.0,0.0,0.0,RIGHT,1.4374753
"('COIN', 'UP', 11, 'USELESS', 'UNNECESSARY', 'RIGHT')",COIN,UP,11,USELESS,UNNECESSARY,RIGHT,1.7442908,0.2419681,-0.011759838,0.13668174,-0.026418522,-0.21231206,UP,1.7442908
"('COIN', 'RIGHT', 2, 'USELESS', 'UNNECESSARY', 'RIGHT')",COIN,RIGHT,2,USELESS,UNNECESSARY,RIGHT,0.0,0.97444373,-0.101,-0.501,-0.051,-0.02571288,RIGHT,0.97444373
"('COIN', 'UP', 11, 'USELESS', 'UNNECESSARY', 'LEFT')",COIN,UP,11,USELESS,UNNECESSARY,LEFT,1.7994477,0.030332427,0.0,0.22897042,-0.075712375,-0.26126823,UP,1.7994477
"('COIN', 'RIGHT', 10, 'GOOD_LOW', 'UNNECESSARY', 'LEFT')",COIN,RIGHT,10,GOOD_LOW,UNNECESSARY,LEFT,-0.101,0.0,-0.15867454,-0.011,0.0,1.2652832,BOMB,1.2652832
"('COIN', 'UP', 5, 'USELESS', 'UNNECESSARY', 'LEFT')",COIN,UP,5,USELESS,UNNECESSARY,LEFT,1.4196905,-0.101,0.0,0.0,-0.051,-0.151,UP,1.4196905
"('COIN', 'UP', 5, 'USELESS', 'UNNECESSARY', 'RIGHT')",COIN,UP,5,USELESS,UNNECESSARY,RIGHT,1.3114666,-0.101,0.09434905,-0.101,-0.051,0.0,UP,1.3114666
"('COIN', 'UP', 5, 'USELESS', 'UNNECESSARY', 'WAIT')",COIN,UP,5,USELESS,UNNECESSARY,WAIT,1.3979763,0.0,-0.011,-0.101,-0.051,-0.14622176,UP,1.3979763
"('COIN', 'RIGHT', 8, 'UNAVAILABLE', 'UNNECESSARY', 'WAIT')",COIN,RIGHT,8,UNAVAILABLE,UNNECESSARY,WAIT,-0.057831887,-1.201,-0.07282939,0.8935303,-0.051,-0.101,LEFT,0.8935303
"('COIN', 'DOWN', 7, 'GOOD_HIGH', 'UNNECESSARY', 'DOWN')",COIN,DOWN,7,GOOD_HIGH,UNNECESSARY,DOWN,0.0,0.0,1.9051508,0.0,0.0,0.0,DOWN,1.9051508
"('ESCAPE', 'RIGHT', 10, 'UNAVAILABLE', 'UNSAFE', 'LEFT')",ESCAPE,RIGHT,10,UNAVAILABLE,UNSAFE,LEFT,-2.886227,2.3531332,-5.643823,0.4195416,0.0,-2.4719,RIGHT,2.3531332
"('BOMBING', 'LEFT', 13, 'GOOD_HIGH', 'UNNECESSARY', 'UP')",BOMBING,LEFT,13,GOOD_HIGH,UNNECESSARY,UP,0.058264136,0.0,0.06400078,0.0,0.0,1.3422198,BOMB,1.3422198
"('BOMBING', 'LEFT', 13, 'USELESS', 'UNNECESSARY', 'UP')",BOMBING,LEFT,13,USELESS,UNNECESSARY,UP,0.08353514,0.0,0.022923985,1.0365285,-0.08361589,-0.141333,LEFT,1.0365285
"('COIN', 'LEFT', 9, 'USELESS', 'UNNECESSARY', 'DOWN')",COIN,LEFT,9,USELESS,UNNECESSARY,DOWN,0.0,0.0,-0.042465307,1.578929,-0.051,-0.015491797,LEFT,1.578929
"('ESCAPE', 'UP', 3, 'UNAVAILABLE', 'UNSAFE', 'DOWN')",ESCAPE,UP,3,UNAVAILABLE,UNSAFE,DOWN,0.0,0.0043589845,-0.26804692,0.0,0.0,-0.40916482,RIGHT,0.0043589845
"('COIN', 'RIGHT', 8, 'UNAVAILABLE', 'UNNECESSARY', 'RIGHT')",COIN,RIGHT,8,UNAVAILABLE,UNNECESSARY,RIGHT,-0.060627263,-1.201,0.0,0.49812227,-0.051,0.0,LEFT,0.49812227
"('BOMBING', 'LEFT', 12, 'UNAVAILABLE', 'UNNECESSARY', 'UP')",BOMBING,LEFT,12,UNAVAILABLE,UNNECESSARY,UP,0.0,0.0,-0.036,1.1870492,0.0,-0.101,LEFT,1.1870492
"('BOMBING', 'UP', 5, 'GOOD_HIGH', 'UNNECESSARY', 'LEFT')",BOMBING,UP,5,GOOD_HIGH,UNNECESSARY,LEFT,0.0,0.0,-0.01460946,0.0,-0.05062372,0.4307226,BOMB,0.4307226
"('BOMBING', 'UP', 3, 'UNAVAILABLE', 'UNNECESSARY', 'LEFT')",BOMBING,UP,3,UNAVAILABLE,UNNECESSARY,LEFT,1.0452052,0.0,-0.06239631,0.0,-0.04003927,-0.0119,UP,1.0452052
"('BOMBING', 'UP', 3, 'UNAVAILABLE', 'UNNECESSARY', 'BOMB')",BOMBING,UP,3,UNAVAILABLE,UNNECESSARY,BOMB,0.0,-0.011,-0.101,-0.094155446,0.0,-0.101,UP,0.0
"('BOMBING', 'LEFT', 13, 'GOOD_HIGH', 'UNNECESSARY', 'RIGHT')",BOMBING,LEFT,13,GOOD_HIGH,UNNECESSARY,RIGHT,0.68591374,0.0,0.0,0.0,0.0,-0.00032556505,UP,0.68591374
"('BOMBING', 'UP', 0, 'UNAVAILABLE', 'NECESSARY', 'WAIT')",BOMBING,UP,0,UNAVAILABLE,NECESSARY,WAIT,-1.201,-0.101,-0.059759304,-0.101,0.91471034,-0.101,WAIT,0.91471034
"('BOMBING', 'UP', 1, 'GOOD_LOW', 'UNNECESSARY', 'WAIT')",BOMBING,UP,1,GOOD_LOW,UNNECESSARY,WAIT,0.0,0.0,-0.101,-0.09989219,0.0,0.0,UP,0.0
"('BOMBING', 'RIGHT', 14, 'UNAVAILABLE', 'UNNECESSARY', 'RIGHT')",BOMBING,RIGHT,14,UNAVAILABLE,UNNECESSARY,RIGHT,-0.101,0.0,1.1170427,-0.041896943,-0.079559,-0.001,DOWN,1.1170427
"('BOMBING', 'RIGHT', 14, 'UNAVAILABLE', 'UNNECESSARY', 'BOMB')",BOMBING,RIGHT,14,UNAVAILABLE,UNNECESSARY,BOMB,0.0,0.0,-0.003498961,0.0,0.0,0.0,UP,0.0
"('BOMBING', 'DOWN', 15, 'GOOD_HIGH', 'UNNECESSARY', 'DOWN')",BOMBING,DOWN,15,GOOD_HIGH,UNNECESSARY,DOWN,0.0,0.0,0.0,0.82205117,-0.051,0.0,LEFT,0.82205117
"('BOMBING', 'DOWN', 15, 'GOOD_HIGH', 'UNNECESSARY', 'WAIT')",BOMBING,DOWN,15,GOOD_HIGH,UNNECESSARY,WAIT,0.0,0.0,0.11625588,0.0,0.0,0.0,DOWN,0.11625588
"('ESCAPE', 'UP', 3, 'UNAVAILABLE', 'UNSAFE', 'LEFT')",ESCAPE,UP,3,UNAVAILABLE,UNSAFE,LEFT,0.09742564,0.0,-0.601,-0.501,0.0,-0.3492802,UP,0.09742564
"('COIN', 'DOWN', 15, 'UNAVAILABLE', 'UNNECESSARY', 'LEFT')",COIN,DOWN,15,UNAVAILABLE,UNNECESSARY,LEFT,0.019614957,-0.036,1.834907,-0.012201424,-0.03200719,-0.101,DOWN,1.834907
"('COIN', 'DOWN', 15, 'USELESS', 'UNNECESSARY', 'LEFT')",COIN,DOWN,15,USELESS,UNNECESSARY,LEFT,0.033663936,0.04994249,1.9059962,0.17104281,-0.057732563,-0.16332361,DOWN,1.9059962
"('COIN', 'DOWN', 15, 'USELESS', 'UNNECESSARY', 'WAIT')",COIN,DOWN,15,USELESS,UNNECESSARY,WAIT,0.0,0.0,0.88567257,0.0,0.0,-0.15000181,DOWN,0.88567257
"('ESCAPE', 'UP', 7, 'UNAVAILABLE', 'UNSAFE', 'RIGHT')",ESCAPE,UP,7,UNAVAILABLE,UNSAFE,RIGHT,0.0,0.0,2.4226437,0.0,0.0,0.0,DOWN,2.4226437
"('NONE', 'NONE', 8, 'UNAVAILABLE', 'UNNECESSARY', 'LEFT')",NONE,NONE,8,UNAVAILABLE,UNNECESSARY,LEFT,-0.047013845,-2.68771,-0.21950725,0.7141454,-0.007164932,-0.41250795,LEFT,0.7141454
"('BOMBING', 'LEFT', 10, 'UNAVAILABLE', 'UNNECESSARY', 'DOWN')",BOMBING,LEFT,10,UNAVAILABLE,UNNECESSARY,DOWN,0.0,0.0,0.0,1.0354637,0.0,0.0,LEFT,1.0354637
"('BOMBING', 'LEFT', 13, 'UNAVAILABLE', 'UNNECESSARY', 'DOWN')",BOMBING,LEFT,13,UNAVAILABLE,UNNECESSARY,DOWN,0.025524644,0.0,0.0,1.4664855,0.0,0.0,LEFT,1.4664855
"('COIN', 'LEFT', 14, 'USELESS', 'UNNECESSARY', 'UP')",COIN,LEFT,14,USELESS,UNNECESSARY,UP,-0.101,-0.014388112,0.0,1.6135534,-0.051,-0.1691436,LEFT,1.6135534
"('COIN', 'LEFT', 14, 'USELESS', 'UNNECESSARY', 'WAIT')",COIN,LEFT,14,USELESS,UNNECESSARY,WAIT,0.0,-0.018512525,-0.011,0.0,-0.051,-0.03444083,UP,0.0
"('ESCAPE', 'RIGHT', 14, 'UNAVAILABLE', 'UNNECESSARY', 'BOMB')",ESCAPE,RIGHT,14,UNAVAILABLE,UNNECESSARY,BOMB,-1.5109817,-0.2657,1.4869653,0.26051348,-0.030891182,-0.04259479,DOWN,1.4869653
"('BOMBING', 'HERE', 5, 'UNAVAILABLE', 'UNNECESSARY', 'BOMB')",BOMBING,HERE,5,UNAVAILABLE,UNNECESSARY,BOMB,0.74381244,-0.101,0.0,-0.098369725,0.0,0.0,UP,0.74381244
"('BOMBING', 'DOWN', 15, 'USELESS', 'UNNECESSARY', 'UP')",BOMBING,DOWN,15,USELESS,UNNECESSARY,UP,0.0,0.0,0.16990775,0.7392708,0.0,-0.18236142,LEFT,0.7392708
"('BOMBING', 'DOWN', 1, 'UNAVAILABLE', 'UNNECESSARY', 'LEFT')",BOMBING,DOWN,1,UNAVAILABLE,UNNECESSARY,LEFT,0.08623426,-0.04348468,-1.201,-0.09574994,-0.051,-0.101,UP,0.08623426
"('COIN', 'UP', 8, 'UNAVAILABLE', 'UNNECESSARY', 'DOWN')",COIN,UP,8,UNAVAILABLE,UNNECESSARY,DOWN,-1.201,-0.08863441,-0.17656755,0.83211845,-0.051,-0.09673092,LEFT,0.83211845
"('COIN', 'UP', 9, 'UNAVAILABLE', 'UNNECESSARY', 'WAIT')",COIN,UP,9,UNAVAILABLE,UNNECESSARY,WAIT,0.09492597,0.0,0.0,0.0,-0.051,0.0,UP,0.09492597
"('COIN', 'UP', 9, 'USELESS', 'UNNECESSARY', 'WAIT')",COIN,UP,9,USELESS,UNNECESSARY,WAIT,0.27100587,0.0,-0.101,0.0,0.0,-0.14172919,UP,0.27100587
"('COIN', 'UP', 9, 'UNAVAILABLE', 'UNNECESSARY', 'UP')",COIN,UP,9,UNAVAILABLE,UNNECESSARY,UP,1.1239635,-0.101,-1.201,0.0,0.0,0.0,UP,1.1239635
"('COIN', 'UP', 13, 'UNAVAILABLE', 'UNNECESSARY', 'RIGHT')",COIN,UP,13,UNAVAILABLE,UNNECESSARY,RIGHT,0.0,0.0,0.99658394,-0.036,0.0,0.0,DOWN,0.99658394
"('COIN', 'UP', 13, 'USELESS', 'UNNECESSARY', 'RIGHT')",COIN,UP,13,USELESS,UNNECESSARY,RIGHT,1.3363868,0.0,0.0,-0.03699,-0.051,-0.06794598,UP,1.3363868
"('COIN', 'RIGHT', 14, 'GOOD_HIGH', 'UNNECESSARY', 'LEFT')",COIN,RIGHT,14,GOOD_HIGH,UNNECESSARY,LEFT,0.0,0.0,1.1885167,0.0,0.0,-0.00021847562,DOWN,1.1885167
"('COIN', 'UP', 10, 'UNAVAILABLE', 'UNNECESSARY', 'DOWN')",COIN,UP,10,UNAVAILABLE,UNNECESSARY,DOWN,-1.201,1.1516633,0.0,0.08617455,0.0,-0.26474625,RIGHT,1.1516633
"('COIN', 'UP', 11, 'UNAVAILABLE', 'UNNECESSARY', 'BOMB')",COIN,UP,11,UNAVAILABLE,UNNECESSARY,BOMB,0.16415311,-0.015186553,-0.03367015,0.0,0.0,-0.101,UP,0.16415311
"('COIN', 'UP', 11, 'USELESS', 'UNNECESSARY', 'BOMB')",COIN,UP,11,USELESS,UNNECESSARY,BOMB,0.54543513,0.0,0.0,0.0,0.0,0.0,UP,0.54543513
"('COIN', 'UP', 11, 'USELESS', 'UNNECESSARY', 'DOWN')",COIN,UP,11,USELESS,UNNECESSARY,DOWN,0.0,0.9598256,-0.101,0.22439384,0.010882746,-0.151,RIGHT,0.9598256
"('ESCAPE', 'RIGHT', 11, 'UNAVAILABLE', 'UNNECESSARY', 'BOMB')",ESCAPE,RIGHT,11,UNAVAILABLE,UNNECESSARY,BOMB,0.25881737,1.1491077,0.27255553,0.0,0.0,-0.101,RIGHT,1.1491077
"('BOMBING', 'LEFT', 11, 'USELESS', 'UNNECESSARY', 'LEFT')",BOMBING,LEFT,11,USELESS,UNNECESSARY,LEFT,0.058849435,-0.03744,-0.17932376,0.9682933,-0.051,-0.1614287,LEFT,0.9682933
"('BOMBING', 'LEFT', 11, 'USELESS', 'UNNECESSARY', 'DOWN')",BOMBING,LEFT,11,USELESS,UNNECESSARY,DOWN,0.30783185,-0.018533414,0.0,0.0,-0.051,-0.055127107,UP,0.30783185
"('BOMBING', 'LEFT', 11, 'USELESS', 'UNNECESSARY', 'WAIT')",BOMBING,LEFT,11,USELESS,UNNECESSARY,WAIT,0.0,-0.016405499,0.0,0.099166125,0.0,-0.14986591,LEFT,0.099166125
"('BOMBING', 'HERE', 5, 'UNAVAILABLE', 'UNNECESSARY', 'RIGHT')",BOMBING,HERE,5,UNAVAILABLE,UNNECESSARY,RIGHT,0.0,0.0,0.746599,-0.101,0.0,0.0,DOWN,0.746599
"('COIN', 'LEFT', 13, 'USELESS', 'UNNECESSARY', 'UP')",COIN,LEFT,13,USELESS,UNNECESSARY,UP,0.0,-0.101,0.0,1.7335529,-0.048982278,-0.17251524,LEFT,1.7335529
"('COIN', 'LEFT', 13, 'USELESS', 'UNNECESSARY', 'RIGHT')",COIN,LEFT,13,USELESS,UNNECESSARY,RIGHT,-0.012086504,-0.101,-0.015358551,1.2499737,-0.051,-0.284975,LEFT,1.2499737
"('ESCAPE', 'LEFT', 13, 'UNAVAILABLE', 'UNNECESSARY', 'BOMB')",ESCAPE,LEFT,13,UNAVAILABLE,UNNECESSARY,BOMB,0.0,0.0,0.0,0.0,0.82406205,0.0,WAIT,0.82406205
"('BOMBING', 'UP', 5, 'USELESS', 'UNNECESSARY', 'BOMB')",BOMBING,UP,5,USELESS,UNNECESSARY,BOMB,0.28463766,0.0,0.0,-0.0995854,0.0,-0.1197733,UP,0.28463766
"('BOMBING', 'LEFT', 15, 'USELESS', 'UNNECESSARY', 'UP')",BOMBING,LEFT,15,USELESS,UNNECESSARY,UP,0.2446906,0.10268031,0.13670096,0.9643968,-0.051,-0.20829819,LEFT,0.9643968
"('COIN', 'UP', 15, 'USELESS', 'UNNECESSARY', 'LEFT')",COIN,UP,15,USELESS,UNNECESSARY,LEFT,1.9826248,-0.036,0.059867427,0.0,-0.066388845,0.0,UP,1.9826248
"('BOMBING', 'DOWN', 14, 'GOOD_LOW', 'UNNECESSARY', 'LEFT')",BOMBING,DOWN,14,GOOD_LOW,UNNECESSARY,LEFT,-0.0711772,-0.036,1.0524352,-0.008227365,-0.0500562,-0.001,DOWN,1.0524352
"('BOMBING', 'LEFT', 10, 'ATTACK', 'UNNECESSARY', 'RIGHT')",BOMBING,LEFT,10,ATTACK,UNNECESSARY,RIGHT,0.0,0.07180096,-0.10710665,0.0,-0.072205245,1.1735239,BOMB,1.1735239
"('ESCAPE', 'RIGHT', 6, 'UNAVAILABLE', 'UNNECESSARY', 'BOMB')",ESCAPE,RIGHT,6,UNAVAILABLE,UNNECESSARY,BOMB,-0.7100951,1.2199607,0.13772786,-0.9836805,-0.0969,-0.15446207,RIGHT,1.2199607
"('COIN', 'UP', 4, 'UNAVAILABLE', 'UNNECESSARY', 'WAIT')",COIN,UP,4,UNAVAILABLE,UNNECESSARY,WAIT,0.0,-0.091900006,1.024691,0.0,0.0,-0.0047776327,DOWN,1.024691
"('COIN', 'UP', 15, 'USELESS', 'UNNECESSARY', 'UP')",COIN,UP,15,USELESS,UNNECESSARY,UP,1.6965724,-0.011,0.15117006,0.314761,0.15429924,-0.18904634,UP,1.6965724
"('COIN', 'UP', 15, 'USELESS', 'UNNECESSARY', 'WAIT')",COIN,UP,15,USELESS,UNNECESSARY,WAIT,1.2353446,-0.003228351,0.0,-0.003857391,-0.051,0.0,UP,1.2353446
"('COIN', 'UP', 15, 'GOOD_HIGH', 'UNNECESSARY', 'UP')",COIN,UP,15,GOOD_HIGH,UNNECESSARY,UP,1.7696334,0.11042812,0.0,0.0,-0.041657746,0.09910316,UP,1.7696334
"('COIN', 'UP', 5, 'GOOD_LOW', 'UNNECESSARY', 'UP')",COIN,UP,5,GOOD_LOW,UNNECESSARY,UP,1.6974018,-0.24272963,0.04671526,-0.29888362,-0.09198435,0.15166794,UP,1.6974018
"('COIN', 'DOWN', 14, 'GOOD_HIGH', 'UNNECESSARY', 'UP')",COIN,DOWN,14,GOOD_HIGH,UNNECESSARY,UP,-0.101,-0.011,0.0,0.6306753,-0.0462696,0.0,LEFT,0.6306753
"('COIN', 'UP', 13, 'GOOD_LOW', 'UNNECESSARY', 'RIGHT')",COIN,UP,13,GOOD_LOW,UNNECESSARY,RIGHT,0.0,0.0,0.0,0.0,-0.051,1.4150347,BOMB,1.4150347
"('COIN', 'UP', 13, 'ATTACK', 'UNNECESSARY', 'WAIT')",COIN,UP,13,ATTACK,UNNECESSARY,WAIT,0.0,0.0,0.0,0.0,0.0,0.15508795,BOMB,0.15508795
"('BOMBING', 'DOWN', 15, 'USELESS', 'UNNECESSARY', 'LEFT')",BOMBING,DOWN,15,USELESS,UNNECESSARY,LEFT,0.11044256,-0.04035123,1.0066617,-0.0051505473,-0.059974607,-0.1540226,DOWN,1.0066617
"('BOMBING', 'DOWN', 15, 'USELESS', 'UNNECESSARY', 'WAIT')",BOMBING,DOWN,15,USELESS,UNNECESSARY,WAIT,-0.004643708,0.0,0.7771426,0.0,0.0,-0.14235412,DOWN,0.7771426
"('COIN', 'DOWN', 13, 'UNAVAILABLE', 'UNNECESSARY', 'RIGHT')",COIN,DOWN,13,UNAVAILABLE,UNNECESSARY,RIGHT,0.0,0.0,1.4320991,0.076142095,0.083100006,-0.101,DOWN,1.4320991
"('COIN', 'DOWN', 13, 'UNAVAILABLE', 'UNNECESSARY', 'BOMB')",COIN,DOWN,13,UNAVAILABLE,UNNECESSARY,BOMB,0.0,0.01841113,0.0,0.0,-0.051,0.0,RIGHT,0.01841113
"('COIN', 'DOWN', 13, 'UNAVAILABLE', 'UNNECESSARY', 'WAIT')",COIN,DOWN,13,UNAVAILABLE,UNNECESSARY,WAIT,0.13864341,-0.101,0.0,0.0,0.0,0.0,UP,0.13864341
"('BOMBING', 'HERE', 11, 'GOOD_LOW', 'UNNECESSARY', 'LEFT')",BOMBING,HERE,11,GOOD_LOW,UNNECESSARY,LEFT,0.0,0.0,0.0,0.0,-0.051,1.1550152,BOMB,1.1550152
"('BOMBING', 'LEFT', 15, 'UNAVAILABLE', 'UNNECESSARY', 'UP')",BOMBING,LEFT,15,UNAVAILABLE,UNNECESSARY,UP,0.16960384,0.0,0.2214261,1.0264351,-0.032347072,0.0,LEFT,1.0264351
"('BOMBING', 'HERE', 15, 'ATTACK', 'UNNECESSARY', 'LEFT')",BOMBING,HERE,15,ATTACK,UNNECESSARY,LEFT,0.80484575,-0.05837006,0.0,0.0,0.0,0.0,UP,0.80484575
"('BOMBING', 'RIGHT', 2, 'ATTACK', 'UNNECESSARY', 'UP')",BOMBING,RIGHT,2,ATTACK,UNNECESSARY,UP,-0.071620084,0.0,-0.101,0.0,0.0,0.0,RIGHT,0.0
"('ESCAPE', 'RIGHT', 2, 'ATTACK', 'UNNECESSARY', 'DOWN')",ESCAPE,RIGHT,2,ATTACK,UNNECESSARY,DOWN,0.0,0.0,0.0,0.0,0.0,1.04623,BOMB,1.04623
"('BOMBING', 'UP', 0, 'UNAVAILABLE', 'NECESSARY', 'BOMB')",BOMBING,UP,0,UNAVAILABLE,NECESSARY,BOMB,-1.001,-0.10453276,-0.101,-0.105231255,0.6240735,-0.101,WAIT,0.6240735
"('BOMBING', 'UP', 4, 'UNAVAILABLE', 'UNNECESSARY', 'WAIT')",BOMBING,UP,4,UNAVAILABLE,UNNECESSARY,WAIT,0.0,-0.08309,0.46350804,0.0,0.0,0.0,DOWN,0.46350804
"('ESCAPE', 'UP', 1, 'ATTACK', 'UNNECESSARY', 'LEFT')",ESCAPE,UP,1,ATTACK,UNNECESSARY,LEFT,0.0,0.0,-0.101,-0.101,-0.051,1.2326887,BOMB,1.2326887
"('ESCAPE', 'UP', 1, 'USELESS', 'UNNECESSARY', 'LEFT')",ESCAPE,UP,1,USELESS,UNNECESSARY,LEFT,0.57741404,0.0,-0.09908083,-0.101,-0.043441065,-0.007742251,UP,0.57741404
"('ESCAPE', 'UP', 1, 'USELESS', 'UNSAFE', 'LEFT')",ESCAPE,UP,1,USELESS,UNSAFE,LEFT,0.3508552,-0.2920901,-0.501,-0.11009,-0.50189996,-0.5144876,UP,0.3508552
"('ESCAPE', 'NONE', 0, 'UNSAFE', 'UNSAFE', 'WAIT')",ESCAPE,NONE,0,UNSAFE,UNSAFE,WAIT,-3.5759478,-3.6003172,-3.6141856,-3.5999675,-3.4689944,-3.949932,WAIT,-3.4689944
"('COIN', 'UP', 7, 'UNAVAILABLE', 'UNNECESSARY', 'BOMB')",COIN,UP,7,UNAVAILABLE,UNNECESSARY,BOMB,0.15051453,0.0,0.0,0.0,0.0,0.0,UP,0.15051453
"('BOMBING', 'UP', 11, 'UNAVAILABLE', 'UNNECESSARY', 'LEFT')",BOMBING,UP,11,UNAVAILABLE,UNNECESSARY,LEFT,1.0195745,0.039938748,-0.030034844,0.0,-0.051,-0.101,UP,1.0195745
"('ESCAPE', 'UP', 5, 'UNAVAILABLE', 'UNSAFE', 'DOWN')",ESCAPE,UP,5,UNAVAILABLE,UNSAFE,DOWN,1.5773997,-0.32524672,-1.224853,-2.1690416,-2.9545627,-2.7447689,UP,1.5773997
"('BOMBING', 'DOWN', 12, 'UNAVAILABLE', 'UNNECESSARY', 'WAIT')",BOMBING,DOWN,12,UNAVAILABLE,UNNECESSARY,WAIT,-0.101,0.0,0.21591868,-0.004040697,-0.051,0.0,DOWN,0.21591868
"('BOMBING', 'DOWN', 12, 'UNAVAILABLE', 'UNNECESSARY', 'LEFT')",BOMBING,DOWN,12,UNAVAILABLE,UNNECESSARY,LEFT,-0.075589396,-1.201,1.0533638,0.0,0.0,-0.101,DOWN,1.0533638
"('BOMBING', 'DOWN', 14, 'UNAVAILABLE', 'UNNECESSARY', 'BOMB')",BOMBING,DOWN,14,UNAVAILABLE,UNNECESSARY,BOMB,0.0,0.09182132,0.0,-0.011,0.0,0.0,RIGHT,0.09182132
"('BOMBING', 'HERE', 13, 'GOOD_HIGH', 'UNNECESSARY', 'RIGHT')",BOMBING,HERE,13,GOOD_HIGH,UNNECESSARY,RIGHT,-0.0027932893,0.014612548,0.107802264,0.06941281,-0.070755936,1.2089907,BOMB,1.2089907
"('BOMBING', 'HERE', 13, 'GOOD_HIGH', 'UNNECESSARY', 'WAIT')",BOMBING,HERE,13,GOOD_HIGH,UNNECESSARY,WAIT,0.0,-0.101,0.0,0.0,0.0,0.3914684,BOMB,0.3914684
"('COIN', 'LEFT', 12, 'USELESS', 'UNNECESSARY', 'UP')",COIN,LEFT,12,USELESS,UNNECESSARY,UP,0.0,-0.10065144,-0.036,1.5359164,-0.04679742,-0.151,LEFT,1.5359164
"('COIN', 'UP', 13, 'GOOD_HIGH', 'UNNECESSARY', 'DOWN')",COIN,UP,13,GOOD_HIGH,UNNECESSARY,DOWN,0.0,0.0,0.0,-0.011,0.0,1.2634611,BOMB,1.2634611
"('COIN', 'UP', 13, 'UNAVAILABLE', 'UNNECESSARY', 'DOWN')",COIN,UP,13,UNAVAILABLE,UNNECESSARY,DOWN,0.20576568,0.0,0.0,1.2463067,0.0,-0.101,LEFT,1.2463067
"('COIN', 'UP', 13, 'UNAVAILABLE', 'UNNECESSARY', 'BOMB')",COIN,UP,13,UNAVAILABLE,UNNECESSARY,BOMB,0.39232838,-0.099263445,0.0,0.0,0.0,0.0,UP,0.39232838
"('COIN', 'LEFT', 10, 'GOOD_LOW', 'UNNECESSARY', 'LEFT')",COIN,LEFT,10,GOOD_LOW,UNNECESSARY,LEFT,-0.21821642,0.033731848,-0.14528498,1.6772346,0.0,0.2487936,LEFT,1.6772346
"('COIN', 'UP', 3, 'UNAVAILABLE', 'UNNECESSARY', 'DOWN')",COIN,UP,3,UNAVAILABLE,UNNECESSARY,DOWN,-0.0016768255,1.2548375,-0.101,-0.101,0.0,-0.101,RIGHT,1.2548375
"('COIN', 'UP', 3, 'GOOD_HIGH', 'UNNECESSARY', 'DOWN')",COIN,UP,3,GOOD_HIGH,UNNECESSARY,DOWN,0.0,-0.010750305,-0.101,-0.06429927,-0.05019,0.907428,BOMB,0.907428
"('BOMBING', 'UP', 9, 'UNAVAILABLE', 'UNNECESSARY', 'WAIT')",BOMBING,UP,9,UNAVAILABLE,UNNECESSARY,WAIT,0.0,0.0,0.0,0.20212194,0.0,-0.101,LEFT,0.20212194
"('BOMBING', 'UP', 9, 'GOOD_HIGH', 'UNNECESSARY', 'BOMB')",BOMBING,UP,9,GOOD_HIGH,UNNECESSARY,BOMB,0.0,0.0,-0.101,0.0,0.0,0.0,UP,0.0
"('BOMBING', 'UP', 9, 'GOOD_HIGH', 'UNNECESSARY', 'DOWN')",BOMBING,UP,9,GOOD_HIGH,UNNECESSARY,DOWN,0.0,0.0,0.0,0.0,0.0,1.6821578,BOMB,1.6821578
"('BOMBING', 'LEFT', 9, 'UNAVAILABLE', 'UNNECESSARY', 'UP')",BOMBING,LEFT,9,UNAVAILABLE,UNNECESSARY,UP,0.0,-0.101,0.0,1.0027971,-0.051,0.0,LEFT,1.0027971
"('BOMBING', 'LEFT', 13, 'UNAVAILABLE', 'UNNECESSARY', 'WAIT')",BOMBING,LEFT,13,UNAVAILABLE,UNNECESSARY,WAIT,0.0,-0.101,0.0,0.0,0.0,-0.101,UP,0.0
"('BOMBING', 'HERE', 11, 'GOOD_HIGH', 'UNNECESSARY', 'RIGHT')",BOMBING,HERE,11,GOOD_HIGH,UNNECESSARY,RIGHT,0.093070075,0.104937784,-0.08891413,0.12516056,0.0,1.190915,BOMB,1.190915
"('BOMBING', 'HERE', 11, 'GOOD_HIGH', 'UNNECESSARY', 'DOWN')",BOMBING,HERE,11,GOOD_HIGH,UNNECESSARY,DOWN,0.06496173,0.0,-0.16070497,-0.014133411,-0.051,1.0960639,BOMB,1.0960639
"('BOMBING', 'RIGHT', 11, 'GOOD_HIGH', 'UNNECESSARY', 'WAIT')",BOMBING,RIGHT,11,GOOD_HIGH,UNNECESSARY,WAIT,0.0,0.0,0.0,0.0,0.0,0.09350194,BOMB,0.09350194
"('BOMBING', 'RIGHT', 7, 'GOOD_LOW', 'UNNECESSARY', 'UP')",BOMBING,RIGHT,7,GOOD_LOW,UNNECESSARY,UP,0.0,1.0603766,0.0,-0.101,0.0,0.14838217,RIGHT,1.0603766
"('BOMBING', 'RIGHT', 7, 'GOOD_LOW', 'UNNECESSARY', 'LEFT')",BOMBING,RIGHT,7,GOOD_LOW,UNNECESSARY,LEFT,0.0,0.65137506,-0.011,0.0,0.0,0.0,RIGHT,0.65137506
"('BOMBING', 'RIGHT', 15, 'USELESS', 'UNNECESSARY', 'UP')",BOMBING,RIGHT,15,USELESS,UNNECESSARY,UP,0.19783497,1.0331862,-0.00029496476,0.13151959,-0.20380202,-0.08916461,RIGHT,1.0331862
"('BOMBING', 'UP', 7, 'GOOD_LOW', 'UNNECESSARY', 'LEFT')",BOMBING,UP,7,GOOD_LOW,UNNECESSARY,LEFT,0.0,0.0,-0.01142097,-0.101,-0.04683354,1.1636734,BOMB,1.1636734
"('COIN', 'DOWN', 15, 'USELESS', 'UNNECESSARY', 'RIGHT')",COIN,DOWN,15,USELESS,UNNECESSARY,RIGHT,-0.011,0.0,1.838111,0.11524288,-0.0187575,0.0053293016,DOWN,1.838111
"('COIN', 'DOWN', 15, 'USELESS', 'UNNECESSARY', 'DOWN')",COIN,DOWN,15,USELESS,UNNECESSARY,DOWN,0.036167823,0.22461833,1.5934572,0.21781307,-0.048029877,-0.2976691,DOWN,1.5934572
"('COIN', 'RIGHT', 11, 'GOOD_LOW', 'UNNECESSARY', 'RIGHT')",COIN,RIGHT,11,GOOD_LOW,UNNECESSARY,RIGHT,0.0,1.5429672,0.0,0.0,-0.051,0.0,RIGHT,1.5429672
"('COIN', 'RIGHT', 11, 'GOOD_LOW', 'UNNECESSARY', 'WAIT')",COIN,RIGHT,11,GOOD_LOW,UNNECESSARY,WAIT,0.0,0.0,-0.101,0.0,0.0,0.0,UP,0.0
"('COIN', 'RIGHT', 11, 'GOOD_LOW', 'UNNECESSARY', 'DOWN')",COIN,RIGHT,11,GOOD_LOW,UNNECESSARY,DOWN,0.0,0.0,0.0,-0.011,0.0,1.2880617,BOMB,1.2880617
"('COIN', 'RIGHT', 10, 'GOOD_LOW', 'UNNECESSARY', 'UP')",COIN,RIGHT,10,GOOD_LOW,UNNECESSARY,UP,-0.101,0.8224389,-0.101,0.0,-0.03906003,0.0,RIGHT,0.8224389
"('COIN', 'RIGHT', 10, 'GOOD_LOW', 'UNNECESSARY', 'DOWN')",COIN,RIGHT,10,GOOD_LOW,UNNECESSARY,DOWN,0.0,0.0,-0.101,0.0,0.0,0.3975832,BOMB,0.3975832
"('COIN', 'DOWN', 1, 'UNAVAILABLE', 'UNNECESSARY', 'LEFT')",COIN,DOWN,1,UNAVAILABLE,UNNECESSARY,LEFT,-0.004122238,-0.07325453,-1.201,0.0101364935,-0.050028283,-0.09792644,LEFT,0.0101364935
"('NONE', 'NONE', 4, 'UNAVAILABLE', 'UNNECESSARY', 'LEFT')",NONE,NONE,4,UNAVAILABLE,UNNECESSARY,LEFT,-0.101,-0.08880755,0.7024427,-0.09978926,-0.051171,-0.07739135,DOWN,0.7024427
"('COIN', 'RIGHT', 14, 'USELESS', 'UNNECESSARY', 'LEFT')",COIN,RIGHT,14,USELESS,UNNECESSARY,LEFT,0.0,0.0,1.0154065,0.0,0.0,0.0,DOWN,1.0154065
"('COIN', 'RIGHT', 15, 'GOOD_HIGH', 'UNNECESSARY', 'DOWN')",COIN,RIGHT,15,GOOD_HIGH,UNNECESSARY,DOWN,0.0,1.8759084,0.0,-0.009859724,0.0,0.0,RIGHT,1.8759084
"('COIN', 'RIGHT', 2, 'UNAVAILABLE', 'UNNECESSARY', 'WAIT')",COIN,RIGHT,2,UNAVAILABLE,UNNECESSARY,WAIT,-0.101,1.5119528,-0.14441577,-1.1094351,0.0,-0.1521914,RIGHT,1.5119528
"('COIN', 'DOWN', 14, 'UNAVAILABLE', 'UNNECESSARY', 'LEFT')",COIN,DOWN,14,UNAVAILABLE,UNNECESSARY,LEFT,-0.057003386,-0.036,0.0,1.259028,0.0,0.0,LEFT,1.259028
"('BOMBING', 'RIGHT', 7, 'GOOD_HIGH', 'UNNECESSARY', 'DOWN')",BOMBING,RIGHT,7,GOOD_HIGH,UNNECESSARY,DOWN,-0.0386829,1.1297708,0.09248504,0.0,-0.051,0.12236247,RIGHT,1.1297708
"('BOMBING', 'UP', 2, 'UNAVAILABLE', 'UNNECESSARY', 'DOWN')",BOMBING,UP,2,UNAVAILABLE,UNNECESSARY,DOWN,-1.201,0.8545599,-0.09828198,-0.101,-0.051,-0.101,RIGHT,0.8545599
"('BOMBING', 'RIGHT', 3, 'UNAVAILABLE', 'UNNECESSARY', 'LEFT')",BOMBING,RIGHT,3,UNAVAILABLE,UNNECESSARY,LEFT,0.8354297,-0.0076071317,-0.0982249,-0.13459471,-0.051,-0.101,UP,0.8354297
"('BOMBING', 'DOWN', 13, 'GOOD_HIGH', 'UNNECESSARY', 'WAIT')",BOMBING,DOWN,13,GOOD_HIGH,UNNECESSARY,WAIT,0.0,-0.02987169,0.0,0.0,-0.051,-0.001,UP,0.0
"('ESCAPE', 'UP', 13, 'UNAVAILABLE', 'UNNECESSARY', 'BOMB')",ESCAPE,UP,13,UNAVAILABLE,UNNECESSARY,BOMB,0.99050844,-1.2679511,0.334209,0.26951098,-0.14750366,-0.13906842,UP,0.99050844
"('COIN', 'LEFT', 2, 'UNAVAILABLE', 'UNNECESSARY', 'UP')",COIN,LEFT,2,UNAVAILABLE,UNNECESSARY,UP,-0.0988049,0.07191968,0.0,0.0,-0.04000977,0.0,RIGHT,0.07191968
"('COIN', 'DOWN', 14, 'USELESS', 'UNNECESSARY', 'LEFT')",COIN,DOWN,14,USELESS,UNNECESSARY,LEFT,-0.101,0.017397929,1.6668826,0.16566733,-0.051,-0.06924229,DOWN,1.6668826
"('ESCAPE', 'DOWN', 14, 'UNAVAILABLE', 'UNNECESSARY', 'BOMB')",ESCAPE,DOWN,14,UNAVAILABLE,UNNECESSARY,BOMB,0.0,2.4374745,0.1860508,0.0,0.0,0.0,RIGHT,2.4374745
"('BOMBING', 'HERE', 11, 'GOOD_HIGH', 'UNNECESSARY', 'LEFT')",BOMBING,HERE,11,GOOD_HIGH,UNNECESSARY,LEFT,0.16719024,0.17863093,0.013868285,0.0,0.0,1.2585378,BOMB,1.2585378
"('COIN', 'DOWN', 12, 'USELESS', 'UNNECESSARY', 'RIGHT')",COIN,DOWN,12,USELESS,UNNECESSARY,RIGHT,-0.101,-0.101,1.5912787,0.029893517,0.0,0.0,DOWN,1.5912787
"('COIN', 'DOWN', 12, 'USELESS', 'UNNECESSARY', 'UP')",COIN,DOWN,12,USELESS,UNNECESSARY,UP,0.0,0.0,0.4531132,0.1053397,-0.051,0.0,DOWN,0.4531132
"('COIN', 'DOWN', 12, 'USELESS', 'UNNECESSARY', 'WAIT')",COIN,DOWN,12,USELESS,UNNECESSARY,WAIT,-0.101,0.0,0.14516385,0.0,-0.051,0.0,DOWN,0.14516385
"('BOMBING', 'HERE', 11, 'UNAVAILABLE', 'UNNECESSARY', 'DOWN')",BOMBING,HERE,11,UNAVAILABLE,UNNECESSARY,DOWN,0.0,0.0,0.0,1.0418783,0.0,0.0,LEFT,1.0418783
"('COIN', 'RIGHT', 7, 'UNAVAILABLE', 'UNNECESSARY', 'UP')",COIN,RIGHT,7,UNAVAILABLE,UNNECESSARY,UP,-0.011,1.5190823,-0.041542824,0.0,0.0,0.0,RIGHT,1.5190823
"('COIN', 'RIGHT', 7, 'ATTACK', 'UNNECESSARY', 'DOWN')",COIN,RIGHT,7,ATTACK,UNNECESSARY,DOWN,-0.03161986,-0.001,0.0,0.0,0.0,1.2307166,BOMB,1.2307166
"('ESCAPE', 'RIGHT', 10, 'ATTACK', 'UNNECESSARY', 'RIGHT')",ESCAPE,RIGHT,10,ATTACK,UNNECESSARY,RIGHT,-0.101,0.6505398,-0.101,-0.02714929,-0.042294495,-0.18043125,RIGHT,0.6505398
"('ESCAPE', 'UP', 13, 'ATTACK', 'UNNECESSARY', 'RIGHT')",ESCAPE,UP,13,ATTACK,UNNECESSARY,RIGHT,0.0,0.0,0.7648984,0.0,-0.08182354,0.0,DOWN,0.7648984
"('ESCAPE', 'UP', 5, 'USELESS', 'UNNECESSARY', 'WAIT')",ESCAPE,UP,5,USELESS,UNNECESSARY,WAIT,0.0,-0.101,0.0,0.0,-0.051,0.028260816,BOMB,0.028260816
"('ESCAPE', 'UP', 5, 'ATTACK', 'UNSAFE', 'WAIT')",ESCAPE,UP,5,ATTACK,UNSAFE,WAIT,0.042513527,-0.601,-0.001,0.0,0.0,0.0,UP,0.042513527
"('BOMBING', 'DOWN', 2, 'UNAVAILABLE', 'UNNECESSARY', 'UP')",BOMBING,DOWN,2,UNAVAILABLE,UNNECESSARY,UP,0.0,0.7177147,-1.201,0.0,0.0,0.0,RIGHT,0.7177147
"('BOMBING', 'UP', 3, 'UNAVAILABLE', 'UNNECESSARY', 'DOWN')",BOMBING,UP,3,UNAVAILABLE,UNNECESSARY,DOWN,0.78027946,-0.0031527933,-0.101,0.0,-0.0969,-0.101,UP,0.78027946
"('BOMBING', 'RIGHT', 15, 'USELESS', 'UNNECESSARY', 'WAIT')",BOMBING,RIGHT,15,USELESS,UNNECESSARY,WAIT,-0.016519945,0.0,0.0,0.37785327,0.0,-0.151,LEFT,0.37785327
"('ESCAPE', 'DOWN', 13, 'UNAVAILABLE', 'UNNECESSARY', 'BOMB')",ESCAPE,DOWN,13,UNAVAILABLE,UNNECESSARY,BOMB,2.1813128,0.0,0.0,0.0,-0.051,-0.101,UP,2.1813128
"('COIN', 'UP', 14, 'UNAVAILABLE', 'UNNECESSARY', 'DOWN')",COIN,UP,14,UNAVAILABLE,UNNECESSARY,DOWN,-3.25471,-0.011,0.9757581,-0.014287756,-0.051,-0.101,DOWN,0.9757581
"('COIN', 'UP', 15, 'UNAVAILABLE', 'UNNECESSARY', 'WAIT')",COIN,UP,15,UNAVAILABLE,UNNECESSARY,WAIT,0.0,0.29725352,0.0,-0.01244,0.0,0.0,RIGHT,0.29725352
"('COIN', 'RIGHT', 7, 'GOOD_LOW', 'UNNECESSARY', 'LEFT')",COIN,RIGHT,7,GOOD_LOW,UNNECESSARY,LEFT,0.0,0.0,0.80143404,0.0,0.0,0.0,DOWN,0.80143404
"('COIN', 'UP', 10, 'USELESS', 'UNNECESSARY', 'RIGHT')",COIN,UP,10,USELESS,UNNECESSARY,RIGHT,0.0,0.0,0.0,0.0,0.0,-0.14142998,UP,0.0
"('COIN', 'RIGHT', 14, 'UNAVAILABLE', 'UNNECESSARY', 'UP')",COIN,RIGHT,14,UNAVAILABLE,UNNECESSARY,UP,0.0,1.8670983,-0.036,0.06738521,-0.051,0.0,RIGHT,1.8670983
"('COIN', 'UP', 11, 'GOOD_LOW', 'UNNECESSARY', 'DOWN')",COIN,UP,11,GOOD_LOW,UNNECESSARY,DOWN,0.0,0.0,0.0,-0.012220927,0.0,0.94488436,BOMB,0.94488436
"('COIN', 'UP', 13, 'GOOD_LOW', 'UNNECESSARY', 'UP')",COIN,UP,13,GOOD_LOW,UNNECESSARY,UP,0.0,0.0,0.0,0.0,-0.082043,1.325675,BOMB,1.325675
"('BOMBING', 'UP', 9, 'GOOD_LOW', 'UNNECESSARY', 'NONE')",BOMBING,UP,9,GOOD_LOW,UNNECESSARY,NONE,0.98226017,0.0,-0.101,0.0,-0.051,0.0,UP,0.98226017
"('BOMBING', 'UP', 9, 'GOOD_LOW', 'UNNECESSARY', 'WAIT')",BOMBING,UP,9,GOOD_LOW,UNNECESSARY,WAIT,0.0,0.0,0.0,-0.004708871,0.0,0.10352588,BOMB,0.10352588
"('COIN', 'UP', 5, 'UNAVAILABLE', 'UNNECESSARY', 'LEFT')",COIN,UP,5,UNAVAILABLE,UNNECESSARY,LEFT,1.6156338,-0.099461,0.0,-0.08136252,-0.051,-0.101,UP,1.6156338
"('COIN', 'LEFT', 13, 'GOOD_HIGH', 'UNNECESSARY', 'UP')",COIN,LEFT,13,GOOD_HIGH,UNNECESSARY,UP,0.09774468,0.0,-0.036,0.0,0.0,1.2058095,BOMB,1.2058095
"('COIN', 'LEFT', 15, 'UNAVAILABLE', 'UNNECESSARY', 'LEFT')",COIN,LEFT,15,UNAVAILABLE,UNNECESSARY,LEFT,1.5621833,-0.03223497,0.28798836,0.0,-0.005749434,-0.1919,UP,1.5621833
"('COIN', 'LEFT', 15, 'UNAVAILABLE', 'UNNECESSARY', 'WAIT')",COIN,LEFT,15,UNAVAILABLE,UNNECESSARY,WAIT,-0.011,-0.017840741,0.0,0.119162574,-0.051,0.0,LEFT,0.119162574
"('BOMBING', 'RIGHT', 14, 'UNAVAILABLE', 'UNNECESSARY', 'WAIT')",BOMBING,RIGHT,14,UNAVAILABLE,UNNECESSARY,WAIT,0.0,0.19820233,0.0,-0.018990546,-0.051,-0.101,RIGHT,0.19820233
"('BOMBING', 'RIGHT', 14, 'USELESS', 'UNNECESSARY', 'BOMB')",BOMBING,RIGHT,14,USELESS,UNNECESSARY,BOMB,0.0,0.0,0.0,0.0,0.0,-0.151,UP,0.0
"('ESCAPE', 'LEFT', 12, 'UNAVAILABLE', 'UNNECESSARY', 'BOMB')",ESCAPE,LEFT,12,UNAVAILABLE,UNNECESSARY,BOMB,-0.39638406,-0.24068429,0.0,1.4197288,0.0,0.043026734,LEFT,1.4197288
"('BOMBING', 'UP', 3, 'GOOD_HIGH', 'UNNECESSARY', 'DOWN')",BOMBING,UP,3,GOOD_HIGH,UNNECESSARY,DOWN,0.5832907,0.0,0.0,0.0,0.0,0.0,UP,0.5832907
"('COIN', 'UP', 7, 'USELESS', 'UNNECESSARY', 'UP')",COIN,UP,7,USELESS,UNNECESSARY,UP,1.5135044,0.07058101,-0.00040960312,0.0,0.0,-0.15229025,UP,1.5135044
"('COIN', 'UP', 7, 'USELESS', 'UNNECESSARY', 'DOWN')",COIN,UP,7,USELESS,UNNECESSARY,DOWN,0.0,1.2409914,0.0,0.043352444,-0.051,-0.17830062,RIGHT,1.2409914
"('COIN', 'RIGHT', 11, 'GOOD_HIGH', 'UNNECESSARY', 'RIGHT')",COIN,RIGHT,11,GOOD_HIGH,UNNECESSARY,RIGHT,0.23223944,0.0,-0.058507334,0.0,-0.04957951,1.1956844,BOMB,1.1956844
"('COIN', 'DOWN', 13, 'GOOD_HIGH', 'UNNECESSARY', 'RIGHT')",COIN,DOWN,13,GOOD_HIGH,UNNECESSARY,RIGHT,0.0,0.0,1.7422462,0.0,0.0,0.0,DOWN,1.7422462
"('COIN', 'RIGHT', 7, 'USELESS', 'UNNECESSARY', 'LEFT')",COIN,RIGHT,7,USELESS,UNNECESSARY,LEFT,0.0,-0.0066697574,0.99303627,-0.101,-0.051,0.0,DOWN,0.99303627
"('COIN', 'RIGHT', 15, 'USELESS', 'UNNECESSARY', 'UP')",COIN,RIGHT,15,USELESS,UNNECESSARY,UP,0.07080777,1.6416318,-0.04095216,0.1316419,-0.06757744,-0.1531828,RIGHT,1.6416318
"('COIN', 'DOWN', 12, 'ATTACK', 'UNNECESSARY', 'RIGHT')",COIN,DOWN,12,ATTACK,UNNECESSARY,RIGHT,0.0,0.0,0.0,0.0,0.0,0.99781823,BOMB,0.99781823
"('COIN', 'UP', 11, 'GOOD_HIGH', 'UNNECESSARY', 'RIGHT')",COIN,UP,11,GOOD_HIGH,UNNECESSARY,RIGHT,0.0,0.08417527,0.0,0.0,-0.08710331,1.29012,BOMB,1.29012
"('COIN', 'UP', 11, 'GOOD_HIGH', 'UNNECESSARY', 'WAIT')",COIN,UP,11,GOOD_HIGH,UNNECESSARY,WAIT,0.0,0.0,0.0,0.0,0.0,0.22373295,BOMB,0.22373295
"('COIN', 'UP', 13, 'UNAVAILABLE', 'UNNECESSARY', 'LEFT')",COIN,UP,13,UNAVAILABLE,UNNECESSARY,LEFT,0.0,-1.201,1.0057354,0.0,0.0,0.0,DOWN,1.0057354
"('BOMBING', 'RIGHT', 3, 'UNSAFE', 'UNNECESSARY', 'LEFT')",BOMBING,RIGHT,3,UNSAFE,UNNECESSARY,LEFT,-0.101,0.24629214,0.0,0.0,-0.051,-0.94893587,RIGHT,0.24629214
"('BOMBING', 'RIGHT', 3, 'UNSAFE', 'UNNECESSARY', 'WAIT')",BOMBING,RIGHT,3,UNSAFE,UNNECESSARY,WAIT,0.0,0.016878251,0.0,0.0,0.0,0.0,RIGHT,0.016878251
"('BOMBING', 'LEFT', 14, 'UNAVAILABLE', 'UNNECESSARY', 'LEFT')",BOMBING,LEFT,14,UNAVAILABLE,UNNECESSARY,LEFT,-0.101,0.0,1.1712055,0.0,0.0,-0.10099631,DOWN,1.1712055
"('BOMBING', 'LEFT', 14, 'USELESS', 'UNNECESSARY', 'UP')",BOMBING,LEFT,14,USELESS,UNNECESSARY,UP,-0.101,0.6166538,0.0,0.0,-0.051,-0.11973064,RIGHT,0.6166538
"('BOMBING', 'LEFT', 14, 'USELESS', 'UNNECESSARY', 'WAIT')",BOMBING,LEFT,14,USELESS,UNNECESSARY,WAIT,-0.101,0.0,0.0,0.0,0.0,-0.052004967,RIGHT,0.0
"('BOMBING', 'LEFT', 9, 'UNAVAILABLE', 'UNNECESSARY', 'DOWN')",BOMBING,LEFT,9,UNAVAILABLE,UNNECESSARY,DOWN,-0.021868022,-0.101,-0.101,1.1688498,-0.051,-0.27346307,LEFT,1.1688498
"('BOMBING', 'LEFT', 15, 'GOOD_HIGH', 'UNNECESSARY', 'LEFT')",BOMBING,LEFT,15,GOOD_HIGH,UNNECESSARY,LEFT,0.1243997,0.0,0.101706594,1.0592443,-0.051,0.0,LEFT,1.0592443
"('ESCAPE', 'RIGHT', 6, 'UNAVAILABLE', 'UNSAFE', 'WAIT')",ESCAPE,RIGHT,6,UNAVAILABLE,UNSAFE,WAIT,-0.34085134,0.518006,0.0,-0.67286897,0.0,0.0,RIGHT,0.518006
"('BOMBING', 'UP', 3, 'GOOD_LOW', 'UNNECESSARY', 'BOMB')",BOMBING,UP,3,GOOD_LOW,UNNECESSARY,BOMB,0.021065298,0.0,0.0,0.0,0.0,0.0,UP,0.021065298
"('BOMBING', 'UP', 11, 'UNAVAILABLE', 'UNNECESSARY', 'DOWN')",BOMBING,UP,11,UNAVAILABLE,UNNECESSARY,DOWN,0.68296915,0.019645855,0.0,0.23764001,0.0,-0.1919,UP,0.68296915
"('BOMBING', 'UP', 15, 'UNAVAILABLE', 'UNNECESSARY', 'UP')",BOMBING,UP,15,UNAVAILABLE,UNNECESSARY,UP,1.0130799,0.06416809,0.0,0.10149027,0.0,0.0,UP,1.0130799
"('COIN', 'UP', 11, 'GOOD_LOW', 'UNNECESSARY', 'RIGHT')",COIN,UP,11,GOOD_LOW,UNNECESSARY,RIGHT,1.6697661,0.0,-0.101,0.07236391,0.0,0.0,UP,1.6697661
"('ESCAPE', 'RIGHT', 14, 'USELESS', 'UNNECESSARY', 'DOWN')",ESCAPE,RIGHT,14,USELESS,UNNECESSARY,DOWN,-0.01009,-0.0019,-0.0019,0.17061907,-0.051,-0.1366119,LEFT,0.17061907
"('COIN', 'LEFT', 2, 'USELESS', 'UNNECESSARY', 'RIGHT')",COIN,LEFT,2,USELESS,UNNECESSARY,RIGHT,-0.07592686,0.7797998,-0.07026201,-0.501,0.0,-0.049985155,RIGHT,0.7797998
"('BOMBING', 'DOWN', 4, 'GOOD_LOW', 'UNNECESSARY', 'BOMB')",BOMBING,DOWN,4,GOOD_LOW,UNNECESSARY,BOMB,0.0,0.0,0.0,0.0,-0.050577078,0.0,UP,0.0
"('BOMBING', 'HERE', 10, 'UNAVAILABLE', 'UNNECESSARY', 'DOWN')",BOMBING,HERE,10,UNAVAILABLE,UNNECESSARY,DOWN,0.0,0.7075044,0.0,0.0,-0.051,0.0,RIGHT,0.7075044
"('COIN', 'LEFT', 13, 'UNAVAILABLE', 'UNNECESSARY', 'UP')",COIN,LEFT,13,UNAVAILABLE,UNNECESSARY,UP,-0.011,0.0,-0.03971183,1.8398718,0.0,-0.101,LEFT,1.8398718
"('COIN', 'LEFT', 13, 'UNAVAILABLE', 'UNNECESSARY', 'BOMB')",COIN,LEFT,13,UNAVAILABLE,UNNECESSARY,BOMB,0.0,0.0,0.031662244,0.0,-0.051,0.0,DOWN,0.031662244
"('COIN', 'LEFT', 13, 'GOOD_HIGH', 'UNNECESSARY', 'WAIT')",COIN,LEFT,13,GOOD_HIGH,UNNECESSARY,WAIT,0.0,0.0,0.0,0.0,0.0,0.17085871,BOMB,0.17085871
"('COIN', 'UP', 11, 'UNAVAILABLE', 'UNNECESSARY', 'LEFT')",COIN,UP,11,UNAVAILABLE,UNNECESSARY,LEFT,1.8878634,0.054839276,0.0,0.0,0.0,-0.1611112,UP,1.8878634
"('COIN', 'UP', 9, 'USELESS', 'UNNECESSARY', 'RIGHT')",COIN,UP,9,USELESS,UNNECESSARY,RIGHT,1.4768646,-0.101,-0.101,0.0,-0.084504694,0.0,UP,1.4768646
"('COIN', 'UP', 9, 'USELESS', 'UNNECESSARY', 'DOWN')",COIN,UP,9,USELESS,UNNECESSARY,DOWN,1.1337808,-0.101,-0.101,-0.013269093,-0.051,-0.13583472,UP,1.1337808
"('COIN', 'UP', 13, 'USELESS', 'UNNECESSARY', 'UP')",COIN,UP,13,USELESS,UNNECESSARY,UP,1.4752241,0.0,-0.010198092,0.14684936,-0.051,-0.151,UP,1.4752241
"('COIN', 'RIGHT', 8, 'UNAVAILABLE', 'UNNECESSARY', 'DOWN')",COIN,RIGHT,8,UNAVAILABLE,UNNECESSARY,DOWN,-0.0077515338,-1.201,0.0,0.3375469,-0.051,0.0,LEFT,0.3375469
"('COIN', 'UP', 13, 'USELESS', 'UNNECESSARY', 'WAIT')",COIN,UP,13,USELESS,UNNECESSARY,WAIT,0.0,-0.501,-0.01440461,0.08736609,0.0,0.0,LEFT,0.08736609
"('ESCAPE', 'DOWN', 12, 'UNAVAILABLE', 'UNSAFE', 'WAIT')",ESCAPE,DOWN,12,UNAVAILABLE,UNSAFE,WAIT,0.0,0.0,0.0,0.6280471,0.0,0.0,LEFT,0.6280471
"('BOMBING', 'UP', 15, 'USELESS', 'UNNECESSARY', 'LEFT')",BOMBING,UP,15,USELESS,UNNECESSARY,LEFT,0.98126054,-0.008058757,0.10432348,0.09756809,-0.050990015,-0.21912277,UP,0.98126054
"('ESCAPE', 'DOWN', 5, 'USELESS', 'UNNECESSARY', 'UP')",ESCAPE,DOWN,5,USELESS,UNNECESSARY,UP,0.0,0.0,0.020361623,0.0,-0.051,0.16086678,BOMB,0.16086678
"('ESCAPE', 'DOWN', 4, 'USELESS', 'UNNECESSARY', 'WAIT')",ESCAPE,DOWN,4,USELESS,UNNECESSARY,WAIT,0.0,-0.101,0.0,-0.32399443,-0.051,-0.23582233,UP,0.0
"('ESCAPE', 'DOWN', 4, 'USELESS', 'UNSAFE', 'WAIT')",ESCAPE,DOWN,4,USELESS,UNSAFE,WAIT,0.0,-0.37949538,-0.001,-0.601,0.0,0.0,UP,0.0
"('BOMBING', 'LEFT', 14, 'USELESS', 'UNNECESSARY', 'DOWN')",BOMBING,LEFT,14,USELESS,UNNECESSARY,DOWN,-0.501,0.0,0.09966209,0.0,0.0,0.0,DOWN,0.09966209
"('BOMBING', 'RIGHT', 10, 'GOOD_LOW', 'UNNECESSARY', 'DOWN')",BOMBING,RIGHT,10,GOOD_LOW,UNNECESSARY,DOWN,0.0,0.3175881,0.0,0.0,0.0,0.0,RIGHT,0.3175881
"('COIN', 'RIGHT', 7, 'UNAVAILABLE', 'UNNECESSARY', 'DOWN')",COIN,RIGHT,7,UNAVAILABLE,UNNECESSARY,DOWN,0.0,1.5787843,-0.008085934,-0.10053166,0.0,-0.101,RIGHT,1.5787843
"('COIN', 'RIGHT', 7, 'UNAVAILABLE', 'UNNECESSARY', 'BOMB')",COIN,RIGHT,7,UNAVAILABLE,UNNECESSARY,BOMB,0.009616766,0.0,0.0,-0.10052277,0.0,-0.101,UP,0.009616766
"('COIN', 'DOWN', 15, 'GOOD_HIGH', 'UNNECESSARY', 'RIGHT')",COIN,DOWN,15,GOOD_HIGH,UNNECESSARY,RIGHT,0.0,0.0,0.20026869,0.0,0.0,1.3923076,BOMB,1.3923076
"('COIN', 'LEFT', 10, 'GOOD_HIGH', 'UNNECESSARY', 'BOMB')",COIN,LEFT,10,GOOD_HIGH,UNNECESSARY,BOMB,-0.101,0.09077718,0.0,0.0,0.0,0.0,RIGHT,0.09077718
"('ESCAPE', 'UP', 13, 'UNAVAILABLE', 'UNSAFE', 'LEFT')",ESCAPE,UP,13,UNAVAILABLE,UNSAFE,LEFT,0.0,0.0,0.0,2.4131327,0.0,-2.1919,LEFT,2.4131327
"('BOMBING', 'RIGHT', 14, 'GOOD_HIGH', 'UNNECESSARY', 'UP')",BOMBING,RIGHT,14,GOOD_HIGH,UNNECESSARY,UP,-0.101,0.0,0.9379969,-0.0136829,-0.051,0.0,DOWN,0.9379969
"('BOMBING', 'RIGHT', 11, 'GOOD_HIGH', 'UNNECESSARY', 'RIGHT')",BOMBING,RIGHT,11,GOOD_HIGH,UNNECESSARY,RIGHT,0.0,1.1132653,-0.101,-0.038736,-0.050262194,0.0,RIGHT,1.1132653
"('COIN', 'RIGHT', 15, 'UNAVAILABLE', 'UNNECESSARY', 'DOWN')",COIN,RIGHT,15,UNAVAILABLE,UNNECESSARY,DOWN,0.108006254,1.791139,-0.018488549,0.06342086,0.0,0.0,RIGHT,1.791139
"('COIN', 'RIGHT', 15, 'USELESS', 'UNNECESSARY', 'LEFT')",COIN,RIGHT,15,USELESS,UNNECESSARY,LEFT,0.0,1.0092199,0.0,-0.011,-0.051,0.0,RIGHT,1.0092199
"('COIN', 'RIGHT', 15, 'USELESS', 'UNNECESSARY', 'WAIT')",COIN,RIGHT,15,USELESS,UNNECESSARY,WAIT,0.0,0.0,0.42050025,-0.0139575275,0.0,0.0,DOWN,0.42050025
"('COIN', 'UP', 15, 'USELESS', 'UNNECESSARY', 'RIGHT')",COIN,UP,15,USELESS,UNNECESSARY,RIGHT,1.622877,0.22125417,0.18675448,-0.014041969,-0.040367454,-0.06632326,UP,1.622877
"('COIN', 'UP', 15, 'GOOD_LOW', 'UNNECESSARY', 'LEFT')",COIN,UP,15,GOOD_LOW,UNNECESSARY,LEFT,1.7890629,0.0028664425,0.059670027,0.0,-0.051,0.1161711,UP,1.7890629
"('COIN', 'UP', 15, 'GOOD_LOW', 'UNNECESSARY', 'WAIT')",COIN,UP,15,GOOD_LOW,UNNECESSARY,WAIT,0.0,-0.0048014615,-0.010096916,0.0,-0.051,0.0,UP,0.0
"('COIN', 'UP', 15, 'ATTACK', 'UNNECESSARY', 'UP')",COIN,UP,15,ATTACK,UNNECESSARY,UP,1.5770475,-0.0136829,0.0,-0.015135923,-0.08741784,0.0,UP,1.5770475
"('COIN', 'UP', 15, 'ATTACK', 'UNNECESSARY', 'WAIT')",COIN,UP,15,ATTACK,UNNECESSARY,WAIT,0.0,0.0,0.0,0.026168032,0.0,0.0,LEFT,0.026168032
"('COIN', 'LEFT', 15, 'ATTACK', 'UNNECESSARY', 'LEFT')",COIN,LEFT,15,ATTACK,UNNECESSARY,LEFT,0.08167516,-0.035631813,0.029581863,1.9825909,0.0,0.0,LEFT,1.9825909
"('ESCAPE', 'UP', 5, 'UNAVAILABLE', 'UNSAFE', 'UP')",ESCAPE,UP,5,UNAVAILABLE,UNSAFE,UP,-0.5783729,-4.840613,1.7432423,-3.9623692,-3.1697607,-4.118704,DOWN,1.7432423
"('COIN', 'UP', 15, 'UNAVAILABLE', 'UNNECESSARY', 'UP')",COIN,UP,15,UNAVAILABLE,UNNECESSARY,UP,1.2952178,-0.00067094585,0.033587757,-0.011,-0.051,0.0,UP,1.2952178
"('ESCAPE', 'UP', 5, 'UNAVAILABLE', 'UNNECESSARY', 'UP')",ESCAPE,UP,5,UNAVAILABLE,UNNECESSARY,UP,0.0,0.0,0.58544123,-0.101,0.0,0.0,DOWN,0.58544123
"('COIN', 'DOWN', 11, 'UNAVAILABLE', 'UNNECESSARY', 'UP')",COIN,DOWN,11,UNAVAILABLE,UNNECESSARY,UP,1.0416071,0.1254261,-1.201,0.0,0.0,-0.101,UP,1.0416071
"('COIN', 'DOWN', 11, 'ATTACK', 'UNNECESSARY', 'BOMB')",COIN,DOWN,11,ATTACK,UNNECESSARY,BOMB,0.0,-0.009986681,0.0,0.0,0.0,0.0,UP,0.0
"('BOMBING', 'LEFT', 14, 'UNAVAILABLE', 'UNNECESSARY', 'RIGHT')",BOMBING,LEFT,14,UNAVAILABLE,UNNECESSARY,RIGHT,-0.09987658,0.0,0.8853624,0.0,0.0,-0.101,DOWN,0.8853624
"('BOMBING', 'RIGHT', 14, 'UNAVAILABLE', 'UNNECESSARY', 'DOWN')",BOMBING,RIGHT,14,UNAVAILABLE,UNNECESSARY,DOWN,-1.201,1.0393761,0.12650558,-0.0065631447,-0.051,-0.17364284,RIGHT,1.0393761
"('BOMBING', 'UP', 9, 'USELESS', 'UNNECESSARY', 'WAIT')",BOMBING,UP,9,USELESS,UNNECESSARY,WAIT,0.149439,0.0,0.0,0.0,0.0,0.0,UP,0.149439
"('BOMBING', 'UP', 13, 'GOOD_HIGH', 'UNNECESSARY', 'UP')",BOMBING,UP,13,GOOD_HIGH,UNNECESSARY,UP,1.0797086,0.010370672,0.0,0.0,-0.046436187,0.0,UP,1.0797086
"('BOMBING', 'UP', 13, 'GOOD_HIGH', 'UNNECESSARY', 'DOWN')",BOMBING,UP,13,GOOD_HIGH,UNNECESSARY,DOWN,0.0,0.0,-0.013518683,0.0,-0.046661098,0.4320281,BOMB,0.4320281
"('BOMBING', 'UP', 7, 'GOOD_HIGH', 'UNNECESSARY', 'LEFT')",BOMBING,UP,7,GOOD_HIGH,UNNECESSARY,LEFT,0.0,0.0,-0.013736,-0.101,0.0,1.2829621,BOMB,1.2829621
"('BOMBING', 'UP', 7, 'GOOD_HIGH', 'UNNECESSARY', 'UP')",BOMBING,UP,7,GOOD_HIGH,UNNECESSARY,UP,0.0,0.0,0.0,0.0,0.0,1.2251823,BOMB,1.2251823
"('BOMBING', 'UP', 5, 'ATTACK', 'UNNECESSARY', 'UP')",BOMBING,UP,5,ATTACK,UNNECESSARY,UP,0.16269499,-0.08799141,0.094123624,-0.101,0.0,1.3473464,BOMB,1.3473464
"('BOMBING', 'RIGHT', 2, 'ATTACK', 'UNNECESSARY', 'LEFT')",BOMBING,RIGHT,2,ATTACK,UNNECESSARY,LEFT,-0.101,-0.2618814,-0.065361746,-0.15714704,0.07386427,-0.16635512,WAIT,0.07386427
"('BOMBING', 'LEFT', 10, 'ATTACK', 'UNNECESSARY', 'UP')",BOMBING,LEFT,10,ATTACK,UNNECESSARY,UP,0.0,-0.011,-0.101,0.0,0.0,0.47930855,BOMB,0.47930855
"('BOMBING', 'DOWN', 15, 'ATTACK', 'UNNECESSARY', 'RIGHT')",BOMBING,DOWN,15,ATTACK,UNNECESSARY,RIGHT,-0.015492524,0.060220916,1.0102227,-0.001,-0.0969,0.0,DOWN,1.0102227
"('BOMBING', 'UP', 7, 'ATTACK', 'UNNECESSARY', 'WAIT')",BOMBING,UP,7,ATTACK,UNNECESSARY,WAIT,0.0,0.16155432,0.0,-0.101,0.0,0.0,RIGHT,0.16155432
"('ESCAPE', 'UP', 7, 'ATTACK', 'UNNECESSARY', 'LEFT')",ESCAPE,UP,7,ATTACK,UNNECESSARY,LEFT,-0.001,0.0,0.7441184,-0.101,0.0,0.0,DOWN,0.7441184
"('BOMBING', 'DOWN', 4, 'ATTACK', 'UNNECESSARY', 'UP')",BOMBING,DOWN,4,ATTACK,UNNECESSARY,UP,-0.101,-0.19198555,0.7257903,-0.24026917,-0.045530386,-0.26084068,DOWN,0.7257903
"('BOMBING', 'LEFT', 12, 'UNAVAILABLE', 'UNNECESSARY', 'RIGHT')",BOMBING,LEFT,12,UNAVAILABLE,UNNECESSARY,RIGHT,-0.011,-0.09993687,1.0290027,-0.0074047158,0.0,0.0,DOWN,1.0290027
"('BOMBING', 'DOWN', 5, 'ATTACK', 'UNNECESSARY', 'UP')",BOMBING,DOWN,5,ATTACK,UNNECESSARY,UP,-0.011,-0.09140594,-0.016,-0.101,-0.027377099,1.1099364,BOMB,1.1099364
"('BOMBING', 'LEFT', 13, 'ATTACK', 'UNNECESSARY', 'DOWN')",BOMBING,LEFT,13,ATTACK,UNNECESSARY,DOWN,-0.036,-0.09936535,0.0,0.8550225,0.0,0.124800675,LEFT,0.8550225
"('BOMBING', 'LEFT', 15, 'USELESS', 'UNNECESSARY', 'DOWN')",BOMBING,LEFT,15,USELESS,UNNECESSARY,DOWN,-0.04103327,0.2059442,0.13362885,1.0399843,-0.1180785,-0.039264474,LEFT,1.0399843
"('BOMBING', 'UP', 9, 'USELESS', 'UNNECESSARY', 'DOWN')",BOMBING,UP,9,USELESS,UNNECESSARY,DOWN,0.0,-0.101,-0.101,0.6662076,-0.04723644,-0.151,LEFT,0.6662076
"('ESCAPE', 'UP', 5, 'USELESS', 'UNNECESSARY', 'RIGHT')",ESCAPE,UP,5,USELESS,UNNECESSARY,RIGHT,-0.0019,-0.101,0.45492232,-0.3698561,-0.051,-0.09756506,DOWN,0.45492232
"('BOMBING', 'LEFT', 15, 'ATTACK', 'UNNECESSARY', 'DOWN')",BOMBING,LEFT,15,ATTACK,UNNECESSARY,DOWN,0.0,0.06016505,0.0,0.0,0.0,1.1619574,BOMB,1.1619574
"('ESCAPE', 'UP', 11, 'UNAVAILABLE', 'UNSAFE', 'BOMB')",ESCAPE,UP,11,UNAVAILABLE,UNSAFE,BOMB,0.0,0.0,-0.5864328,1.3809161,0.0,-0.35696745,LEFT,1.3809161
"('COIN', 'UP', 3, 'UNAVAILABLE', 'UNNECESSARY', 'BOMB')",COIN,UP,3,UNAVAILABLE,UNNECESSARY,BOMB,0.0,-0.0004298099,0.0,0.0,-0.051,0.0,UP,0.0
"('COIN', 'RIGHT', 6, 'UNAVAILABLE', 'UNNECESSARY', 'UP')",COIN,RIGHT,6,UNAVAILABLE,UNNECESSARY,UP,-0.101,1.5352509,0.0,0.0,-0.01820441,0.0,RIGHT,1.5352509
"('COIN', 'RIGHT', 6, 'UNAVAILABLE', 'UNNECESSARY', 'WAIT')",COIN,RIGHT,6,UNAVAILABLE,UNNECESSARY,WAIT,0.0,0.4548484,-0.01109,-0.091232434,0.0,-0.101,RIGHT,0.4548484
"('COIN', 'RIGHT', 6, 'GOOD_LOW', 'UNNECESSARY', 'UP')",COIN,RIGHT,6,GOOD_LOW,UNNECESSARY,UP,0.0,0.0,0.0,-0.101,0.0,1.2248914,BOMB,1.2248914
"('COIN', 'RIGHT', 6, 'GOOD_LOW', 'UNNECESSARY', 'LEFT')",COIN,RIGHT,6,GOOD_LOW,UNNECESSARY,LEFT,0.0,0.0,0.0,-0.101,-0.051,0.2995844,BOMB,0.2995844
"('COIN', 'RIGHT', 6, 'GOOD_LOW', 'UNNECESSARY', 'WAIT')",COIN,RIGHT,6,GOOD_LOW,UNNECESSARY,WAIT,-0.101,0.1570496,0.0,0.0,0.0,0.0,RIGHT,0.1570496
"('BOMBING', 'RIGHT', 7, 'GOOD_HIGH', 'UNNECESSARY', 'WAIT')",BOMBING,RIGHT,7,GOOD_HIGH,UNNECESSARY,WAIT,0.0,0.1789265,0.0,0.0,0.0,0.0,RIGHT,0.1789265
"('BOMBING', 'DOWN', 14, 'GOOD_HIGH', 'UNNECESSARY', 'RIGHT')",BOMBING,DOWN,14,GOOD_HIGH,UNNECESSARY,RIGHT,-0.101,0.99667317,0.11824453,-0.029936576,-0.051,0.0,RIGHT,0.99667317
"('BOMBING', 'DOWN', 14, 'GOOD_HIGH', 'UNNECESSARY', 'WAIT')",BOMBING,DOWN,14,GOOD_HIGH,UNNECESSARY,WAIT,0.0,-0.0014690143,0.0,0.0,0.0,0.0,UP,0.0
"('ESCAPE', 'DOWN', 12, 'UNAVAILABLE', 'UNNECESSARY', 'LEFT')",ESCAPE,DOWN,12,UNAVAILABLE,UNNECESSARY,LEFT,-0.02418622,-0.6135498,0.0,2.1604302,-0.051,0.13034134,LEFT,2.1604302
"('BOMBING', 'RIGHT', 6, 'GOOD_LOW', 'UNNECESSARY', 'WAIT')",BOMBING,RIGHT,6,GOOD_LOW,UNNECESSARY,WAIT,-0.09553518,0.0,0.09886385,0.0,-0.051,0.0,DOWN,0.09886385
"('COIN', 'LEFT', 8, 'USELESS', 'UNNECESSARY', 'RIGHT')",COIN,LEFT,8,USELESS,UNNECESSARY,RIGHT,-0.040385358,-0.501,0.0,0.8637071,0.0,-0.037047606,LEFT,0.8637071
"('BOMBING', 'HERE', 7, 'GOOD_HIGH', 'UNNECESSARY', 'UP')",BOMBING,HERE,7,GOOD_HIGH,UNNECESSARY,UP,0.18147577,1.0953206,0.03203537,0.0067417934,-0.08302618,0.07827719,RIGHT,1.0953206
"('BOMBING', 'HERE', 7, 'GOOD_HIGH', 'UNNECESSARY', 'WAIT')",BOMBING,HERE,7,GOOD_HIGH,UNNECESSARY,WAIT,-0.0059321118,0.49456185,-0.010095242,0.0,0.0,0.0,RIGHT,0.49456185
"('BOMBING', 'DOWN', 0, 'UNAVAILABLE', 'NECESSARY', 'WAIT')",BOMBING,DOWN,0,UNAVAILABLE,NECESSARY,WAIT,0.0,-0.101,0.0,0.0,0.9840006,0.0,WAIT,0.9840006
"('BOMBING', 'UP', 5, 'GOOD_HIGH', 'UNNECESSARY', 'BOMB')",BOMBING,UP,5,GOOD_HIGH,UNNECESSARY,BOMB,0.0,0.0,0.0,-0.101,0.0,0.0,UP,0.0
"('BOMBING', 'HERE', 13, 'GOOD_HIGH', 'UNNECESSARY', 'UP')",BOMBING,HERE,13,GOOD_HIGH,UNNECESSARY,UP,0.14347696,0.004351677,0.033318233,0.107603066,-0.051,1.3075668,BOMB,1.3075668
"('BOMBING', 'DOWN', 12, 'USELESS', 'UNNECESSARY', 'WAIT')",BOMBING,DOWN,12,USELESS,UNNECESSARY,WAIT,0.0,0.0,0.0,0.0,0.0,-0.08553841,UP,0.0
"('COIN', 'UP', 1, 'UNAVAILABLE', 'UNNECESSARY', 'WAIT')",COIN,UP,1,UNAVAILABLE,UNNECESSARY,WAIT,1.4188629,-0.097944126,-0.07419588,-0.1919,-0.09229957,-0.101,UP,1.4188629
"('COIN', 'RIGHT', 14, 'UNAVAILABLE', 'UNNECESSARY', 'RIGHT')",COIN,RIGHT,14,UNAVAILABLE,UNNECESSARY,RIGHT,-0.018003091,0.0,1.4328847,0.0,-0.051,-0.101,DOWN,1.4328847
"('BOMBING', 'RIGHT', 6, 'UNAVAILABLE', 'UNNECESSARY', 'WAIT')",BOMBING,RIGHT,6,UNAVAILABLE,UNNECESSARY,WAIT,0.0,0.0,0.16813748,-0.101,0.0,0.0,DOWN,0.16813748
"('BOMBING', 'HERE', 7, 'UNAVAILABLE', 'UNNECESSARY', 'DOWN')",BOMBING,HERE,7,UNAVAILABLE,UNNECESSARY,DOWN,0.0,1.1129874,0.13742588,-0.101,0.0,0.0,RIGHT,1.1129874
"('BOMBING', 'UP', 7, 'UNAVAILABLE', 'UNNECESSARY', 'LEFT')",BOMBING,UP,7,UNAVAILABLE,UNNECESSARY,LEFT,1.1005247,0.0,0.0,0.0,-0.0969,-0.101,UP,1.1005247
"('BOMBING', 'UP', 7, 'GOOD_HIGH', 'UNNECESSARY', 'WAIT')",BOMBING,UP,7,GOOD_HIGH,UNNECESSARY,WAIT,0.0,0.0,0.0,0.0,0.0,0.15795478,BOMB,0.15795478
"('BOMBING', 'UP', 15, 'USELESS', 'UNNECESSARY', 'RIGHT')",BOMBING,UP,15,USELESS,UNNECESSARY,RIGHT,1.0256538,0.22569498,0.0950941,0.014808655,-0.0969,-0.13614672,UP,1.0256538
"('BOMBING', 'UP', 15, 'USELESS', 'UNNECESSARY', 'WAIT')",BOMBING,UP,15,USELESS,UNNECESSARY,WAIT,0.7627895,-0.021020286,0.0,0.0,0.0,-0.14096119,UP,0.7627895
"('BOMBING', 'UP', 3, 'USELESS', 'UNNECESSARY', 'WAIT')",BOMBING,UP,3,USELESS,UNNECESSARY,WAIT,0.0,0.25628257,-0.101,-0.101,-0.051,0.0,RIGHT,0.25628257
"('BOMBING', 'UP', 7, 'USELESS', 'UNNECESSARY', 'UP')",BOMBING,UP,7,USELESS,UNNECESSARY,UP,0.0,0.82551235,0.025531758,-0.108318485,0.0,-0.043879267,RIGHT,0.82551235
"('BOMBING', 'UP', 7, 'USELESS', 'UNNECESSARY', 'LEFT')",BOMBING,UP,7,USELESS,UNNECESSARY,LEFT,0.9962172,0.0,-0.0149024,-0.101,-0.13821,-0.14241308,UP,0.9962172
"('COIN', 'UP', 13, 'ATTACK', 'UNNECESSARY', 'RIGHT')",COIN,UP,13,ATTACK,UNNECESSARY,RIGHT,0.0,-0.099263445,0.72640836,-0.001,-0.051,0.0,DOWN,0.72640836
"('COIN', 'RIGHT', 15, 'GOOD_LOW', 'UNNECESSARY', 'UP')",COIN,RIGHT,15,GOOD_LOW,UNNECESSARY,UP,0.0,1.4867868,0.09010864,0.0,0.0,0.0,RIGHT,1.4867868
"('ESCAPE', 'RIGHT', 10, 'ATTACK', 'UNNECESSARY', 'DOWN')",ESCAPE,RIGHT,10,ATTACK,UNNECESSARY,DOWN,-0.001,-0.001,-0.101,0.0,-0.051,0.7043694,BOMB,0.7043694
"('ESCAPE', 'NONE', 0, 'UNSAFE', 'UNSAFE', 'UP')",ESCAPE,NONE,0,UNSAFE,UNSAFE,UP,-3.1543844,-3.2974372,-3.18621,-3.2904422,-2.7484303,-3.454183,WAIT,-2.7484303
"('BOMBING', 'LEFT', 14, 'USELESS', 'UNNECESSARY', 'LEFT')",BOMBING,LEFT,14,USELESS,UNNECESSARY,LEFT,-0.043409415,-6.3907355e-05,0.15773411,1.0105646,0.0,-0.1400934,LEFT,1.0105646
"('COIN', 'UP', 7, 'UNAVAILABLE', 'UNNECESSARY', 'WAIT')",COIN,UP,7,UNAVAILABLE,UNNECESSARY,WAIT,0.0,0.33122516,0.0,0.0,0.0,0.0,RIGHT,0.33122516
"('COIN', 'LEFT', 15, 'UNAVAILABLE', 'UNNECESSARY', 'UP')",COIN,LEFT,15,UNAVAILABLE,UNNECESSARY,UP,0.0,0.945185,0.04960791,0.0,-0.051,0.0,RIGHT,0.945185
"('COIN', 'LEFT', 15, 'USELESS', 'UNNECESSARY', 'WAIT')",COIN,LEFT,15,USELESS,UNNECESSARY,WAIT,-0.003396741,-0.017500823,-0.016896944,0.659902,-0.051,-0.09698775,LEFT,0.659902
"('COIN', 'LEFT', 13, 'GOOD_LOW', 'UNNECESSARY', 'RIGHT')",COIN,LEFT,13,GOOD_LOW,UNNECESSARY,RIGHT,0.0,-0.101,0.73998886,0.0,0.0,0.0,DOWN,0.73998886
"('BOMBING', 'DOWN', 13, 'GOOD_LOW', 'UNNECESSARY', 'RIGHT')",BOMBING,DOWN,13,GOOD_LOW,UNNECESSARY,RIGHT,-0.011,-0.101,0.96652234,-0.016,-0.051,0.13685066,DOWN,0.96652234
"('BOMBING', 'LEFT', 2, 'USELESS', 'UNNECESSARY', 'LEFT')",BOMBING,LEFT,2,USELESS,UNNECESSARY,LEFT,-0.06686497,0.27427426,-0.101,-0.501,-0.0787295,-0.050050054,RIGHT,0.27427426
"('BOMBING', 'DOWN', 13, 'USELESS', 'UNNECESSARY', 'RIGHT')",BOMBING,DOWN,13,USELESS,UNNECESSARY,RIGHT,0.0,0.0,1.0092975,-0.007208042,-0.046341717,0.0,DOWN,1.0092975
"('BOMBING', 'DOWN', 14, 'UNAVAILABLE', 'UNNECESSARY', 'UP')",BOMBING,DOWN,14,UNAVAILABLE,UNNECESSARY,UP,-0.101,0.045948315,0.85869753,0.036883935,-0.08603128,-0.101,DOWN,0.85869753
"('BOMBING', 'DOWN', 15, 'USELESS', 'UNNECESSARY', 'DOWN')",BOMBING,DOWN,15,USELESS,UNNECESSARY,DOWN,0.029533705,0.2833238,1.0235208,0.36298412,-0.085318655,-0.1595241,DOWN,1.0235208
"('COIN', 'LEFT', 14, 'UNAVAILABLE', 'UNNECESSARY', 'DOWN')",COIN,LEFT,14,UNAVAILABLE,UNNECESSARY,DOWN,-1.201,1.0443448,-0.01199,0.0,-0.047390804,-0.098866045,RIGHT,1.0443448
"('COIN', 'LEFT', 15, 'UNAVAILABLE', 'UNNECESSARY', 'RIGHT')",COIN,LEFT,15,UNAVAILABLE,UNNECESSARY,RIGHT,-0.011,0.052221775,0.0,1.284205,0.0,-0.101,LEFT,1.284205
"('COIN', 'LEFT', 15, 'UNAVAILABLE', 'UNNECESSARY', 'BOMB')",COIN,LEFT,15,UNAVAILABLE,UNNECESSARY,BOMB,0.0,0.0,0.0,0.13133812,0.0,0.0,LEFT,0.13133812
"('COIN', 'LEFT', 15, 'USELESS', 'UNNECESSARY', 'LEFT')",COIN,LEFT,15,USELESS,UNNECESSARY,LEFT,-0.01244,0.19038008,0.12000382,1.7783396,-0.051,-0.16141656,LEFT,1.7783396
"('COIN', 'LEFT', 15, 'USELESS', 'UNNECESSARY', 'DOWN')",COIN,LEFT,15,USELESS,UNNECESSARY,DOWN,0.11094804,0.06394178,0.0928473,1.9498906,-0.002618389,-0.0065740845,LEFT,1.9498906
"('COIN', 'LEFT', 15, 'USELESS', 'UNNECESSARY', 'UP')",COIN,LEFT,15,USELESS,UNNECESSARY,UP,0.079130635,0.24673897,0.1782867,1.8822975,-0.10410365,-0.0031103226,LEFT,1.8822975
"('COIN', 'DOWN', 15, 'USELESS', 'UNNECESSARY', 'UP')",COIN,DOWN,15,USELESS,UNNECESSARY,UP,-0.0136829,0.0,-0.016,1.1906464,0.0,0.0,LEFT,1.1906464
"('BOMBING', 'DOWN', 15, 'GOOD_LOW', 'UNNECESSARY', 'LEFT')",BOMBING,DOWN,15,GOOD_LOW,UNNECESSARY,LEFT,0.0,-0.057478495,0.0,-0.007081356,-0.035937928,1.1354313,BOMB,1.1354313
"('BOMBING', 'DOWN', 7, 'GOOD_LOW', 'UNNECESSARY', 'WAIT')",BOMBING,DOWN,7,GOOD_LOW,UNNECESSARY,WAIT,-0.0149024,0.0,0.0,0.0,0.0,0.0,RIGHT,0.0
"('BOMBING', 'DOWN', 7, 'GOOD_LOW', 'UNNECESSARY', 'DOWN')",BOMBING,DOWN,7,GOOD_LOW,UNNECESSARY,DOWN,0.0,-0.009906656,1.0999157,0.0,0.0,0.0,DOWN,1.0999157
"('BOMBING', 'DOWN', 15, 'UNAVAILABLE', 'UNNECESSARY', 'DOWN')",BOMBING,DOWN,15,UNAVAILABLE,UNNECESSARY,DOWN,0.017388621,0.062229548,1.0663953,0.24151015,-0.03763406,-0.1919,DOWN,1.0663953
"('BOMBING', 'DOWN', 15, 'UNAVAILABLE', 'UNNECESSARY', 'WAIT')",BOMBING,DOWN,15,UNAVAILABLE,UNNECESSARY,WAIT,0.0,0.0,0.36288008,0.0,-0.051,-0.101,DOWN,0.36288008
"('BOMBING', 'DOWN', 15, 'GOOD_LOW', 'UNNECESSARY', 'BOMB')",BOMBING,DOWN,15,GOOD_LOW,UNNECESSARY,BOMB,0.0,0.0,0.0,0.0,-0.051,0.0,UP,0.0
"('BOMBING', 'DOWN', 15, 'GOOD_LOW', 'UNNECESSARY', 'WAIT')",BOMBING,DOWN,15,GOOD_LOW,UNNECESSARY,WAIT,-0.015050133,0.0,0.0,0.0,0.0,0.25242126,BOMB,0.25242126
"('BOMBING', 'DOWN', 7, 'GOOD_HIGH', 'UNNECESSARY', 'DOWN')",BOMBING,DOWN,7,GOOD_HIGH,UNNECESSARY,DOWN,0.0,0.0,0.116904736,0.0,0.0,1.2752327,BOMB,1.2752327
"('BOMBING', 'LEFT', 2, 'UNAVAILABLE', 'UNNECESSARY', 'DOWN')",BOMBING,LEFT,2,UNAVAILABLE,UNNECESSARY,DOWN,-0.09616912,0.6051975,-0.09446026,-1.201,-0.0488049,-0.101,RIGHT,0.6051975
"('BOMBING', 'DOWN', 15, 'USELESS', 'UNNECESSARY', 'RIGHT')",BOMBING,DOWN,15,USELESS,UNNECESSARY,RIGHT,0.12748678,0.13829497,1.0140897,0.08010074,0.0,-0.11397803,DOWN,1.0140897
"('BOMBING', 'LEFT', 13, 'GOOD_HIGH', 'UNNECESSARY', 'DOWN')",BOMBING,LEFT,13,GOOD_HIGH,UNNECESSARY,DOWN,0.0,-0.099930406,0.0,0.0,0.0,1.3339555,BOMB,1.3339555
"('ESCAPE', 'UP', 13, 'UNAVAILABLE', 'UNSAFE', 'RIGHT')",ESCAPE,UP,13,UNAVAILABLE,UNSAFE,RIGHT,0.0,0.0,0.65769625,0.0,-0.4090839,-0.38512957,DOWN,0.65769625
"('NONE', 'NONE', 8, 'UNAVAILABLE', 'UNNECESSARY', 'WAIT')",NONE,NONE,8,UNAVAILABLE,UNNECESSARY,WAIT,-0.10069048,-1.201,-0.09253398,-0.031859063,0.0035243167,-0.022810526,WAIT,0.0035243167
"('COIN', 'RIGHT', 10, 'GOOD_HIGH', 'UNNECESSARY', 'BOMB')",COIN,RIGHT,10,GOOD_HIGH,UNNECESSARY,BOMB,0.0,0.0,-0.101,0.0,0.0,0.0,UP,0.0
"('ESCAPE', 'UP', 3, 'UNAVAILABLE', 'UNSAFE', 'RIGHT')",ESCAPE,UP,3,UNAVAILABLE,UNSAFE,RIGHT,0.0,2.967949,0.0,-1.001,0.0,0.0,RIGHT,2.967949
"('COIN', 'RIGHT', 15, 'USELESS', 'UNNECESSARY', 'DOWN')",COIN,RIGHT,15,USELESS,UNNECESSARY,DOWN,0.025325432,2.0515413,0.046985205,0.1796972,-0.04572471,-0.02201966,RIGHT,2.0515413
"('COIN', 'UP', 0, 'UNAVAILABLE', 'NECESSARY', 'DOWN')",COIN,UP,0,UNAVAILABLE,NECESSARY,DOWN,-1.6519,0.024820995,-0.101,-0.19167233,0.687008,-0.101,WAIT,0.687008
"('BOMBING', 'DOWN', 12, 'UNAVAILABLE', 'UNNECESSARY', 'RIGHT')",BOMBING,DOWN,12,UNAVAILABLE,UNNECESSARY,RIGHT,0.0,-0.097971976,1.151885,0.0,-0.040346,-0.1919,DOWN,1.151885
"('COIN', 'DOWN', 12, 'USELESS', 'UNNECESSARY', 'BOMB')",COIN,DOWN,12,USELESS,UNNECESSARY,BOMB,-0.097842075,-0.027980164,0.0,0.0,0.0,0.0,DOWN,0.0
"('BOMBING', 'HERE', 3, 'GOOD_HIGH', 'UNNECESSARY', 'NONE')",BOMBING,HERE,3,GOOD_HIGH,UNNECESSARY,NONE,1.0175015,0.0,0.0,0.0,0.0,0.0,UP,1.0175015
"('BOMBING', 'LEFT', 9, 'UNAVAILABLE', 'UNNECESSARY', 'RIGHT')",BOMBING,LEFT,9,UNAVAILABLE,UNNECESSARY,RIGHT,0.86523795,0.0,-0.09493159,-0.007488122,0.0,0.0,UP,0.86523795
"('BOMBING', 'RIGHT', 11, 'GOOD_LOW', 'UNNECESSARY', 'DOWN')",BOMBING,RIGHT,11,GOOD_LOW,UNNECESSARY,DOWN,0.0,0.0,0.0,0.0,-0.051,0.98020184,BOMB,0.98020184
"('BOMBING', 'RIGHT', 11, 'GOOD_LOW', 'UNNECESSARY', 'WAIT')",BOMBING,RIGHT,11,GOOD_LOW,UNNECESSARY,WAIT,0.0,0.018432023,0.0,-0.0024460063,-0.051,0.0,RIGHT,0.018432023
"('BOMBING', 'RIGHT', 11, 'GOOD_LOW', 'UNNECESSARY', 'RIGHT')",BOMBING,RIGHT,11,GOOD_LOW,UNNECESSARY,RIGHT,0.0,1.0190811,-0.101,0.0,-0.051,0.0,RIGHT,1.0190811
"('COIN', 'LEFT', 11, 'GOOD_HIGH', 'UNNECESSARY', 'DOWN')",COIN,LEFT,11,GOOD_HIGH,UNNECESSARY,DOWN,0.0,0.0,0.0,0.0,0.0,1.2565453,BOMB,1.2565453
"('ESCAPE', 'LEFT', 12, 'UNAVAILABLE', 'UNNECESSARY', 'DOWN')",ESCAPE,LEFT,12,UNAVAILABLE,UNNECESSARY,DOWN,0.16707014,-0.2701619,2.2895074,0.32814258,0.18706542,0.041518908,DOWN,2.2895074
"('BOMBING', 'LEFT', 9, 'UNAVAILABLE', 'UNNECESSARY', 'WAIT')",BOMBING,LEFT,9,UNAVAILABLE,UNNECESSARY,WAIT,0.0,0.0,-0.096008174,0.0,0.0,0.0,UP,0.0
"('COIN', 'LEFT', 11, 'USELESS', 'UNNECESSARY', 'LEFT')",COIN,LEFT,11,USELESS,UNNECESSARY,LEFT,0.0,0.004369121,0.0,1.7669903,-0.051,-0.0426774,LEFT,1.7669903
"('COIN', 'DOWN', 1, 'UNAVAILABLE', 'UNNECESSARY', 'RIGHT')",COIN,DOWN,1,UNAVAILABLE,UNNECESSARY,RIGHT,-0.011,0.0,0.0,-0.101,0.0,0.0,RIGHT,0.0
"('COIN', 'DOWN', 15, 'ATTACK', 'UNNECESSARY', 'UP')",COIN,DOWN,15,ATTACK,UNNECESSARY,UP,-0.008910815,0.0,0.102680475,1.0696411,0.0,0.0,LEFT,1.0696411
"('BOMBING', 'LEFT', 0, 'UNAVAILABLE', 'NECESSARY', 'UP')",BOMBING,LEFT,0,UNAVAILABLE,NECESSARY,UP,-0.089191355,-0.006874054,-0.06651774,-1.201,0.4445108,-0.034298982,WAIT,0.4445108
"('BOMBING', 'DOWN', 14, 'GOOD_LOW', 'UNNECESSARY', 'RIGHT')",BOMBING,DOWN,14,GOOD_LOW,UNNECESSARY,RIGHT,-0.09660223,0.0,0.046021424,0.0,0.0,1.2118325,BOMB,1.2118325
"('BOMBING', 'RIGHT', 15, 'GOOD_LOW', 'UNNECESSARY', 'RIGHT')",BOMBING,RIGHT,15,GOOD_LOW,UNNECESSARY,RIGHT,0.030203186,1.1146911,-0.0003299164,0.08299489,0.0,0.12148153,RIGHT,1.1146911
"('BOMBING', 'HERE', 14, 'UNAVAILABLE', 'UNNECESSARY', 'RIGHT')",BOMBING,HERE,14,UNAVAILABLE,UNNECESSARY,RIGHT,0.0,0.9900761,0.0,0.0,0.0,0.0,RIGHT,0.9900761
"('COIN', 'RIGHT', 14, 'GOOD_LOW', 'UNNECESSARY', 'UP')",COIN,RIGHT,14,GOOD_LOW,UNNECESSARY,UP,-0.0036337313,0.0,0.0,0.0,0.0,1.1504807,BOMB,1.1504807
"('BOMBING', 'DOWN', 14, 'UNAVAILABLE', 'UNNECESSARY', 'DOWN')",BOMBING,DOWN,14,UNAVAILABLE,UNNECESSARY,DOWN,0.0,0.0,0.0,0.9558104,-0.044992294,0.0,LEFT,0.9558104
"('BOMBING', 'DOWN', 15, 'ATTACK', 'UNNECESSARY', 'UP')",BOMBING,DOWN,15,ATTACK,UNNECESSARY,UP,0.045123044,0.0,0.0,0.07925058,0.0,1.1297543,BOMB,1.1297543
"('COIN', 'DOWN', 15, 'USELESS', 'UNNECESSARY', 'BOMB')",COIN,DOWN,15,USELESS,UNNECESSARY,BOMB,-0.015915139,0.0,0.0,0.099788696,-0.051,-0.067367904,LEFT,0.099788696
"('BOMBING', 'UP', 1, 'ATTACK', 'UNNECESSARY', 'DOWN')",BOMBING,UP,1,ATTACK,UNNECESSARY,DOWN,-0.001,-0.11279695,-0.03569756,-0.09731008,0.0,0.8548825,BOMB,0.8548825
"('ESCAPE', 'RIGHT', 15, 'ATTACK', 'UNNECESSARY', 'UP')",ESCAPE,RIGHT,15,ATTACK,UNNECESSARY,UP,-0.001,0.0,-0.020992748,0.8008939,-0.051,0.0,LEFT,0.8008939
"('ESCAPE', 'RIGHT', 15, 'ATTACK', 'UNNECESSARY', 'WAIT')",ESCAPE,RIGHT,15,ATTACK,UNNECESSARY,WAIT,0.0,0.0,-0.001,0.04698761,0.0,0.0,LEFT,0.04698761
"('ESCAPE', 'UP', 1, 'ATTACK', 'UNSAFE', 'DOWN')",ESCAPE,UP,1,ATTACK,UNSAFE,DOWN,0.2213984,-0.601,-0.15509,-0.1668791,-0.0506791,-0.27000356,UP,0.2213984
"('BOMBING', 'RIGHT', 10, 'UNAVAILABLE', 'UNNECESSARY', 'WAIT')",BOMBING,RIGHT,10,UNAVAILABLE,UNNECESSARY,WAIT,-0.022497805,1.06247,0.0,0.21797067,0.057929672,-0.17844422,RIGHT,1.06247
"('BOMBING', 'RIGHT', 10, 'GOOD_LOW', 'UNNECESSARY', 'BOMB')",BOMBING,RIGHT,10,GOOD_LOW,UNNECESSARY,BOMB,-0.08370713,0.0,-0.09991413,0.0,-0.020477317,0.0,RIGHT,0.0
"('BOMBING', 'UP', 7, 'UNAVAILABLE', 'UNNECESSARY', 'UP')",BOMBING,UP,7,UNAVAILABLE,UNNECESSARY,UP,0.21878895,0.9241842,0.0,0.0,-0.051,-0.101,RIGHT,0.9241842
"('BOMBING', 'RIGHT', 7, 'UNAVAILABLE', 'UNNECESSARY', 'WAIT')",BOMBING,RIGHT,7,UNAVAILABLE,UNNECESSARY,WAIT,0.0,0.03013859,0.0,0.0,0.0,-0.101,RIGHT,0.03013859
"('BOMBING', 'RIGHT', 7, 'USELESS', 'UNNECESSARY', 'BOMB')",BOMBING,RIGHT,7,USELESS,UNNECESSARY,BOMB,-0.005200099,0.0,0.0,0.0,0.0,0.0,RIGHT,0.0
"('BOMBING', 'UP', 15, 'GOOD_LOW', 'UNNECESSARY', 'RIGHT')",BOMBING,UP,15,GOOD_LOW,UNNECESSARY,RIGHT,1.0446888,0.0,0.0,0.0,0.0,0.0,UP,1.0446888
"('BOMBING', 'UP', 10, 'UNAVAILABLE', 'UNNECESSARY', 'DOWN')",BOMBING,UP,10,UNAVAILABLE,UNNECESSARY,DOWN,0.0,0.89174455,-0.030188652,-0.00062079524,0.0,-0.093278624,RIGHT,0.89174455
"('BOMBING', 'RIGHT', 15, 'GOOD_LOW', 'UNNECESSARY', 'UP')",BOMBING,RIGHT,15,GOOD_LOW,UNNECESSARY,UP,0.088471696,1.0751196,0.010708295,-0.018369,-0.08405929,0.0,RIGHT,1.0751196
"('BOMBING', 'LEFT', 15, 'GOOD_LOW', 'UNNECESSARY', 'DOWN')",BOMBING,LEFT,15,GOOD_LOW,UNNECESSARY,DOWN,0.020108057,0.60753304,-0.007339343,0.3562959,0.0,0.0,RIGHT,0.60753304
"('ESCAPE', 'UP', 13, 'USELESS', 'UNNECESSARY', 'LEFT')",ESCAPE,UP,13,USELESS,UNNECESSARY,LEFT,0.63715863,-0.063271,-0.0019,0.0011470509,-0.051,-0.10421038,UP,0.63715863
"('ESCAPE', 'UP', 5, 'USELESS', 'UNSAFE', 'WAIT')",ESCAPE,UP,5,USELESS,UNSAFE,WAIT,-0.001,0.0,0.0,0.0,-0.501,-0.651,RIGHT,0.0
"('BOMBING', 'HERE', 12, 'UNAVAILABLE', 'UNNECESSARY', 'BOMB')",BOMBING,HERE,12,UNAVAILABLE,UNNECESSARY,BOMB,-0.100913756,0.0,0.06161638,0.0,0.0,-0.101,DOWN,0.06161638
"('COIN', 'LEFT', 15, 'GOOD_HIGH', 'UNNECESSARY', 'UP')",COIN,LEFT,15,GOOD_HIGH,UNNECESSARY,UP,1.023987,-0.0025475065,-0.04059,0.0,-0.08880025,0.0,UP,1.023987
"('COIN', 'LEFT', 15, 'GOOD_HIGH', 'UNNECESSARY', 'WAIT')",COIN,LEFT,15,GOOD_HIGH,UNNECESSARY,WAIT,-0.009569522,0.0,0.0,0.0,-0.051,0.20061277,BOMB,0.20061277
"('COIN', 'DOWN', 5, 'ATTACK', 'UNNECESSARY', 'WAIT')",COIN,DOWN,5,ATTACK,UNNECESSARY,WAIT,0.0,-0.101,0.0,0.0,0.0,0.91940564,BOMB,0.91940564
"('COIN', 'DOWN', 5, 'GOOD_LOW', 'UNNECESSARY', 'RIGHT')",COIN,DOWN,5,GOOD_LOW,UNNECESSARY,RIGHT,0.0,0.0,0.7652812,0.0,0.0,0.0,DOWN,0.7652812
"('COIN', 'DOWN', 13, 'USELESS', 'UNNECESSARY', 'DOWN')",COIN,DOWN,13,USELESS,UNNECESSARY,DOWN,-0.039449885,0.0,1.5084132,0.0,0.0,0.0,DOWN,1.5084132
"('COIN', 'LEFT', 13, 'USELESS', 'UNNECESSARY', 'DOWN')",COIN,LEFT,13,USELESS,UNNECESSARY,DOWN,0.06677438,-0.0021311902,0.023673158,1.6445835,-0.088357046,0.0011736157,LEFT,1.6445835
"('COIN', 'LEFT', 13, 'USELESS', 'UNNECESSARY', 'WAIT')",COIN,LEFT,13,USELESS,UNNECESSARY,WAIT,0.0,-0.101,-0.017268777,0.23006645,0.0,-0.069050856,LEFT,0.23006645
"('NONE', 'NONE', 8, 'UNAVAILABLE', 'UNNECESSARY', 'UP')",NONE,NONE,8,UNAVAILABLE,UNNECESSARY,UP,-0.101,-1.201,-1.201,0.59124744,-0.04382036,-0.101,LEFT,0.59124744
"('BOMBING', 'HERE', 14, 'GOOD_HIGH', 'UNNECESSARY', 'LEFT')",BOMBING,HERE,14,GOOD_HIGH,UNNECESSARY,LEFT,-0.11737352,0.0,0.0,0.1854516,-0.045466635,1.1065217,BOMB,1.1065217
"('BOMBING', 'UP', 0, 'UNAVAILABLE', 'NECESSARY', 'RIGHT')",BOMBING,UP,0,UNAVAILABLE,NECESSARY,RIGHT,0.0,0.0,0.44274724,0.0,0.0,0.0,DOWN,0.44274724
"('COIN', 'DOWN', 5, 'GOOD_LOW', 'UNNECESSARY', 'BOMB')",COIN,DOWN,5,GOOD_LOW,UNNECESSARY,BOMB,0.0,0.0,0.05390654,0.0,0.0,0.0,DOWN,0.05390654
"('COIN', 'DOWN', 14, 'UNAVAILABLE', 'UNNECESSARY', 'UP')",COIN,DOWN,14,UNAVAILABLE,UNNECESSARY,UP,0.0,0.0,0.0,1.2304581,0.0,0.0,LEFT,1.2304581
"('COIN', 'DOWN', 15, 'GOOD_LOW', 'UNNECESSARY', 'LEFT')",COIN,DOWN,15,GOOD_LOW,UNNECESSARY,LEFT,0.0,0.0,1.722516,0.117291465,0.0,0.0,DOWN,1.722516
"('COIN', 'LEFT', 11, 'USELESS', 'UNNECESSARY', 'DOWN')",COIN,LEFT,11,USELESS,UNNECESSARY,DOWN,0.0,0.0,0.0,1.5462244,0.0,0.0,LEFT,1.5462244
"('COIN', 'UP', 3, 'USELESS', 'UNNECESSARY', 'LEFT')",COIN,UP,3,USELESS,UNNECESSARY,LEFT,1.4163363,-0.036903765,-0.101,-0.101,-0.051,-0.08169445,UP,1.4163363
"('COIN', 'UP', 3, 'UNAVAILABLE', 'UNNECESSARY', 'UP')",COIN,UP,3,UNAVAILABLE,UNNECESSARY,UP,0.0,0.7078725,-1.201,-0.101,0.0,0.0,RIGHT,0.7078725
"('COIN', 'UP', 7, 'UNAVAILABLE', 'UNNECESSARY', 'LEFT')",COIN,UP,7,UNAVAILABLE,UNNECESSARY,LEFT,0.0,1.1937538,0.0955847,-0.08754354,-0.051,-0.101,RIGHT,1.1937538
"('COIN', 'UP', 7, 'USELESS', 'UNNECESSARY', 'WAIT')",COIN,UP,7,USELESS,UNNECESSARY,WAIT,0.0,-0.014320623,0.008184997,0.0,0.0,-0.062213205,DOWN,0.008184997
"('COIN', 'UP', 13, 'GOOD_HIGH', 'UNNECESSARY', 'UP')",COIN,UP,13,GOOD_HIGH,UNNECESSARY,UP,1.6498195,0.0,-0.042627808,-0.011,-0.082078196,0.0,UP,1.6498195
"('COIN', 'RIGHT', 10, 'GOOD_HIGH', 'UNNECESSARY', 'LEFT')",COIN,RIGHT,10,GOOD_HIGH,UNNECESSARY,LEFT,-0.07369011,0.0,0.0,0.0,0.010371387,1.2171221,BOMB,1.2171221
"('COIN', 'UP', 15, 'GOOD_LOW', 'UNNECESSARY', 'UP')",COIN,UP,15,GOOD_LOW,UNNECESSARY,UP,1.7041212,0.0,0.0,0.2175867,-0.09076838,0.0,UP,1.7041212
"('COIN', 'UP', 5, 'ATTACK', 'UNNECESSARY', 'LEFT')",COIN,UP,5,ATTACK,UNNECESSARY,LEFT,0.0,0.0,0.0,0.0,0.0,0.83776057,BOMB,0.83776057
"('BOMBING', 'RIGHT', 15, 'USELESS', 'UNNECESSARY', 'DOWN')",BOMBING,RIGHT,15,USELESS,UNNECESSARY,DOWN,0.031967428,1.0953406,0.109918244,0.10657029,-0.04008167,-0.021221971,RIGHT,1.0953406
"('BOMBING', 'UP', 4, 'UNAVAILABLE', 'UNNECESSARY', 'RIGHT')",BOMBING,UP,4,UNAVAILABLE,UNNECESSARY,RIGHT,0.0,-0.10019,0.6180606,-0.07975666,0.0,-0.101,DOWN,0.6180606
"('COIN', 'DOWN', 13, 'GOOD_HIGH', 'UNNECESSARY', 'DOWN')",COIN,DOWN,13,GOOD_HIGH,UNNECESSARY,DOWN,0.0,-0.0948483,0.0,0.0,-0.033251174,1.3160319,BOMB,1.3160319
"('COIN', 'RIGHT', 11, 'GOOD_HIGH', 'UNNECESSARY', 'DOWN')",COIN,RIGHT,11,GOOD_HIGH,UNNECESSARY,DOWN,-0.028029382,1.4407028,0.061992146,-0.013367201,-0.051,0.0,RIGHT,1.4407028
"('COIN', 'RIGHT', 11, 'GOOD_HIGH', 'UNNECESSARY', 'WAIT')",COIN,RIGHT,11,GOOD_HIGH,UNNECESSARY,WAIT,0.0,0.0,0.0,0.0,0.0,0.126962,BOMB,0.126962
"('BOMBING', 'UP', 7, 'UNAVAILABLE', 'UNNECESSARY', 'DOWN')",BOMBING,UP,7,UNAVAILABLE,UNNECESSARY,DOWN,0.0,1.0126917,0.0,0.0,0.0,0.0,RIGHT,1.0126917
"('COIN', 'UP', 3, 'USELESS', 'UNNECESSARY', 'DOWN')",COIN,UP,3,USELESS,UNNECESSARY,DOWN,0.9485575,0.0,0.0,0.0,0.0,0.0,UP,0.9485575
"('BOMBING', 'LEFT', 9, 'UNAVAILABLE', 'UNNECESSARY', 'BOMB')",BOMBING,LEFT,9,UNAVAILABLE,UNNECESSARY,BOMB,0.0,0.0,-0.0036813351,0.0,-0.051,-0.101,UP,0.0
"('BOMBING', 'LEFT', 9, 'GOOD_HIGH', 'UNNECESSARY', 'BOMB')",BOMBING,LEFT,9,GOOD_HIGH,UNNECESSARY,BOMB,-0.0031911435,0.0,0.0,0.0,0.0,0.0,RIGHT,0.0
"('COIN', 'DOWN', 13, 'GOOD_LOW', 'UNNECESSARY', 'RIGHT')",COIN,DOWN,13,GOOD_LOW,UNNECESSARY,RIGHT,0.0,0.0,1.5832005,-0.033774376,-0.051,0.0,DOWN,1.5832005
"('BOMBING', 'HERE', 4, 'UNAVAILABLE', 'UNNECESSARY', 'WAIT')",BOMBING,HERE,4,UNAVAILABLE,UNNECESSARY,WAIT,-0.025909338,-0.101,1.2311537,-0.09609188,-0.09836194,-0.1919,DOWN,1.2311537
"('COIN', 'RIGHT', 15, 'ATTACK', 'UNNECESSARY', 'UP')",COIN,RIGHT,15,ATTACK,UNNECESSARY,UP,-0.011,0.0,0.0,0.0,0.0,1.3108163,BOMB,1.3108163
"('ESCAPE', 'UP', 13, 'UNAVAILABLE', 'UNNECESSARY', 'RIGHT')",ESCAPE,UP,13,UNAVAILABLE,UNNECESSARY,RIGHT,0.084924586,0.0,1.1702027,0.0,-0.051,0.0,DOWN,1.1702027
"('ESCAPE', 'UP', 5, 'GOOD_HIGH', 'UNNECESSARY', 'WAIT')",ESCAPE,UP,5,GOOD_HIGH,UNNECESSARY,WAIT,0.0,0.0,0.0,0.0,-0.051,0.0,UP,0.0
"('ESCAPE', 'UP', 5, 'GOOD_HIGH', 'UNSAFE', 'WAIT')",ESCAPE,UP,5,GOOD_HIGH,UNSAFE,WAIT,-0.001,-0.601,0.0,0.0,-0.501,0.0,DOWN,0.0
"('BOMBING', 'LEFT', 9, 'UNAVAILABLE', 'UNNECESSARY', 'LEFT')",BOMBING,LEFT,9,UNAVAILABLE,UNNECESSARY,LEFT,0.0,-1.201,0.0,0.9289663,-0.051,0.0,LEFT,0.9289663
"('BOMBING', 'HERE', 11, 'UNAVAILABLE', 'UNNECESSARY', 'WAIT')",BOMBING,HERE,11,UNAVAILABLE,UNNECESSARY,WAIT,0.0,0.0,-0.101,0.0,-0.051,0.0,UP,0.0
"('BOMBING', 'UP', 11, 'GOOD_LOW', 'UNNECESSARY', 'DOWN')",BOMBING,UP,11,GOOD_LOW,UNNECESSARY,DOWN,0.0,0.0,0.0,0.0,0.0,0.7611141,BOMB,0.7611141
"('COIN', 'LEFT', 11, 'UNAVAILABLE', 'UNNECESSARY', 'LEFT')",COIN,LEFT,11,UNAVAILABLE,UNNECESSARY,LEFT,0.0,0.9505645,0.0,0.0,0.0,0.0,RIGHT,0.9505645
"('BOMBING', 'LEFT', 12, 'GOOD_LOW', 'UNNECESSARY', 'WAIT')",BOMBING,LEFT,12,GOOD_LOW,UNNECESSARY,WAIT,-0.101,0.0,0.0,0.0,-0.051,0.0,RIGHT,0.0
"('COIN', 'LEFT', 4, 'UNAVAILABLE', 'UNNECESSARY', 'RIGHT')",COIN,LEFT,4,UNAVAILABLE,UNNECESSARY,RIGHT,-0.08102661,-0.097930565,0.95575863,-2.2819,-0.051,-0.101,DOWN,0.95575863
"('COIN', 'LEFT', 12, 'GOOD_LOW', 'UNNECESSARY', 'UP')",COIN,LEFT,12,GOOD_LOW,UNNECESSARY,UP,0.0,0.0,-0.03559294,1.6127286,0.0,0.0,LEFT,1.6127286
"('COIN', 'LEFT', 14, 'UNAVAILABLE', 'UNNECESSARY', 'LEFT')",COIN,LEFT,14,UNAVAILABLE,UNNECESSARY,LEFT,0.0,0.0,0.0,1.8514615,0.0,0.0,LEFT,1.8514615
"('BOMBING', 'RIGHT', 10, 'ATTACK', 'UNNECESSARY', 'LEFT')",BOMBING,RIGHT,10,ATTACK,UNNECESSARY,LEFT,-0.101,0.0,-0.101,-0.011,-0.09441007,1.2350583,BOMB,1.2350583
"('BOMBING', 'RIGHT', 10, 'ATTACK', 'UNNECESSARY', 'DOWN')",BOMBING,RIGHT,10,ATTACK,UNNECESSARY,DOWN,-0.023524689,0.0,0.0,0.0,0.0,0.9202561,BOMB,0.9202561
"('BOMBING', 'HERE', 7, 'UNAVAILABLE', 'UNNECESSARY', 'BOMB')",BOMBING,HERE,7,UNAVAILABLE,UNNECESSARY,BOMB,0.0,0.19917777,-0.0018437847,0.0,-0.050909523,0.0,RIGHT,0.19917777
"('COIN', 'LEFT', 0, 'UNAVAILABLE', 'NECESSARY', 'UP')",COIN,LEFT,0,UNAVAILABLE,NECESSARY,UP,-0.062366135,-0.101,0.0,0.0,0.32011837,0.0,WAIT,0.32011837
"('COIN', 'DOWN', 6, 'ATTACK', 'UNNECESSARY', 'LEFT')",COIN,DOWN,6,ATTACK,UNNECESSARY,LEFT,0.0,0.0,0.0,0.0,0.0,1.3883206,BOMB,1.3883206
"('BOMBING', 'HERE', 1, 'UNAVAILABLE', 'UNNECESSARY', 'LEFT')",BOMBING,HERE,1,UNAVAILABLE,UNNECESSARY,LEFT,0.6002104,-1.2882559,0.0,0.0,0.0,0.0,UP,0.6002104
"('BOMBING', 'LEFT', 11, 'UNAVAILABLE', 'UNNECESSARY', 'UP')",BOMBING,LEFT,11,UNAVAILABLE,UNNECESSARY,UP,0.7184322,0.19009745,0.0,0.0,-0.09323773,-0.099285856,UP,0.7184322
"('BOMBING', 'LEFT', 15, 'UNAVAILABLE', 'UNNECESSARY', 'WAIT')",BOMBING,LEFT,15,UNAVAILABLE,UNNECESSARY,WAIT,-0.015811453,0.0,0.06675228,0.28672376,0.0,0.0,LEFT,0.28672376
"('BOMBING', 'DOWN', 14, 'USELESS', 'UNNECESSARY', 'UP')",BOMBING,DOWN,14,USELESS,UNNECESSARY,UP,-0.101,-0.016405499,0.76485795,-0.010007428,-0.048624236,-0.059686873,DOWN,0.76485795
"('ESCAPE', 'RIGHT', 10, 'UNAVAILABLE', 'UNSAFE', 'WAIT')",ESCAPE,RIGHT,10,UNAVAILABLE,UNSAFE,WAIT,-0.43822113,0.44560212,0.0,1.8241816,-1.1055491,0.0,LEFT,1.8241816
"('COIN', 'DOWN', 2, 'UNAVAILABLE', 'UNNECESSARY', 'UP')",COIN,DOWN,2,UNAVAILABLE,UNNECESSARY,UP,-0.101,1.0757445,-1.201,-0.101,-0.051,-0.101,RIGHT,1.0757445
"('COIN', 'UP', 9, 'GOOD_HIGH', 'UNNECESSARY', 'RIGHT')",COIN,UP,9,GOOD_HIGH,UNNECESSARY,RIGHT,1.5316657,-0.07158224,0.0,0.0,-0.051,0.0,UP,1.5316657
"('COIN', 'UP', 11, 'UNAVAILABLE', 'UNNECESSARY', 'UP')",COIN,UP,11,UNAVAILABLE,UNNECESSARY,UP,1.4275223,0.0,0.0,-0.01168118,0.0,0.0,UP,1.4275223
"('COIN', 'UP', 15, 'GOOD_HIGH', 'UNNECESSARY', 'RIGHT')",COIN,UP,15,GOOD_HIGH,UNNECESSARY,RIGHT,2.2046244,-0.013178183,0.09009658,0.0,-0.07647999,0.0,UP,2.2046244
"('COIN', 'UP', 13, 'UNAVAILABLE', 'UNNECESSARY', 'UP')",COIN,UP,13,UNAVAILABLE,UNNECESSARY,UP,1.3231424,0.025667515,0.0,0.0,0.0,-0.054775096,UP,1.3231424
"('COIN', 'LEFT', 11, 'GOOD_HIGH', 'UNNECESSARY', 'RIGHT')",COIN,LEFT,11,GOOD_HIGH,UNNECESSARY,RIGHT,0.0,0.0,0.0,0.0,0.0,0.9679502,BOMB,0.9679502
"('COIN', 'DOWN', 0, 'UNAVAILABLE', 'NECESSARY', 'DOWN')",COIN,DOWN,0,UNAVAILABLE,NECESSARY,DOWN,0.0,1.5313969,0.0,0.0,0.0,0.0,RIGHT,1.5313969
"('COIN', 'LEFT', 15, 'GOOD_LOW', 'UNNECESSARY', 'LEFT')",COIN,LEFT,15,GOOD_LOW,UNNECESSARY,LEFT,0.1733413,0.0,0.0658275,0.13836768,-0.041956566,1.1874236,BOMB,1.1874236
"('BOMBING', 'RIGHT', 6, 'UNAVAILABLE', 'UNNECESSARY', 'BOMB')",BOMBING,RIGHT,6,UNAVAILABLE,UNNECESSARY,BOMB,0.0,0.0,0.12697001,-0.101,0.0,0.0,DOWN,0.12697001
"('COIN', 'DOWN', 7, 'UNAVAILABLE', 'UNNECESSARY', 'DOWN')",COIN,DOWN,7,UNAVAILABLE,UNNECESSARY,DOWN,-0.02554381,1.3669475,0.0,-0.001,0.0,-0.101,RIGHT,1.3669475
"('COIN', 'DOWN', 7, 'USELESS', 'UNNECESSARY', 'BOMB')",COIN,DOWN,7,USELESS,UNNECESSARY,BOMB,0.0,0.0,0.030821877,0.0,0.0,0.0,DOWN,0.030821877
"('COIN', 'DOWN', 5, 'ATTACK', 'UNNECESSARY', 'DOWN')",COIN,DOWN,5,ATTACK,UNNECESSARY,DOWN,0.085712984,-0.07888395,0.10357571,-0.08434772,-0.06476674,1.2496552,BOMB,1.2496552
"('COIN', 'DOWN', 5, 'ATTACK', 'UNNECESSARY', 'UP')",COIN,DOWN,5,ATTACK,UNNECESSARY,UP,0.9099186,-0.10070957,0.015396381,0.0,-0.051,0.0,UP,0.9099186
"('COIN', 'UP', 5, 'ATTACK', 'UNNECESSARY', 'WAIT')",COIN,UP,5,ATTACK,UNNECESSARY,WAIT,0.0,-0.090495996,-0.015912697,-0.08244337,-0.042578533,0.26576495,BOMB,0.26576495
"('COIN', 'UP', 5, 'ATTACK', 'UNNECESSARY', 'DOWN')",COIN,UP,5,ATTACK,UNNECESSARY,DOWN,0.13653946,-0.101,-0.063151,-0.0990363,-0.0097715035,1.2122694,BOMB,1.2122694
"('COIN', 'UP', 5, 'ATTACK', 'UNNECESSARY', 'UP')",COIN,UP,5,ATTACK,UNNECESSARY,UP,0.065210104,-0.10779489,0.031056628,-0.101,-0.039945703,1.183361,BOMB,1.183361
"('BOMBING', 'LEFT', 8, 'ATTACK', 'UNNECESSARY', 'RIGHT')",BOMBING,LEFT,8,ATTACK,UNNECESSARY,RIGHT,0.0,0.0026662424,-0.10703338,0.075898595,-0.051,1.3278242,BOMB,1.3278242
"('ESCAPE', 'LEFT', 8, 'ATTACK', 'UNNECESSARY', 'RIGHT')",ESCAPE,LEFT,8,ATTACK,UNNECESSARY,RIGHT,-0.101,0.0,-0.101,0.0,-0.051,1.3456277,BOMB,1.3456277
"('ESCAPE', 'LEFT', 8, 'ATTACK', 'UNSAFE', 'WAIT')",ESCAPE,LEFT,8,ATTACK,UNSAFE,WAIT,-0.501,-0.101,-0.101,0.0,0.0,0.0,LEFT,0.0
"('ESCAPE', 'NONE', 0, 'UNSAFE', 'UNSAFE', 'RIGHT')",ESCAPE,NONE,0,UNSAFE,UNSAFE,RIGHT,-3.4578376,-3.4319806,-3.6337438,-3.6399143,-2.744758,-3.8839395,WAIT,-2.744758
"('ESCAPE', 'UP', 9, 'UNAVAILABLE', 'UNSAFE', 'UP')",ESCAPE,UP,9,UNAVAILABLE,UNSAFE,UP,0.86609703,-1.301,0.0,0.21464379,-0.901,0.0,UP,0.86609703
"('COIN', 'UP', 9, 'UNAVAILABLE', 'UNNECESSARY', 'DOWN')",COIN,UP,9,UNAVAILABLE,UNNECESSARY,DOWN,1.1687405,-0.04702992,-0.09318672,-0.014932774,-0.048240557,-0.101,UP,1.1687405
"('COIN', 'UP', 9, 'UNAVAILABLE', 'UNNECESSARY', 'RIGHT')",COIN,UP,9,UNAVAILABLE,UNNECESSARY,RIGHT,0.0,0.0,0.0,1.2042415,-0.051,-0.101,LEFT,1.2042415
"('COIN', 'RIGHT', 2, 'GOOD_HIGH', 'UNNECESSARY', 'UP')",COIN,RIGHT,2,GOOD_HIGH,UNNECESSARY,UP,0.0,0.0,0.0,0.0,-0.04873929,0.7079355,BOMB,0.7079355
"('COIN', 'DOWN', 13, 'ATTACK', 'UNNECESSARY', 'RIGHT')",COIN,DOWN,13,ATTACK,UNNECESSARY,RIGHT,0.0,0.0,0.0,-0.018896168,-0.051,1.2419406,BOMB,1.2419406
"('COIN', 'DOWN', 12, 'ATTACK', 'UNNECESSARY', 'WAIT')",COIN,DOWN,12,ATTACK,UNNECESSARY,WAIT,0.0,0.0,-0.001,0.0,0.0,0.0,UP,0.0
"('ESCAPE', 'UP', 5, 'ATTACK', 'UNNECESSARY', 'DOWN')",ESCAPE,UP,5,ATTACK,UNNECESSARY,DOWN,0.0,0.0,0.0,-0.041934047,0.0,1.3779018,BOMB,1.3779018
"('ESCAPE', 'RIGHT', 14, 'UNAVAILABLE', 'UNSAFE', 'DOWN')",ESCAPE,RIGHT,14,UNAVAILABLE,UNSAFE,DOWN,-2.2819,0.0,2.1785142,0.0,-1.201,-1.301,DOWN,2.1785142
"('BOMBING', 'HERE', 3, 'GOOD_HIGH', 'UNNECESSARY', 'BOMB')",BOMBING,HERE,3,GOOD_HIGH,UNNECESSARY,BOMB,0.00020434277,0.0,0.0,0.0,0.0,0.0,UP,0.00020434277
"('COIN', 'UP', 7, 'UNAVAILABLE', 'UNNECESSARY', 'UP')",COIN,UP,7,UNAVAILABLE,UNNECESSARY,UP,1.5701464,0.0,-0.0388089,-0.101,-0.050994467,0.0,UP,1.5701464
"('COIN', 'RIGHT', 7, 'GOOD_LOW', 'UNNECESSARY', 'UP')",COIN,RIGHT,7,GOOD_LOW,UNNECESSARY,UP,0.0,0.0,0.0,0.0,0.0,1.1638256,BOMB,1.1638256
"('COIN', 'DOWN', 14, 'GOOD_HIGH', 'UNNECESSARY', 'RIGHT')",COIN,DOWN,14,GOOD_HIGH,UNNECESSARY,RIGHT,-0.101,0.08022108,0.0,0.024715476,-0.08025407,1.1664234,BOMB,1.1664234
"('BOMBING', 'DOWN', 14, 'GOOD_HIGH', 'UNNECESSARY', 'UP')",BOMBING,DOWN,14,GOOD_HIGH,UNNECESSARY,UP,0.0,0.0,0.0,0.0,0.0,1.0761272,BOMB,1.0761272
"('BOMBING', 'HERE', 5, 'ATTACK', 'UNNECESSARY', 'RIGHT')",BOMBING,HERE,5,ATTACK,UNNECESSARY,RIGHT,0.0,-0.101,0.0,-0.101,0.0,0.2500986,BOMB,0.2500986
"('ESCAPE', 'UP', 5, 'ATTACK', 'UNNECESSARY', 'RIGHT')",ESCAPE,UP,5,ATTACK,UNNECESSARY,RIGHT,-0.0078146905,-0.101,0.0,0.0,-0.051,1.3145988,BOMB,1.3145988
"('ESCAPE', 'UP', 5, 'GOOD_HIGH', 'UNNECESSARY', 'RIGHT')",ESCAPE,UP,5,GOOD_HIGH,UNNECESSARY,RIGHT,-0.001,0.0,0.2277834,-0.10303389,-0.051,0.0,DOWN,0.2277834
"('ESCAPE', 'UP', 1, 'GOOD_HIGH', 'UNNECESSARY', 'WAIT')",ESCAPE,UP,1,GOOD_HIGH,UNNECESSARY,WAIT,0.0,-0.101,0.0,0.0,0.0,0.469709,BOMB,0.469709
"('ESCAPE', 'UP', 1, 'GOOD_HIGH', 'UNSAFE', 'RIGHT')",ESCAPE,UP,1,GOOD_HIGH,UNSAFE,RIGHT,0.0,0.0,-0.501,0.0,0.0,0.0,UP,0.0
"('BOMBING', 'RIGHT', 0, 'UNAVAILABLE', 'NECESSARY', 'DOWN')",BOMBING,RIGHT,0,UNAVAILABLE,NECESSARY,DOWN,0.11566403,0.0,0.0,0.0,0.0,0.0,UP,0.11566403
"('COIN', 'RIGHT', 0, 'UNAVAILABLE', 'NECESSARY', 'UP')",COIN,RIGHT,0,UNAVAILABLE,NECESSARY,UP,0.0,0.0,0.0,0.0,0.0,-0.101,UP,0.0
"('COIN', 'UP', 12, 'UNAVAILABLE', 'UNNECESSARY', 'DOWN')",COIN,UP,12,UNAVAILABLE,UNNECESSARY,DOWN,0.0,-0.101,1.0216663,0.0,0.0,-0.16672385,DOWN,1.0216663
"('COIN', 'UP', 11, 'GOOD_HIGH', 'UNNECESSARY', 'DOWN')",COIN,UP,11,GOOD_HIGH,UNNECESSARY,DOWN,1.067043,0.0,0.0,0.0,-0.050116196,0.0,UP,1.067043
"('COIN', 'LEFT', 14, 'GOOD_HIGH', 'UNNECESSARY', 'LEFT')",COIN,LEFT,14,GOOD_HIGH,UNNECESSARY,LEFT,0.0,0.018990405,0.083499484,0.0,-0.046113018,1.201111,BOMB,1.201111
"('COIN', 'LEFT', 10, 'ATTACK', 'UNNECESSARY', 'RIGHT')",COIN,LEFT,10,ATTACK,UNNECESSARY,RIGHT,0.0,0.072988644,0.0,0.0,0.0,1.1009904,BOMB,1.1009904
"('COIN', 'LEFT', 15, 'USELESS', 'UNNECESSARY', 'RIGHT')",COIN,LEFT,15,USELESS,UNNECESSARY,RIGHT,0.0886822,-0.018146668,0.7280973,-0.016,-0.047098696,-0.12970136,DOWN,0.7280973
"('ESCAPE', 'DOWN', 6, 'UNAVAILABLE', 'UNNECESSARY', 'LEFT')",ESCAPE,DOWN,6,UNAVAILABLE,UNNECESSARY,LEFT,0.0,-0.00109,0.14701653,-0.101,0.0,0.0,DOWN,0.14701653
"('ESCAPE', 'DOWN', 6, 'ATTACK', 'UNNECESSARY', 'LEFT')",ESCAPE,DOWN,6,ATTACK,UNNECESSARY,LEFT,0.0,0.0,0.0,-0.101,0.0,0.6003024,BOMB,0.6003024
"('ESCAPE', 'DOWN', 4, 'GOOD_HIGH', 'UNNECESSARY', 'LEFT')",ESCAPE,DOWN,4,GOOD_HIGH,UNNECESSARY,LEFT,0.0,0.0,0.0,0.0,0.0,1.0080497,BOMB,1.0080497
"('ESCAPE', 'RIGHT', 14, 'UNAVAILABLE', 'UNNECESSARY', 'RIGHT')",ESCAPE,RIGHT,14,UNAVAILABLE,UNNECESSARY,RIGHT,-0.101,-0.004825581,0.036557652,0.6523721,-0.051,-0.014162389,LEFT,0.6523721
"('COIN', 'LEFT', 2, 'USELESS', 'UNNECESSARY', 'LEFT')",COIN,LEFT,2,USELESS,UNNECESSARY,LEFT,-0.09804429,0.6624594,-0.101,-0.501,-0.0483368,-0.052843317,RIGHT,0.6624594
"('COIN', 'UP', 15, 'ATTACK', 'UNNECESSARY', 'LEFT')",COIN,UP,15,ATTACK,UNNECESSARY,LEFT,1.5775775,0.038374502,0.0,-0.101,-0.09618248,0.0,UP,1.5775775
"('COIN', 'UP', 7, 'ATTACK', 'UNNECESSARY', 'LEFT')",COIN,UP,7,ATTACK,UNNECESSARY,LEFT,1.571252,0.0,0.0,0.0,0.0,0.0,UP,1.571252
"('COIN', 'UP', 15, 'GOOD_HIGH', 'UNNECESSARY', 'LEFT')",COIN,UP,15,GOOD_HIGH,UNNECESSARY,LEFT,0.0,0.082937844,0.068903066,-0.015005849,0.0,1.2326111,BOMB,1.2326111
"('COIN', 'RIGHT', 10, 'ATTACK', 'UNNECESSARY', 'LEFT')",COIN,RIGHT,10,ATTACK,UNNECESSARY,LEFT,0.0,-0.0152791,0.0,0.0,0.0,1.2098953,BOMB,1.2098953
"('COIN', 'UP', 15, 'GOOD_HIGH', 'UNNECESSARY', 'WAIT')",COIN,UP,15,GOOD_HIGH,UNNECESSARY,WAIT,0.0,0.0,0.0,0.0,0.0,0.2949386,BOMB,0.2949386
"('COIN', 'UP', 7, 'ATTACK', 'UNNECESSARY', 'UP')",COIN,UP,7,ATTACK,UNNECESSARY,UP,1.6193022,0.0,0.0,0.0,0.0,0.0,UP,1.6193022
"('BOMBING', 'UP', 15, 'UNAVAILABLE', 'UNNECESSARY', 'RIGHT')",BOMBING,UP,15,UNAVAILABLE,UNNECESSARY,RIGHT,1.3089846,0.22004795,0.05579902,0.0,-0.096898064,-0.26169097,UP,1.3089846
"('BOMBING', 'HERE', 7, 'UNAVAILABLE', 'UNNECESSARY', 'LEFT')",BOMBING,HERE,7,UNAVAILABLE,UNNECESSARY,LEFT,0.7107278,0.08672504,-0.015141733,-0.08831024,-0.051,-0.101,UP,0.7107278
"('BOMBING', 'UP', 15, 'ATTACK', 'UNNECESSARY', 'DOWN')",BOMBING,UP,15,ATTACK,UNNECESSARY,DOWN,-0.0023223124,0.0,0.0,0.0,0.0,1.1636933,BOMB,1.1636933
"('BOMBING', 'HERE', 15, 'ATTACK', 'UNNECESSARY', 'UP')",BOMBING,HERE,15,ATTACK,UNNECESSARY,UP,0.0,0.7278041,-0.101,0.0,0.0,0.0,RIGHT,0.7278041
"('BOMBING', 'HERE', 11, 'ATTACK', 'UNNECESSARY', 'DOWN')",BOMBING,HERE,11,ATTACK,UNNECESSARY,DOWN,0.025398135,0.0,0.0,-0.0072410386,0.0,1.0179862,BOMB,1.0179862
"('ESCAPE', 'RIGHT', 10, 'GOOD_LOW', 'UNSAFE', 'RIGHT')",ESCAPE,RIGHT,10,GOOD_LOW,UNSAFE,RIGHT,-0.26548257,0.0,-0.501,0.09432858,-0.501,-0.501,LEFT,0.09432858
"('BOMBING', 'LEFT', 13, 'GOOD_LOW', 'UNNECESSARY', 'UP')",BOMBING,LEFT,13,GOOD_LOW,UNNECESSARY,UP,-0.016770307,0.0,0.0,1.0528597,0.0,0.10520693,LEFT,1.0528597
"('BOMBING', 'LEFT', 13, 'GOOD_LOW', 'UNNECESSARY', 'DOWN')",BOMBING,LEFT,13,GOOD_LOW,UNNECESSARY,DOWN,-0.016352057,0.0,-0.0155171,1.0246191,-0.051,0.0,LEFT,1.0246191
"('ESCAPE', 'UP', 5, 'UNAVAILABLE', 'UNSAFE', 'RIGHT')",ESCAPE,UP,5,UNAVAILABLE,UNSAFE,RIGHT,2.2860396,-1.8319,0.4186951,-4.7376127,-3.5302389,-4.153585,UP,2.2860396
"('BOMBING', 'LEFT', 9, 'USELESS', 'UNNECESSARY', 'WAIT')",BOMBING,LEFT,9,USELESS,UNNECESSARY,WAIT,0.0,0.0,-0.02359714,0.0,0.0,-0.13434458,UP,0.0
"('BOMBING', 'UP', 13, 'GOOD_HIGH', 'UNNECESSARY', 'RIGHT')",BOMBING,UP,13,GOOD_HIGH,UNNECESSARY,RIGHT,0.0,0.0,0.0,-0.025666246,0.0,1.3600537,BOMB,1.3600537
"('COIN', 'LEFT', 9, 'UNAVAILABLE', 'UNNECESSARY', 'DOWN')",COIN,LEFT,9,UNAVAILABLE,UNNECESSARY,DOWN,0.06062294,0.0,0.0,1.6575586,-0.051,-0.101,LEFT,1.6575586
"('COIN', 'LEFT', 9, 'USELESS', 'UNNECESSARY', 'WAIT')",COIN,LEFT,9,USELESS,UNNECESSARY,WAIT,0.0,0.0,-0.09718396,0.1540307,-0.051,0.0,LEFT,0.1540307
"('BOMBING', 'RIGHT', 10, 'ATTACK', 'UNNECESSARY', 'UP')",BOMBING,RIGHT,10,ATTACK,UNNECESSARY,UP,0.0,0.40614614,0.0,0.0,-0.051,0.0,RIGHT,0.40614614
"('BOMBING', 'RIGHT', 2, 'ATTACK', 'UNNECESSARY', 'WAIT')",BOMBING,RIGHT,2,ATTACK,UNNECESSARY,WAIT,0.0,0.47619933,0.0,0.0,0.0,0.0,RIGHT,0.47619933
"('BOMBING', 'UP', 11, 'ATTACK', 'UNNECESSARY', 'RIGHT')",BOMBING,UP,11,ATTACK,UNNECESSARY,RIGHT,0.0,0.7354052,-0.101,0.041294876,-0.032338273,0.10461654,RIGHT,0.7354052
"('COIN', 'DOWN', 7, 'UNAVAILABLE', 'UNNECESSARY', 'UP')",COIN,DOWN,7,UNAVAILABLE,UNNECESSARY,UP,0.0,0.0,1.2895108,-0.047799096,0.0,0.0,DOWN,1.2895108
"('COIN', 'DOWN', 7, 'UNAVAILABLE', 'UNNECESSARY', 'LEFT')",COIN,DOWN,7,UNAVAILABLE,UNNECESSARY,LEFT,-0.0070882407,-0.014417407,2.2243218,-0.07858441,-0.051,-0.0119,DOWN,2.2243218
"('COIN', 'RIGHT', 0, 'UNAVAILABLE', 'NECESSARY', 'DOWN')",COIN,RIGHT,0,UNAVAILABLE,NECESSARY,DOWN,-0.092384204,0.0,0.0,-0.101,0.115911774,-0.09056612,WAIT,0.115911774
"('COIN', 'UP', 13, 'GOOD_LOW', 'UNNECESSARY', 'BOMB')",COIN,UP,13,GOOD_LOW,UNNECESSARY,BOMB,0.0,0.0,0.0,0.0,-0.051,0.0,UP,0.0
"('COIN', 'UP', 13, 'GOOD_LOW', 'UNNECESSARY', 'WAIT')",COIN,UP,13,GOOD_LOW,UNNECESSARY,WAIT,0.0,0.0,0.0,0.0,0.0,0.24402468,BOMB,0.24402468
"('BOMBING', 'DOWN', 14, 'GOOD_HIGH', 'UNNECESSARY', 'LEFT')",BOMBING,DOWN,14,GOOD_HIGH,UNNECESSARY,LEFT,-0.06816253,0.0,1.1478964,0.0,0.0,0.0,DOWN,1.1478964
"('COIN', 'DOWN', 12, 'UNAVAILABLE', 'UNNECESSARY', 'RIGHT')",COIN,DOWN,12,UNAVAILABLE,UNNECESSARY,RIGHT,0.0,0.04288485,1.5185832,0.0,0.0,0.0,DOWN,1.5185832
"('COIN', 'LEFT', 10, 'USELESS', 'UNNECESSARY', 'BOMB')",COIN,LEFT,10,USELESS,UNNECESSARY,BOMB,0.0,-0.011,0.0,0.28930593,0.0,0.0,LEFT,0.28930593
"('BOMBING', 'HERE', 13, 'ATTACK', 'UNNECESSARY', 'DOWN')",BOMBING,HERE,13,ATTACK,UNNECESSARY,DOWN,-0.03947527,-0.077501975,-0.011,0.0,-0.051,1.2523892,BOMB,1.2523892
"('BOMBING', 'HERE', 9, 'ATTACK', 'UNNECESSARY', 'WAIT')",BOMBING,HERE,9,ATTACK,UNNECESSARY,WAIT,0.0,-0.101,0.0,0.0,-0.04249041,0.0,UP,0.0
"('BOMBING', 'HERE', 13, 'ATTACK', 'UNNECESSARY', 'RIGHT')",BOMBING,HERE,13,ATTACK,UNNECESSARY,RIGHT,0.0,0.0,0.043958794,0.0,0.0,1.3014045,BOMB,1.3014045
"('BOMBING', 'DOWN', 10, 'UNAVAILABLE', 'UNNECESSARY', 'UP')",BOMBING,DOWN,10,UNAVAILABLE,UNNECESSARY,UP,-0.021269122,0.91487426,0.0,0.0,0.0,0.0,RIGHT,0.91487426
"('COIN', 'DOWN', 14, 'GOOD_HIGH', 'UNNECESSARY', 'WAIT')",COIN,DOWN,14,GOOD_HIGH,UNNECESSARY,WAIT,0.0,-0.011,0.0,0.0,0.0,0.25250444,BOMB,0.25250444
"('COIN', 'LEFT', 8, 'GOOD_LOW', 'UNNECESSARY', 'RIGHT')",COIN,LEFT,8,GOOD_LOW,UNNECESSARY,RIGHT,0.0,-0.101,0.0,0.0,0.0,1.4024283,BOMB,1.4024283
"('COIN', 'LEFT', 11, 'UNAVAILABLE', 'UNNECESSARY', 'DOWN')",COIN,LEFT,11,UNAVAILABLE,UNNECESSARY,DOWN,0.0,0.0,0.16481909,1.8571994,0.0,0.0,LEFT,1.8571994
"('COIN', 'DOWN', 15, 'GOOD_LOW', 'UNNECESSARY', 'DOWN')",COIN,DOWN,15,GOOD_LOW,UNNECESSARY,DOWN,0.0,0.0,0.0,0.0,-0.13093662,1.0939089,BOMB,1.0939089
"('BOMBING', 'RIGHT', 15, 'ATTACK', 'UNNECESSARY', 'WAIT')",BOMBING,RIGHT,15,ATTACK,UNNECESSARY,WAIT,-0.01695795,0.08034093,0.0,0.0,0.0,0.0,RIGHT,0.08034093
"('BOMBING', 'HERE', 11, 'GOOD_HIGH', 'UNNECESSARY', 'WAIT')",BOMBING,HERE,11,GOOD_HIGH,UNNECESSARY,WAIT,0.0,0.0,0.0,0.0,-0.051,0.24021566,BOMB,0.24021566
"('BOMBING', 'HERE', 11, 'ATTACK', 'UNNECESSARY', 'WAIT')",BOMBING,HERE,11,ATTACK,UNNECESSARY,WAIT,0.0,0.0,-0.10062411,0.0,0.0,0.0,UP,0.0
"('BOMBING', 'DOWN', 15, 'ATTACK', 'UNNECESSARY', 'LEFT')",BOMBING,DOWN,15,ATTACK,UNNECESSARY,LEFT,0.039780945,-0.022632891,0.927592,0.07738057,0.0,0.0,DOWN,0.927592
"('BOMBING', 'LEFT', 10, 'ATTACK', 'UNNECESSARY', 'LEFT')",BOMBING,LEFT,10,ATTACK,UNNECESSARY,LEFT,-0.1919,0.0,-0.09612187,0.9418572,-0.08659792,0.0,LEFT,0.9418572
"('BOMBING', 'LEFT', 8, 'ATTACK', 'UNNECESSARY', 'UP')",BOMBING,LEFT,8,ATTACK,UNNECESSARY,UP,0.0,0.0,-0.101,0.0,0.0,0.51717174,BOMB,0.51717174
"('ESCAPE', 'LEFT', 8, 'ATTACK', 'UNNECESSARY', 'DOWN')",ESCAPE,LEFT,8,ATTACK,UNNECESSARY,DOWN,-0.101,-0.101,-0.101,-0.001,-0.051,0.974801,BOMB,0.974801
"('ESCAPE', 'LEFT', 8, 'USELESS', 'UNNECESSARY', 'DOWN')",ESCAPE,LEFT,8,USELESS,UNNECESSARY,DOWN,-0.101,-0.101,-0.101,0.36906174,-0.051,-0.038462106,LEFT,0.36906174
"('ESCAPE', 'LEFT', 8, 'USELESS', 'UNSAFE', 'RIGHT')",ESCAPE,LEFT,8,USELESS,UNSAFE,RIGHT,-0.501,-0.101,-0.101,0.26943737,-0.501,-0.651,LEFT,0.26943737
"('BOMBING', 'HERE', 5, 'ATTACK', 'UNNECESSARY', 'DOWN')",BOMBING,HERE,5,ATTACK,UNNECESSARY,DOWN,0.0,-0.2955114,0.0,-0.101,0.0,1.3878319,BOMB,1.3878319
"('COIN', 'RIGHT', 15, 'UNAVAILABLE', 'UNNECESSARY', 'RIGHT')",COIN,RIGHT,15,UNAVAILABLE,UNNECESSARY,RIGHT,0.0,1.5115676,0.0,0.0,0.0,0.0,RIGHT,1.5115676
"('COIN', 'RIGHT', 15, 'UNAVAILABLE', 'UNNECESSARY', 'BOMB')",COIN,RIGHT,15,UNAVAILABLE,UNNECESSARY,BOMB,-0.011,0.0,-0.0066056824,0.0,0.0,-0.09962755,RIGHT,0.0
"('COIN', 'RIGHT', 15, 'GOOD_HIGH', 'UNNECESSARY', 'RIGHT')",COIN,RIGHT,15,GOOD_HIGH,UNNECESSARY,RIGHT,0.0,2.1519067,0.09491403,0.12803963,-0.051,0.0,RIGHT,2.1519067
"('COIN', 'LEFT', 15, 'GOOD_HIGH', 'UNNECESSARY', 'LEFT')",COIN,LEFT,15,GOOD_HIGH,UNNECESSARY,LEFT,1.0356116,-0.021825576,-0.008896573,0.0,-0.051,0.0,UP,1.0356116
"('BOMBING', 'DOWN', 6, 'UNAVAILABLE', 'UNNECESSARY', 'WAIT')",BOMBING,DOWN,6,UNAVAILABLE,UNNECESSARY,WAIT,0.0,0.11187805,0.0,0.0,0.0,0.0,RIGHT,0.11187805
"('COIN', 'RIGHT', 6, 'UNAVAILABLE', 'UNNECESSARY', 'RIGHT')",COIN,RIGHT,6,UNAVAILABLE,UNNECESSARY,RIGHT,0.0,0.9327471,0.0,-1.201,0.0,0.0,RIGHT,0.9327471
"('BOMBING', 'RIGHT', 10, 'GOOD_LOW', 'UNNECESSARY', 'UP')",BOMBING,RIGHT,10,GOOD_LOW,UNNECESSARY,UP,0.0,0.37088573,0.0,0.0,0.0,0.0,RIGHT,0.37088573
"('BOMBING', 'UP', 13, 'UNAVAILABLE', 'UNNECESSARY', 'UP')",BOMBING,UP,13,UNAVAILABLE,UNNECESSARY,UP,1.0469141,-0.001,-0.001,0.0,-0.0969,-0.101,UP,1.0469141
"('BOMBING', 'HERE', 13, 'UNAVAILABLE', 'UNNECESSARY', 'RIGHT')",BOMBING,HERE,13,UNAVAILABLE,UNNECESSARY,RIGHT,0.74385554,0.0,0.0,0.0,0.0,-0.094431594,UP,0.74385554
"('ESCAPE', 'RIGHT', 2, 'ATTACK', 'UNNECESSARY', 'UP')",ESCAPE,RIGHT,2,ATTACK,UNNECESSARY,UP,0.0,-0.009020675,-0.06005014,-0.101,-0.051,0.8914969,BOMB,0.8914969
"('ESCAPE', 'RIGHT', 2, 'GOOD_LOW', 'UNSAFE', 'WAIT')",ESCAPE,RIGHT,2,GOOD_LOW,UNSAFE,WAIT,-0.28564805,-0.0027100001,-0.101,-0.29025656,-0.501,-0.501,RIGHT,-0.0027100001
"('ESCAPE', 'NONE', 0, 'UNSAFE', 'UNSAFE', 'DOWN')",ESCAPE,NONE,0,UNSAFE,UNSAFE,DOWN,-3.2274218,-3.2429955,-3.143974,-3.1807551,-2.3853629,-3.5334826,WAIT,-2.3853629
"('COIN', 'UP', 9, 'GOOD_LOW', 'UNNECESSARY', 'RIGHT')",COIN,UP,9,GOOD_LOW,UNNECESSARY,RIGHT,0.0,0.0,-0.09339443,0.0,0.0,1.5913998,BOMB,1.5913998
"('BOMBING', 'RIGHT', 11, 'UNAVAILABLE', 'UNNECESSARY', 'RIGHT')",BOMBING,RIGHT,11,UNAVAILABLE,UNNECESSARY,RIGHT,0.0,1.1991118,0.0,0.0,-0.0057828724,0.04137348,RIGHT,1.1991118
"('BOMBING', 'RIGHT', 11, 'UNAVAILABLE', 'UNNECESSARY', 'WAIT')",BOMBING,RIGHT,11,UNAVAILABLE,UNNECESSARY,WAIT,0.0,0.0,0.0,0.0706494,-0.051,-0.101,LEFT,0.0706494
"('BOMBING', 'RIGHT', 11, 'UNAVAILABLE', 'UNNECESSARY', 'BOMB')",BOMBING,RIGHT,11,UNAVAILABLE,UNNECESSARY,BOMB,0.0,0.0,0.0,-0.0149024,0.0,0.0,UP,0.0
"('BOMBING', 'RIGHT', 11, 'USELESS', 'UNNECESSARY', 'RIGHT')",BOMBING,RIGHT,11,USELESS,UNNECESSARY,RIGHT,0.69879943,0.0,-0.101,0.0,-0.051,-0.14341271,UP,0.69879943
"('BOMBING', 'RIGHT', 11, 'USELESS', 'UNNECESSARY', 'DOWN')",BOMBING,RIGHT,11,USELESS,UNNECESSARY,DOWN,-0.022157475,0.9011259,-0.101,-0.016266089,-0.051,-0.12980895,RIGHT,0.9011259
"('COIN', 'RIGHT', 11, 'UNAVAILABLE', 'UNNECESSARY', 'DOWN')",COIN,RIGHT,11,UNAVAILABLE,UNNECESSARY,DOWN,0.0,0.0,0.0,1.2892445,0.0,0.0,LEFT,1.2892445
"('COIN', 'RIGHT', 11, 'UNAVAILABLE', 'UNNECESSARY', 'RIGHT')",COIN,RIGHT,11,UNAVAILABLE,UNNECESSARY,RIGHT,0.0,1.8360167,0.0,0.0,0.0,0.0,RIGHT,1.8360167
"('COIN', 'RIGHT', 15, 'GOOD_HIGH', 'UNNECESSARY', 'WAIT')",COIN,RIGHT,15,GOOD_HIGH,UNNECESSARY,WAIT,0.0,0.06322976,0.0,0.0,0.0,0.0,RIGHT,0.06322976
"('COIN', 'RIGHT', 13, 'UNAVAILABLE', 'UNNECESSARY', 'LEFT')",COIN,RIGHT,13,UNAVAILABLE,UNNECESSARY,LEFT,1.0991975,-1.201,-0.007903768,-0.012626276,-0.051,-0.101,UP,1.0991975
"('BOMBING', 'UP', 11, 'GOOD_HIGH', 'UNNECESSARY', 'LEFT')",BOMBING,UP,11,GOOD_HIGH,UNNECESSARY,LEFT,0.102805644,0.09238882,-0.101,0.0,0.0,1.1880732,BOMB,1.1880732
"('BOMBING', 'UP', 11, 'GOOD_HIGH', 'UNNECESSARY', 'DOWN')",BOMBING,UP,11,GOOD_HIGH,UNNECESSARY,DOWN,0.0,0.0,-0.101,-0.015054149,-0.047959786,0.9517844,BOMB,0.9517844
"('BOMBING', 'UP', 15, 'ATTACK', 'UNNECESSARY', 'RIGHT')",BOMBING,UP,15,ATTACK,UNNECESSARY,RIGHT,1.0198125,0.09684735,-0.011239775,0.0,-0.051,0.0,UP,1.0198125
"('BOMBING', 'UP', 15, 'ATTACK', 'UNNECESSARY', 'WAIT')",BOMBING,UP,15,ATTACK,UNNECESSARY,WAIT,0.0,-0.0029000007,0.0,0.0,-0.02586319,0.0,UP,0.0
"('BOMBING', 'RIGHT', 10, 'ATTACK', 'UNNECESSARY', 'RIGHT')",BOMBING,RIGHT,10,ATTACK,UNNECESSARY,RIGHT,-0.06507016,0.022958225,-0.060943216,-0.0322145,-0.0496149,1.3199817,BOMB,1.3199817
"('BOMBING', 'UP', 11, 'ATTACK', 'UNNECESSARY', 'DOWN')",BOMBING,UP,11,ATTACK,UNNECESSARY,DOWN,0.0,-0.011,0.0,0.0,0.0,0.9973518,BOMB,0.9973518
"('ESCAPE', 'UP', 5, 'ATTACK', 'UNNECESSARY', 'UP')",ESCAPE,UP,5,ATTACK,UNNECESSARY,UP,0.10089553,-0.1431236,-0.0072642323,0.0,0.0,1.2756902,BOMB,1.2756902
"('BOMBING', 'HERE', 12, 'UNAVAILABLE', 'UNNECESSARY', 'UP')",BOMBING,HERE,12,UNAVAILABLE,UNNECESSARY,UP,-0.008359462,-0.008445028,-0.02507413,0.9580977,-0.04964739,-0.101,LEFT,0.9580977
"('BOMBING', 'RIGHT', 15, 'GOOD_LOW', 'UNNECESSARY', 'DOWN')",BOMBING,RIGHT,15,GOOD_LOW,UNNECESSARY,DOWN,0.0,1.0855137,0.0,0.0,0.0,0.0,RIGHT,1.0855137
"('BOMBING', 'DOWN', 6, 'USELESS', 'UNNECESSARY', 'NONE')",BOMBING,DOWN,6,USELESS,UNNECESSARY,NONE,0.0,0.0,0.024780503,0.0,0.0,0.0,DOWN,0.024780503
"('BOMBING', 'HERE', 7, 'UNAVAILABLE', 'UNNECESSARY', 'WAIT')",BOMBING,HERE,7,UNAVAILABLE,UNNECESSARY,WAIT,0.0,0.0,0.006722649,-0.070923716,0.0,0.0,DOWN,0.006722649
"('COIN', 'LEFT', 15, 'GOOD_LOW', 'UNNECESSARY', 'DOWN')",COIN,LEFT,15,GOOD_LOW,UNNECESSARY,DOWN,-0.040035803,-0.0154154,0.017147293,1.9635224,-0.049885705,0.0,LEFT,1.9635224
"('BOMBING', 'DOWN', 15, 'ATTACK', 'UNNECESSARY', 'DOWN')",BOMBING,DOWN,15,ATTACK,UNNECESSARY,DOWN,0.0,0.0,0.94091195,0.0,-0.111364275,0.0,DOWN,0.94091195
"('BOMBING', 'LEFT', 11, 'ATTACK', 'UNNECESSARY', 'DOWN')",BOMBING,LEFT,11,ATTACK,UNNECESSARY,DOWN,0.0,0.0,0.020692563,1.0328437,0.0,0.0,LEFT,1.0328437
"('BOMBING', 'HERE', 10, 'ATTACK', 'UNNECESSARY', 'LEFT')",BOMBING,HERE,10,ATTACK,UNNECESSARY,LEFT,-0.101,0.0,0.0,0.09845008,-0.09801835,1.0905653,BOMB,1.0905653
"('COIN', 'RIGHT', 9, 'UNAVAILABLE', 'UNNECESSARY', 'LEFT')",COIN,RIGHT,9,UNAVAILABLE,UNNECESSARY,LEFT,0.0,-1.201,-0.066174775,0.9587237,-0.09379846,0.0,LEFT,0.9587237
"('COIN', 'RIGHT', 11, 'GOOD_HIGH', 'UNNECESSARY', 'LEFT')",COIN,RIGHT,11,GOOD_HIGH,UNNECESSARY,LEFT,1.0376909,0.0,-0.08224391,-0.0125302235,0.0,0.0,UP,1.0376909
"('BOMBING', 'DOWN', 7, 'USELESS', 'UNNECESSARY', 'LEFT')",BOMBING,DOWN,7,USELESS,UNNECESSARY,LEFT,0.07511881,-0.022241136,1.0867777,0.0,0.0,-0.037118394,DOWN,1.0867777
"('BOMBING', 'DOWN', 15, 'GOOD_LOW', 'UNNECESSARY', 'DOWN')",BOMBING,DOWN,15,GOOD_LOW,UNNECESSARY,DOWN,0.07605575,0.05278512,0.0,0.174761,-0.051,1.1356341,BOMB,1.1356341
"('COIN', 'UP', 0, 'UNAVAILABLE', 'NECESSARY', 'LEFT')",COIN,UP,0,UNAVAILABLE,NECESSARY,LEFT,-1.101,-0.05870846,-0.023884935,-0.05324561,0.0,-0.047696717,WAIT,0.0
"('BOMBING', 'HERE', 2, 'UNAVAILABLE', 'UNNECESSARY', 'RIGHT')",BOMBING,HERE,2,UNAVAILABLE,UNNECESSARY,RIGHT,-0.012066215,0.96918255,-0.059657257,0.0,0.0,-0.101,RIGHT,0.96918255
"('COIN', 'DOWN', 13, 'UNAVAILABLE', 'UNNECESSARY', 'UP')",COIN,DOWN,13,UNAVAILABLE,UNNECESSARY,UP,-0.0032860064,-0.04928667,1.223449,0.17017809,0.0,-0.101,DOWN,1.223449
"('COIN', 'UP', 13, 'GOOD_HIGH', 'UNNECESSARY', 'WAIT')",COIN,UP,13,GOOD_HIGH,UNNECESSARY,WAIT,0.7173679,0.0,0.0,0.0,0.0,0.0,UP,0.7173679
"('BOMBING', 'RIGHT', 15, 'UNAVAILABLE', 'UNNECESSARY', 'BOMB')",BOMBING,RIGHT,15,UNAVAILABLE,UNNECESSARY,BOMB,-0.017183658,0.0,0.0,0.25783688,0.0,-0.09646431,LEFT,0.25783688
"('BOMBING', 'DOWN', 13, 'GOOD_LOW', 'UNNECESSARY', 'UP')",BOMBING,DOWN,13,GOOD_LOW,UNNECESSARY,UP,0.0,0.0,0.43749875,0.0,0.0,0.0,DOWN,0.43749875
"('BOMBING', 'UP', 5, 'UNAVAILABLE', 'UNNECESSARY', 'RIGHT')",BOMBING,UP,5,UNAVAILABLE,UNNECESSARY,RIGHT,1.0194669,0.0,0.0,0.0,0.0,0.0,UP,1.0194669
"('ESCAPE', 'UP', 11, 'UNAVAILABLE', 'UNSAFE', 'UP')",ESCAPE,UP,11,UNAVAILABLE,UNSAFE,UP,-0.035075188,1.4263942,-3.1737099,-0.9422659,-3.09271,-1.201,RIGHT,1.4263942
"('COIN', 'LEFT', 0, 'UNSAFE', 'NECESSARY', 'RIGHT')",COIN,LEFT,0,UNSAFE,NECESSARY,RIGHT,0.0,-0.04440162,-0.101,-0.501,0.3832091,-0.46073365,WAIT,0.3832091
"('BOMBING', 'RIGHT', 15, 'UNAVAILABLE', 'UNNECESSARY', 'UP')",BOMBING,RIGHT,15,UNAVAILABLE,UNNECESSARY,UP,0.10695452,1.0567064,0.0,0.0,-0.051,0.40518928,RIGHT,1.0567064
"('BOMBING', 'UP', 15, 'GOOD_LOW', 'UNNECESSARY', 'LEFT')",BOMBING,UP,15,GOOD_LOW,UNNECESSARY,LEFT,0.0,0.033184487,0.0,0.055334833,-0.04578775,1.1881876,BOMB,1.1881876
"('BOMBING', 'UP', 15, 'USELESS', 'UNNECESSARY', 'UP')",BOMBING,UP,15,USELESS,UNNECESSARY,UP,1.0518103,0.33744854,0.12611657,0.40236482,-0.02456917,-0.13274756,UP,1.0518103
"('BOMBING', 'LEFT', 15, 'USELESS', 'UNNECESSARY', 'WAIT')",BOMBING,LEFT,15,USELESS,UNNECESSARY,WAIT,0.0,-0.0028373324,0.3134121,0.0,-0.051,-0.13234803,DOWN,0.3134121
"('BOMBING', 'HERE', 15, 'GOOD_LOW', 'UNNECESSARY', 'DOWN')",BOMBING,HERE,15,GOOD_LOW,UNNECESSARY,DOWN,0.02714826,-0.01604589,0.0,0.096034884,-0.08692469,1.0591544,BOMB,1.0591544
"('ESCAPE', 'UP', 15, 'ATTACK', 'UNNECESSARY', 'LEFT')",ESCAPE,UP,15,ATTACK,UNNECESSARY,LEFT,0.042829193,0.016343812,0.0,0.0,-0.02844447,1.3330748,BOMB,1.3330748
"('ESCAPE', 'LEFT', 8, 'ATTACK', 'UNSAFE', 'RIGHT')",ESCAPE,LEFT,8,ATTACK,UNSAFE,RIGHT,-0.101,-0.012059125,-0.2476199,0.20313056,-0.501,-0.501,LEFT,0.20313056
"('ESCAPE', 'RIGHT', 10, 'GOOD_HIGH', 'UNNECESSARY', 'LEFT')",ESCAPE,RIGHT,10,GOOD_HIGH,UNNECESSARY,LEFT,0.0,0.0,0.0,-0.001,-0.051,1.3617755,BOMB,1.3617755
"('ESCAPE', 'RIGHT', 2, 'GOOD_LOW', 'UNSAFE', 'LEFT')",ESCAPE,RIGHT,2,GOOD_LOW,UNSAFE,LEFT,-0.35633844,-0.001,-0.101,-0.36140323,-0.501,-0.69597894,RIGHT,-0.001
"('BOMBING', 'UP', 7, 'GOOD_HIGH', 'UNNECESSARY', 'BOMB')",BOMBING,UP,7,GOOD_HIGH,UNNECESSARY,BOMB,0.0,0.0,-0.015768785,0.0,0.0,0.0,UP,0.0
"('ESCAPE', 'RIGHT', 15, 'USELESS', 'UNNECESSARY', 'UP')",ESCAPE,RIGHT,15,USELESS,UNNECESSARY,UP,-0.001,-0.0055899997,-0.001171,0.48707998,-0.051,-0.065047085,LEFT,0.48707998
"('COIN', 'LEFT', 2, 'USELESS', 'UNNECESSARY', 'WAIT')",COIN,LEFT,2,USELESS,UNNECESSARY,WAIT,-0.047217567,0.2678715,0.0,-0.501,-0.035227112,-0.087977156,RIGHT,0.2678715
"('BOMBING', 'LEFT', 15, 'USELESS', 'UNNECESSARY', 'RIGHT')",BOMBING,LEFT,15,USELESS,UNNECESSARY,RIGHT,0.08861706,-0.005835904,0.068112604,0.6877721,-0.050915446,-0.084000036,LEFT,0.6877721
"('BOMBING', 'UP', 9, 'USELESS', 'UNNECESSARY', 'BOMB')",BOMBING,UP,9,USELESS,UNNECESSARY,BOMB,0.0,0.0,0.0,0.08959547,0.0,0.0,LEFT,0.08959547
"('COIN', 'DOWN', 14, 'UNAVAILABLE', 'UNNECESSARY', 'RIGHT')",COIN,DOWN,14,UNAVAILABLE,UNNECESSARY,RIGHT,-0.09402777,-0.0067305705,1.4689554,-0.052310072,-0.051,-0.101,DOWN,1.4689554
"('COIN', 'DOWN', 14, 'GOOD_LOW', 'UNNECESSARY', 'RIGHT')",COIN,DOWN,14,GOOD_LOW,UNNECESSARY,RIGHT,0.0,0.0,1.8043952,0.0,0.0,0.0,DOWN,1.8043952
"('COIN', 'UP', 11, 'GOOD_HIGH', 'UNNECESSARY', 'LEFT')",COIN,UP,11,GOOD_HIGH,UNNECESSARY,LEFT,1.6125633,0.043973714,-0.101,0.09306367,-0.049796876,0.111174315,UP,1.6125633
"('BOMBING', 'DOWN', 6, 'UNAVAILABLE', 'UNNECESSARY', 'RIGHT')",BOMBING,DOWN,6,UNAVAILABLE,UNNECESSARY,RIGHT,-0.08769214,0.0,1.0640068,-1.201,-0.04552254,0.0,DOWN,1.0640068
"('BOMBING', 'DOWN', 12, 'ATTACK', 'UNNECESSARY', 'RIGHT')",BOMBING,DOWN,12,ATTACK,UNNECESSARY,RIGHT,0.0,0.0,0.33757672,0.0,0.0,0.0,DOWN,0.33757672
"('BOMBING', 'HERE', 15, 'UNAVAILABLE', 'UNNECESSARY', 'UP')",BOMBING,HERE,15,UNAVAILABLE,UNNECESSARY,UP,0.0,0.11432307,-0.037297297,0.7303867,0.0,-0.101,LEFT,0.7303867
"('COIN', 'UP', 15, 'UNAVAILABLE', 'UNNECESSARY', 'LEFT')",COIN,UP,15,UNAVAILABLE,UNNECESSARY,LEFT,0.35051936,0.13078855,0.9631036,0.16737096,-0.032093048,-0.1919,DOWN,0.9631036
"('COIN', 'UP', 15, 'GOOD_LOW', 'UNNECESSARY', 'BOMB')",COIN,UP,15,GOOD_LOW,UNNECESSARY,BOMB,0.0,0.019663392,0.0,0.0,0.0,0.0,RIGHT,0.019663392
"('COIN', 'DOWN', 15, 'ATTACK', 'UNNECESSARY', 'RIGHT')",COIN,DOWN,15,ATTACK,UNNECESSARY,RIGHT,0.0,0.0,1.6283022,0.0,-0.051,0.0,DOWN,1.6283022
"('BOMBING', 'DOWN', 15, 'UNAVAILABLE', 'UNNECESSARY', 'RIGHT')",BOMBING,DOWN,15,UNAVAILABLE,UNNECESSARY,RIGHT,0.15601768,0.84157103,0.10110277,0.053931873,0.0,-0.101,RIGHT,0.84157103
"('BOMBING', 'DOWN', 14, 'ATTACK', 'UNNECESSARY', 'LEFT')",BOMBING,DOWN,14,ATTACK,UNNECESSARY,LEFT,0.0,-0.036,0.10103813,0.06202603,0.0,1.1591505,BOMB,1.1591505
"('ESCAPE', 'RIGHT', 2, 'ATTACK', 'UNNECESSARY', 'LEFT')",ESCAPE,RIGHT,2,ATTACK,UNNECESSARY,LEFT,-0.19162747,-0.307981,-0.19115496,-0.1790039,-0.13557981,-0.12260148,BOMB,-0.12260148
"('ESCAPE', 'UP', 5, 'ATTACK', 'UNNECESSARY', 'LEFT')",ESCAPE,UP,5,ATTACK,UNNECESSARY,LEFT,-0.001,0.0,-0.001,-0.101,-0.051,0.670403,BOMB,0.670403
"('BOMBING', 'DOWN', 4, 'USELESS', 'UNNECESSARY', 'DOWN')",BOMBING,DOWN,4,USELESS,UNNECESSARY,DOWN,-0.501,-0.15282638,0.8713729,-0.101,-0.03905618,0.0,DOWN,0.8713729
"('COIN', 'UP', 7, 'GOOD_HIGH', 'UNNECESSARY', 'UP')",COIN,UP,7,GOOD_HIGH,UNNECESSARY,UP,1.8124363,0.097509615,0.0,0.025546642,-0.08096649,0.0,UP,1.8124363
"('COIN', 'UP', 7, 'GOOD_HIGH', 'UNNECESSARY', 'WAIT')",COIN,UP,7,GOOD_HIGH,UNNECESSARY,WAIT,0.0,0.2679746,0.0,0.0,-0.051,0.0,RIGHT,0.2679746
"('BOMBING', 'RIGHT', 7, 'GOOD_HIGH', 'UNNECESSARY', 'UP')",BOMBING,RIGHT,7,GOOD_HIGH,UNNECESSARY,UP,0.12758926,1.168936,0.0,0.0,-0.046431355,0.0,RIGHT,1.168936
"('COIN', 'UP', 15, 'UNAVAILABLE', 'UNNECESSARY', 'BOMB')",COIN,UP,15,UNAVAILABLE,UNNECESSARY,BOMB,0.53481555,0.0,0.0,0.0,0.0,0.0,UP,0.53481555
"('COIN', 'UP', 15, 'USELESS', 'UNNECESSARY', 'DOWN')",COIN,UP,15,USELESS,UNNECESSARY,DOWN,0.0843257,-0.014668367,0.04891007,1.201888,-0.025171066,-0.072985366,LEFT,1.201888
"('COIN', 'LEFT', 11, 'UNAVAILABLE', 'UNNECESSARY', 'RIGHT')",COIN,LEFT,11,UNAVAILABLE,UNNECESSARY,RIGHT,1.0088898,-0.012216843,0.0,0.25841835,-0.051,-0.101,UP,1.0088898
"('COIN', 'LEFT', 11, 'GOOD_HIGH', 'UNNECESSARY', 'LEFT')",COIN,LEFT,11,GOOD_HIGH,UNNECESSARY,LEFT,0.0,0.0,0.0,0.0,-0.051,1.1385559,BOMB,1.1385559
"('COIN', 'LEFT', 11, 'GOOD_HIGH', 'UNNECESSARY', 'WAIT')",COIN,LEFT,11,GOOD_HIGH,UNNECESSARY,WAIT,0.0,0.0,-0.10029492,0.0,0.0,0.0,UP,0.0
"('ESCAPE', 'RIGHT', 10, 'ATTACK', 'UNNECESSARY', 'LEFT')",ESCAPE,RIGHT,10,ATTACK,UNNECESSARY,LEFT,-0.1919,-0.10192739,-0.12864895,0.7337088,-0.033691783,0.0,LEFT,0.7337088
"('COIN', 'LEFT', 15, 'USELESS', 'UNNECESSARY', 'BOMB')",COIN,LEFT,15,USELESS,UNNECESSARY,BOMB,0.0,-0.01595216,0.058883764,0.0,-0.051,0.0,DOWN,0.058883764
"('COIN', 'LEFT', 13, 'UNAVAILABLE', 'UNNECESSARY', 'LEFT')",COIN,LEFT,13,UNAVAILABLE,UNNECESSARY,LEFT,0.6585641,-1.201,0.0,0.0,0.0,0.0,UP,0.6585641
"('COIN', 'LEFT', 12, 'UNAVAILABLE', 'UNNECESSARY', 'RIGHT')",COIN,LEFT,12,UNAVAILABLE,UNNECESSARY,RIGHT,0.0,-0.09824117,0.0,1.2224414,0.0,-0.101,LEFT,1.2224414
"('ESCAPE', 'RIGHT', 11, 'USELESS', 'UNNECESSARY', 'UP')",ESCAPE,RIGHT,11,USELESS,UNNECESSARY,UP,-0.0019,-0.001,-0.063639104,0.89224935,-0.09275967,-0.07003323,LEFT,0.89224935
"('COIN', 'LEFT', 2, 'GOOD_LOW', 'UNNECESSARY', 'RIGHT')",COIN,LEFT,2,GOOD_LOW,UNNECESSARY,RIGHT,-0.101,0.27913284,-0.101,0.0,-0.051,0.0,RIGHT,0.27913284
"('BOMBING', 'LEFT', 2, 'GOOD_LOW', 'UNNECESSARY', 'UP')",BOMBING,LEFT,2,GOOD_LOW,UNNECESSARY,UP,-0.101,0.0,0.0,0.0,0.0,0.0,RIGHT,0.0
"('ESCAPE', 'UP', 5, 'GOOD_HIGH', 'UNSAFE', 'DOWN')",ESCAPE,UP,5,GOOD_HIGH,UNSAFE,DOWN,0.4842606,-0.601,-0.001,0.0,0.0,-0.501,UP,0.4842606
"('BOMBING', 'UP', 4, 'ATTACK', 'UNNECESSARY', 'DOWN')",BOMBING,UP,4,ATTACK,UNNECESSARY,DOWN,0.0,0.0,-0.011,0.0,0.0,0.58233637,BOMB,0.58233637
"('BOMBING', 'DOWN', 7, 'ATTACK', 'UNNECESSARY', 'DOWN')",BOMBING,DOWN,7,ATTACK,UNNECESSARY,DOWN,0.0,0.0,0.0,-0.101,-0.051,1.2241563,BOMB,1.2241563
"('BOMBING', 'DOWN', 7, 'ATTACK', 'UNNECESSARY', 'LEFT')",BOMBING,DOWN,7,ATTACK,UNNECESSARY,LEFT,-0.01109,-0.025499063,1.0604502,-0.101,0.0,0.09029261,DOWN,1.0604502
"('ESCAPE', 'UP', 11, 'ATTACK', 'UNNECESSARY', 'RIGHT')",ESCAPE,UP,11,ATTACK,UNNECESSARY,RIGHT,0.44616356,0.0,0.0,0.0,0.0,0.12564543,UP,0.44616356
"('COIN', 'LEFT', 15, 'ATTACK', 'UNNECESSARY', 'UP')",COIN,LEFT,15,ATTACK,UNNECESSARY,UP,-0.016413625,0.0,-0.019952053,0.0,0.0,1.3242532,BOMB,1.3242532
"('COIN', 'DOWN', 4, 'ATTACK', 'UNNECESSARY', 'RIGHT')",COIN,DOWN,4,ATTACK,UNNECESSARY,RIGHT,0.0,0.0,0.0,0.0,0.0,0.46730953,BOMB,0.46730953
"('ESCAPE', 'DOWN', 5, 'UNAVAILABLE', 'UNNECESSARY', 'DOWN')",ESCAPE,DOWN,5,UNAVAILABLE,UNNECESSARY,DOWN,0.0,0.0,0.0,0.21881488,0.0,-0.061781377,LEFT,0.21881488
"('BOMBING', 'UP', 4, 'USELESS', 'UNNECESSARY', 'BOMB')",BOMBING,UP,4,USELESS,UNNECESSARY,BOMB,0.0,-0.09718727,0.046428267,0.0,0.0,0.0,DOWN,0.046428267
"('BOMBING', 'UP', 15, 'GOOD_LOW', 'UNNECESSARY', 'UP')",BOMBING,UP,15,GOOD_LOW,UNNECESSARY,UP,1.0192151,0.0,0.0,0.0,0.0,0.08721347,UP,1.0192151
"('BOMBING', 'LEFT', 15, 'ATTACK', 'UNNECESSARY', 'UP')",BOMBING,LEFT,15,ATTACK,UNNECESSARY,UP,0.11492562,-0.0185894,0.0,0.0,0.0,1.2242492,BOMB,1.2242492
"('BOMBING', 'LEFT', 14, 'ATTACK', 'UNNECESSARY', 'LEFT')",BOMBING,LEFT,14,ATTACK,UNNECESSARY,LEFT,0.0,-0.04427046,0.09496723,0.95507556,0.0,0.0,LEFT,0.95507556
"('ESCAPE', 'RIGHT', 14, 'ATTACK', 'UNNECESSARY', 'LEFT')",ESCAPE,RIGHT,14,ATTACK,UNNECESSARY,LEFT,0.0,0.6432609,-0.001,0.0,-0.051,0.0,RIGHT,0.6432609
"('ESCAPE', 'RIGHT', 10, 'ATTACK', 'UNNECESSARY', 'WAIT')",ESCAPE,RIGHT,10,ATTACK,UNNECESSARY,WAIT,-0.101,0.0,0.0,0.0,0.0,0.5718144,BOMB,0.5718144
"('ESCAPE', 'RIGHT', 10, 'USELESS', 'UNSAFE', 'UP')",ESCAPE,RIGHT,10,USELESS,UNSAFE,UP,-0.9519,-0.001,-0.501,0.4778035,-0.501,-0.651,LEFT,0.4778035
"('BOMBING', 'LEFT', 8, 'USELESS', 'UNNECESSARY', 'LEFT')",BOMBING,LEFT,8,USELESS,UNNECESSARY,LEFT,-0.0965529,0.0,-0.10432128,1.0218139,0.0,-0.11201945,LEFT,1.0218139
"('BOMBING', 'UP', 15, 'UNAVAILABLE', 'UNNECESSARY', 'DOWN')",BOMBING,UP,15,UNAVAILABLE,UNNECESSARY,DOWN,0.7855713,0.0695131,-0.012626721,0.2452274,-0.051,-0.17410274,UP,0.7855713
"('BOMBING', 'HERE', 10, 'GOOD_HIGH', 'UNNECESSARY', 'BOMB')",BOMBING,HERE,10,GOOD_HIGH,UNNECESSARY,BOMB,0.0,0.0,0.0,0.0,0.0,0.42826498,BOMB,0.42826498
"('BOMBING', 'UP', 15, 'ATTACK', 'UNNECESSARY', 'LEFT')",BOMBING,UP,15,ATTACK,UNNECESSARY,LEFT,0.81951725,0.0,0.0,-0.101,-0.05019,0.096521914,UP,0.81951725
"('BOMBING', 'UP', 11, 'UNAVAILABLE', 'UNNECESSARY', 'BOMB')",BOMBING,UP,11,UNAVAILABLE,UNNECESSARY,BOMB,0.0,0.2700882,0.0,0.0,-0.051,0.0,RIGHT,0.2700882
"('ESCAPE', 'UP', 3, 'ATTACK', 'UNNECESSARY', 'DOWN')",ESCAPE,UP,3,ATTACK,UNNECESSARY,DOWN,0.0,0.0,0.0,-0.101,-0.043163475,0.72810894,BOMB,0.72810894
"('ESCAPE', 'UP', 3, 'ATTACK', 'UNNECESSARY', 'LEFT')",ESCAPE,UP,3,ATTACK,UNNECESSARY,LEFT,0.0,0.0,0.0,-0.101,-0.051,0.8949313,BOMB,0.8949313
"('ESCAPE', 'UP', 1, 'USELESS', 'UNNECESSARY', 'WAIT')",ESCAPE,UP,1,USELESS,UNNECESSARY,WAIT,0.5842555,-0.001,-0.101,-0.101,-0.04257989,-1.9073486e-05,UP,0.5842555
"('BOMBING', 'RIGHT', 3, 'UNAVAILABLE', 'UNNECESSARY', 'WAIT')",BOMBING,RIGHT,3,UNAVAILABLE,UNNECESSARY,WAIT,0.0,0.0,0.0,-0.09139654,-0.051,0.0,UP,0.0
"('COIN', 'RIGHT', 11, 'UNAVAILABLE', 'UNNECESSARY', 'UP')",COIN,RIGHT,11,UNAVAILABLE,UNNECESSARY,UP,1.0207599,0.0,-1.201,0.0,-0.051,-0.101,UP,1.0207599
"('COIN', 'RIGHT', 14, 'USELESS', 'UNNECESSARY', 'UP')",COIN,RIGHT,14,USELESS,UNNECESSARY,UP,-0.101,1.6334598,-0.04322061,0.094461516,-0.08880658,-0.12697878,RIGHT,1.6334598
"('COIN', 'RIGHT', 14, 'USELESS', 'UNNECESSARY', 'WAIT')",COIN,RIGHT,14,USELESS,UNNECESSARY,WAIT,0.0,0.0,0.18340263,-0.014120481,0.0,0.0,DOWN,0.18340263
"('COIN', 'RIGHT', 14, 'USELESS', 'UNNECESSARY', 'RIGHT')",COIN,RIGHT,14,USELESS,UNNECESSARY,RIGHT,0.0,1.4352285,-0.009380834,-0.017905852,0.0,-0.073387414,RIGHT,1.4352285
"('COIN', 'RIGHT', 7, 'GOOD_HIGH', 'UNNECESSARY', 'DOWN')",COIN,RIGHT,7,GOOD_HIGH,UNNECESSARY,DOWN,0.0,1.8817362,-0.017883226,0.0,-0.051,0.0,RIGHT,1.8817362
"('COIN', 'DOWN', 15, 'GOOD_HIGH', 'UNNECESSARY', 'DOWN')",COIN,DOWN,15,GOOD_HIGH,UNNECESSARY,DOWN,0.048281837,0.0,1.9370408,0.0,0.0,0.06956897,DOWN,1.9370408
"('BOMBING', 'DOWN', 5, 'ATTACK', 'UNNECESSARY', 'DOWN')",BOMBING,DOWN,5,ATTACK,UNNECESSARY,DOWN,-0.0344156,-0.0993881,0.86691636,-0.01761943,0.0,0.04266437,DOWN,0.86691636
"('BOMBING', 'RIGHT', 15, 'USELESS', 'UNNECESSARY', 'LEFT')",BOMBING,RIGHT,15,USELESS,UNNECESSARY,LEFT,0.03015833,0.0,0.69200027,-0.01569694,-0.048741072,0.0,DOWN,0.69200027
"('BOMBING', 'HERE', 7, 'GOOD_LOW', 'UNNECESSARY', 'LEFT')",BOMBING,HERE,7,GOOD_LOW,UNNECESSARY,LEFT,0.0,-0.04453885,0.1345185,0.0,0.0,1.1512034,BOMB,1.1512034
"('BOMBING', 'HERE', 5, 'GOOD_LOW', 'UNNECESSARY', 'DOWN')",BOMBING,HERE,5,GOOD_LOW,UNNECESSARY,DOWN,-0.036,-0.101,-0.011,-0.1919,-0.051,1.1863514,BOMB,1.1863514
"('BOMBING', 'HERE', 3, 'GOOD_LOW', 'UNNECESSARY', 'DOWN')",BOMBING,HERE,3,GOOD_LOW,UNNECESSARY,DOWN,0.0,0.6907103,-0.101,-0.101,-0.051,0.0,RIGHT,0.6907103
"('BOMBING', 'HERE', 3, 'GOOD_LOW', 'UNNECESSARY', 'LEFT')",BOMBING,HERE,3,GOOD_LOW,UNNECESSARY,LEFT,-0.011,0.0,0.0,0.0,-0.0969,1.2733055,BOMB,1.2733055
"('BOMBING', 'HERE', 3, 'GOOD_LOW', 'UNNECESSARY', 'WAIT')",BOMBING,HERE,3,GOOD_LOW,UNNECESSARY,WAIT,-0.011,0.0,-0.101,0.003140005,-0.051,0.0,LEFT,0.003140005
"('BOMBING', 'HERE', 5, 'GOOD_LOW', 'UNNECESSARY', 'UP')",BOMBING,HERE,5,GOOD_LOW,UNNECESSARY,UP,0.04489771,0.0,-0.036,-0.101,-0.051,1.323231,BOMB,1.323231
"('BOMBING', 'HERE', 5, 'GOOD_LOW', 'UNNECESSARY', 'WAIT')",BOMBING,HERE,5,GOOD_LOW,UNNECESSARY,WAIT,0.0,-0.094093874,0.021131717,0.0,-0.051,0.0,DOWN,0.021131717
"('BOMBING', 'HERE', 15, 'GOOD_LOW', 'UNNECESSARY', 'RIGHT')",BOMBING,HERE,15,GOOD_LOW,UNNECESSARY,RIGHT,0.037976857,-0.011,0.09386388,-0.042181917,0.0,1.1301157,BOMB,1.1301157
"('BOMBING', 'HERE', 10, 'GOOD_LOW', 'UNNECESSARY', 'RIGHT')",BOMBING,HERE,10,GOOD_LOW,UNNECESSARY,RIGHT,0.0,0.051075418,-0.101,0.08158648,-0.051,1.0092958,BOMB,1.0092958
"('BOMBING', 'HERE', 13, 'GOOD_LOW', 'UNNECESSARY', 'RIGHT')",BOMBING,HERE,13,GOOD_LOW,UNNECESSARY,RIGHT,0.0,0.0,0.0,-0.036,0.0,1.2457515,BOMB,1.2457515
"('BOMBING', 'HERE', 10, 'GOOD_LOW', 'UNNECESSARY', 'LEFT')",BOMBING,HERE,10,GOOD_LOW,UNNECESSARY,LEFT,0.0,-0.036,-0.101,0.8171624,-0.051,0.25821507,LEFT,0.8171624
"('BOMBING', 'HERE', 10, 'GOOD_LOW', 'UNNECESSARY', 'WAIT')",BOMBING,HERE,10,GOOD_LOW,UNNECESSARY,WAIT,-0.101,-0.011,-0.101,0.0,0.0,0.0,LEFT,0.0
"('BOMBING', 'RIGHT', 15, 'UNAVAILABLE', 'UNNECESSARY', 'RIGHT')",BOMBING,RIGHT,15,UNAVAILABLE,UNNECESSARY,RIGHT,-0.014677016,0.99634665,0.24083932,-0.044181492,-0.051,0.0,RIGHT,0.99634665
"('BOMBING', 'RIGHT', 14, 'USELESS', 'UNNECESSARY', 'UP')",BOMBING,RIGHT,14,USELESS,UNNECESSARY,UP,0.0,1.0201079,-0.034079842,0.055602435,-0.051,0.0,RIGHT,1.0201079
"('BOMBING', 'HERE', 10, 'GOOD_LOW', 'UNNECESSARY', 'DOWN')",BOMBING,HERE,10,GOOD_LOW,UNNECESSARY,DOWN,0.0,-0.019639,0.0,-0.005984344,0.0,0.0,UP,0.0
"('BOMBING', 'HERE', 10, 'ATTACK', 'UNNECESSARY', 'DOWN')",BOMBING,HERE,10,ATTACK,UNNECESSARY,DOWN,-0.101,0.0,0.0,0.0,0.0,0.6136192,BOMB,0.6136192
"('BOMBING', 'HERE', 2, 'ATTACK', 'UNNECESSARY', 'UP')",BOMBING,HERE,2,ATTACK,UNNECESSARY,UP,0.0,0.07816957,0.0,0.0,-0.051,-0.21956073,RIGHT,0.07816957
"('ESCAPE', 'RIGHT', 2, 'ATTACK', 'UNNECESSARY', 'WAIT')",ESCAPE,RIGHT,2,ATTACK,UNNECESSARY,WAIT,-0.09289982,0.0,0.0,-0.2006283,-0.051,1.1366872,BOMB,1.1366872
"('ESCAPE', 'RIGHT', 2, 'ATTACK', 'UNSAFE', 'LEFT')",ESCAPE,RIGHT,2,ATTACK,UNSAFE,LEFT,-1.12371,-0.27006054,-0.49271467,-0.7910205,-0.33155322,-0.501,RIGHT,-0.27006054
"('BOMBING', 'HERE', 3, 'UNAVAILABLE', 'UNNECESSARY', 'DOWN')",BOMBING,HERE,3,UNAVAILABLE,UNNECESSARY,DOWN,0.0,1.2636418,-0.037325844,0.0,0.0,0.0,RIGHT,1.2636418
"('BOMBING', 'DOWN', 4, 'UNSAFE', 'UNNECESSARY', 'RIGHT')",BOMBING,DOWN,4,UNSAFE,UNNECESSARY,RIGHT,-0.101,0.0,0.0,-0.09506847,0.0,0.0,RIGHT,0.0
"('BOMBING', 'DOWN', 4, 'UNSAFE', 'UNNECESSARY', 'UP')",BOMBING,DOWN,4,UNSAFE,UNNECESSARY,UP,0.0,-0.101,-0.28866062,0.0,0.0,0.0,UP,0.0
"('COIN', 'LEFT', 3, 'UNAVAILABLE', 'UNNECESSARY', 'RIGHT')",COIN,LEFT,3,UNAVAILABLE,UNNECESSARY,RIGHT,0.0,1.0597056,-0.09774483,-1.201,-0.0969,0.0,RIGHT,1.0597056
"('COIN', 'LEFT', 2, 'USELESS', 'UNNECESSARY', 'DOWN')",COIN,LEFT,2,USELESS,UNNECESSARY,DOWN,0.0,0.0,0.0,0.0,-0.049375635,-0.04244675,UP,0.0
"('COIN', 'UP', 11, 'USELESS', 'UNNECESSARY', 'WAIT')",COIN,UP,11,USELESS,UNNECESSARY,WAIT,0.768914,0.0,-0.094928846,0.0,0.0,-0.10656222,UP,0.768914
"('BOMBING', 'UP', 4, 'USELESS', 'UNNECESSARY', 'UP')",BOMBING,UP,4,USELESS,UNNECESSARY,UP,-0.501,-0.096758544,0.2876927,-0.08968643,-0.077696174,-0.08952078,DOWN,0.2876927
"('COIN', 'RIGHT', 0, 'UNAVAILABLE', 'NECESSARY', 'RIGHT')",COIN,RIGHT,0,UNAVAILABLE,NECESSARY,RIGHT,-0.09499236,-0.501,-0.0148240775,-1.201,1.4603431,-0.07433699,WAIT,1.4603431
"('COIN', 'LEFT', 13, 'GOOD_HIGH', 'UNNECESSARY', 'DOWN')",COIN,LEFT,13,GOOD_HIGH,UNNECESSARY,DOWN,0.0,-0.1267611,0.9513241,0.14885452,-0.09364367,0.0,DOWN,0.9513241
"('BOMBING', 'LEFT', 15, 'UNAVAILABLE', 'UNNECESSARY', 'RIGHT')",BOMBING,LEFT,15,UNAVAILABLE,UNNECESSARY,RIGHT,-0.017633276,0.0,0.0,0.97312,-0.051,0.0,LEFT,0.97312
"('BOMBING', 'LEFT', 13, 'UNAVAILABLE', 'UNNECESSARY', 'RIGHT')",BOMBING,LEFT,13,UNAVAILABLE,UNNECESSARY,RIGHT,0.0,-0.101,-0.008824533,0.67690957,-0.047656402,-0.101,LEFT,0.67690957
"('BOMBING', 'UP', 15, 'UNAVAILABLE', 'UNNECESSARY', 'LEFT')",BOMBING,UP,15,UNAVAILABLE,UNNECESSARY,LEFT,0.20180959,0.12640809,0.82353526,0.0,-0.018740173,-0.101,DOWN,0.82353526
"('BOMBING', 'UP', 15, 'USELESS', 'UNNECESSARY', 'BOMB')",BOMBING,UP,15,USELESS,UNNECESSARY,BOMB,0.25318885,0.0,0.0,0.0,0.0,0.0,UP,0.25318885
"('BOMBING', 'UP', 13, 'UNAVAILABLE', 'UNNECESSARY', 'DOWN')",BOMBING,UP,13,UNAVAILABLE,UNNECESSARY,DOWN,0.0,0.0,0.0,0.8126269,0.0,0.0,LEFT,0.8126269
"('COIN', 'UP', 15, 'UNAVAILABLE', 'UNNECESSARY', 'DOWN')",COIN,UP,15,UNAVAILABLE,UNNECESSARY,DOWN,0.33922207,0.88932484,0.16103664,0.0,-0.025312511,-0.36442146,RIGHT,0.88932484
"('COIN', 'UP', 15, 'ATTACK', 'UNNECESSARY', 'RIGHT')",COIN,UP,15,ATTACK,UNNECESSARY,RIGHT,0.0,0.097981766,0.08353988,0.0,0.0,1.2076114,BOMB,1.2076114
"('COIN', 'UP', 15, 'GOOD_LOW', 'UNNECESSARY', 'DOWN')",COIN,UP,15,GOOD_LOW,UNNECESSARY,DOWN,1.1921688,0.0,0.0,0.0,0.0,0.0,UP,1.1921688
"('COIN', 'UP', 7, 'GOOD_LOW', 'UNNECESSARY', 'UP')",COIN,UP,7,GOOD_LOW,UNNECESSARY,UP,0.0,0.0,-0.0429229,0.0,0.0,1.2484224,BOMB,1.2484224
"('COIN', 'UP', 15, 'ATTACK', 'UNNECESSARY', 'DOWN')",COIN,UP,15,ATTACK,UNNECESSARY,DOWN,1.0925308,0.0,-0.017981859,0.0,0.0,-0.00084964675,UP,1.0925308
"('COIN', 'RIGHT', 7, 'UNAVAILABLE', 'UNNECESSARY', 'LEFT')",COIN,RIGHT,7,UNAVAILABLE,UNNECESSARY,LEFT,-0.006186574,0.26058006,1.1871655,-0.06410879,0.0,-0.101,DOWN,1.1871655
"('COIN', 'RIGHT', 7, 'GOOD_LOW', 'UNNECESSARY', 'DOWN')",COIN,RIGHT,7,GOOD_LOW,UNNECESSARY,DOWN,0.0,1.7678312,0.0,0.0,0.0,0.0,RIGHT,1.7678312
"('COIN', 'UP', 13, 'ATTACK', 'UNNECESSARY', 'DOWN')",COIN,UP,13,ATTACK,UNNECESSARY,DOWN,0.13800117,-0.09667942,-0.0149367,0.0,0.0,1.213667,BOMB,1.213667
"('COIN', 'UP', 2, 'UNAVAILABLE', 'UNNECESSARY', 'DOWN')",COIN,UP,2,UNAVAILABLE,UNNECESSARY,DOWN,-1.201,1.0274179,-0.101,0.0,0.0,0.0,RIGHT,1.0274179
"('COIN', 'UP', 1, 'UNAVAILABLE', 'UNNECESSARY', 'LEFT')",COIN,UP,1,UNAVAILABLE,UNNECESSARY,LEFT,1.1772892,-0.09117591,-0.08495206,-0.101,-0.0488049,0.0,UP,1.1772892
"('BOMBING', 'HERE', 10, 'ATTACK', 'UNNECESSARY', 'RIGHT')",BOMBING,HERE,10,ATTACK,UNNECESSARY,RIGHT,0.0,0.0,-0.046482235,0.0,0.0,1.2304877,BOMB,1.2304877
"('BOMBING', 'DOWN', 13, 'UNAVAILABLE', 'UNNECESSARY', 'BOMB')",BOMBING,DOWN,13,UNAVAILABLE,UNNECESSARY,BOMB,0.0,0.0,0.12591639,0.0,0.0,0.0,DOWN,0.12591639
"('BOMBING', 'LEFT', 15, 'GOOD_LOW', 'UNNECESSARY', 'UP')",BOMBING,LEFT,15,GOOD_LOW,UNNECESSARY,UP,0.6383484,0.0,0.050355908,0.0,-0.021261334,0.10450259,UP,0.6383484
"('BOMBING', 'UP', 13, 'UNAVAILABLE', 'UNNECESSARY', 'RIGHT')",BOMBING,UP,13,UNAVAILABLE,UNNECESSARY,RIGHT,0.0,-0.083151236,0.5949471,0.0,0.0,-0.100532696,DOWN,0.5949471
"('BOMBING', 'UP', 13, 'USELESS', 'UNNECESSARY', 'RIGHT')",BOMBING,UP,13,USELESS,UNNECESSARY,RIGHT,1.0100546,0.0,0.0,0.0,-0.051,0.0,UP,1.0100546
"('BOMBING', 'UP', 13, 'USELESS', 'UNNECESSARY', 'WAIT')",BOMBING,UP,13,USELESS,UNNECESSARY,WAIT,0.0,0.0,0.0,-0.01595216,0.0,0.0,UP,0.0
"('BOMBING', 'LEFT', 15, 'GOOD_LOW', 'UNNECESSARY', 'WAIT')",BOMBING,LEFT,15,GOOD_LOW,UNNECESSARY,WAIT,0.0,0.0,-0.009136799,0.0,0.0,0.0,UP,0.0
"('BOMBING', 'UP', 1, 'ATTACK', 'UNNECESSARY', 'RIGHT')",BOMBING,UP,1,ATTACK,UNNECESSARY,RIGHT,0.0,0.0,-0.501,-0.09761941,-0.006941274,0.14757103,BOMB,0.14757103
"('COIN', 'DOWN', 0, 'UNAVAILABLE', 'NECESSARY', 'WAIT')",COIN,DOWN,0,UNAVAILABLE,NECESSARY,WAIT,-0.101,-0.091511875,-3.25471,-0.101,1.3145623,-0.0816716,WAIT,1.3145623
"('COIN', 'DOWN', 15, 'UNAVAILABLE', 'UNNECESSARY', 'UP')",COIN,DOWN,15,UNAVAILABLE,UNNECESSARY,UP,0.0,-0.01596386,-0.003916282,1.2115016,-0.03121119,0.0,LEFT,1.2115016
"('ESCAPE', 'DOWN', 5, 'ATTACK', 'UNNECESSARY', 'UP')",ESCAPE,DOWN,5,ATTACK,UNNECESSARY,UP,0.0,0.0,0.59790796,-0.1919,0.0,0.0,DOWN,0.59790796
"('ESCAPE', 'DOWN', 5, 'GOOD_LOW', 'UNNECESSARY', 'LEFT')",ESCAPE,DOWN,5,GOOD_LOW,UNNECESSARY,LEFT,0.0,0.0,0.032138854,0.0,0.0,0.0,DOWN,0.032138854
"('COIN', 'UP', 9, 'USELESS', 'UNNECESSARY', 'BOMB')",COIN,UP,9,USELESS,UNNECESSARY,BOMB,0.0,0.0,0.0,0.0,0.0,-0.10979051,UP,0.0
"('BOMBING', 'RIGHT', 3, 'UNSAFE', 'UNNECESSARY', 'DOWN')",BOMBING,RIGHT,3,UNSAFE,UNNECESSARY,DOWN,-0.0065876604,-0.0075660767,-0.101,-0.071010426,0.0,-0.8155287,WAIT,0.0
"('BOMBING', 'LEFT', 15, 'GOOD_HIGH', 'UNNECESSARY', 'DOWN')",BOMBING,LEFT,15,GOOD_HIGH,UNNECESSARY,DOWN,0.0,-0.020003047,0.0,0.0,-0.049336113,1.1264473,BOMB,1.1264473
"('COIN', 'UP', 0, 'UNAVAILABLE', 'NECESSARY', 'BOMB')",COIN,UP,0,UNAVAILABLE,NECESSARY,BOMB,0.0,0.0,-0.010326958,-0.101,0.662816,-0.101,WAIT,0.662816
"('BOMBING', 'RIGHT', 15, 'UNAVAILABLE', 'UNNECESSARY', 'DOWN')",BOMBING,RIGHT,15,UNAVAILABLE,UNNECESSARY,DOWN,0.013678152,1.0167456,0.11110157,0.049853332,0.0,-0.101,RIGHT,1.0167456
"('BOMBING', 'DOWN', 11, 'UNAVAILABLE', 'UNNECESSARY', 'UP')",BOMBING,DOWN,11,UNAVAILABLE,UNNECESSARY,UP,0.09129943,0.7948264,-1.201,0.0,-0.051,-0.101,RIGHT,0.7948264
"('BOMBING', 'DOWN', 6, 'GOOD_HIGH', 'UNNECESSARY', 'BOMB')",BOMBING,DOWN,6,GOOD_HIGH,UNNECESSARY,BOMB,0.0,0.0,0.0,0.0,0.0,0.052635472,BOMB,0.052635472
"('COIN', 'DOWN', 4, 'GOOD_LOW', 'UNNECESSARY', 'WAIT')",COIN,DOWN,4,GOOD_LOW,UNNECESSARY,WAIT,0.0,-0.101,0.0,0.0,0.0,0.28578722,BOMB,0.28578722
"('COIN', 'DOWN', 4, 'GOOD_LOW', 'UNNECESSARY', 'RIGHT')",COIN,DOWN,4,GOOD_LOW,UNNECESSARY,RIGHT,0.0,-0.101,0.17717928,-0.101,0.0,0.0,DOWN,0.17717928
"('COIN', 'DOWN', 4, 'GOOD_LOW', 'UNNECESSARY', 'LEFT')",COIN,DOWN,4,GOOD_LOW,UNNECESSARY,LEFT,0.0,0.0,0.16257134,0.0,0.0,0.0,DOWN,0.16257134
"('ESCAPE', 'DOWN', 4, 'ATTACK', 'UNNECESSARY', 'RIGHT')",ESCAPE,DOWN,4,ATTACK,UNNECESSARY,RIGHT,0.0,-0.101,-0.001,0.0,0.0,1.3598689,BOMB,1.3598689
"('ESCAPE', 'LEFT', 13, 'GOOD_HIGH', 'UNNECESSARY', 'DOWN')",ESCAPE,LEFT,13,GOOD_HIGH,UNNECESSARY,DOWN,-0.001,0.0,0.0,0.0,0.0,0.0,RIGHT,0.0
"('ESCAPE', 'DOWN', 4, 'USELESS', 'UNSAFE', 'UP')",ESCAPE,DOWN,4,USELESS,UNSAFE,UP,-0.501,-0.39055297,0.12550274,-0.601,-0.501,-0.45668054,DOWN,0.12550274
"('BOMBING', 'HERE', 2, 'GOOD_HIGH', 'UNNECESSARY', 'BOMB')",BOMBING,HERE,2,GOOD_HIGH,UNNECESSARY,BOMB,0.0,0.0,0.0,0.0,-0.03871539,0.0,UP,0.0
"('COIN', 'UP', 11, 'UNAVAILABLE', 'UNNECESSARY', 'DOWN')",COIN,UP,11,UNAVAILABLE,UNNECESSARY,DOWN,-0.0014517788,0.92829114,0.0,-0.04151196,-0.045839056,-0.21551728,RIGHT,0.92829114
"('COIN', 'LEFT', 14, 'GOOD_LOW', 'UNNECESSARY', 'UP')",COIN,LEFT,14,GOOD_LOW,UNNECESSARY,UP,0.0,-0.01626311,-0.03482098,1.9358629,-0.051,0.0,LEFT,1.9358629
"('COIN', 'LEFT', 12, 'USELESS', 'UNNECESSARY', 'RIGHT')",COIN,LEFT,12,USELESS,UNNECESSARY,RIGHT,0.0,0.0,0.0,0.811092,0.0,0.0,LEFT,0.811092
"('COIN', 'LEFT', 14, 'GOOD_LOW', 'UNNECESSARY', 'LEFT')",COIN,LEFT,14,GOOD_LOW,UNNECESSARY,LEFT,0.0,-0.0417268,0.0,0.0,0.0,1.2554777,BOMB,1.2554777
"('COIN', 'LEFT', 14, 'UNAVAILABLE', 'UNNECESSARY', 'RIGHT')",COIN,LEFT,14,UNAVAILABLE,UNNECESSARY,RIGHT,0.019724607,-0.001636629,-0.017401474,1.2155517,-0.0683155,-0.101,LEFT,1.2155517
"('BOMBING', 'RIGHT', 14, 'GOOD_LOW', 'UNNECESSARY', 'LEFT')",BOMBING,RIGHT,14,GOOD_LOW,UNNECESSARY,LEFT,0.0,0.0,0.33506483,0.0,0.0,0.0,DOWN,0.33506483
"('ESCAPE', 'RIGHT', 7, 'ATTACK', 'UNNECESSARY', 'UP')",ESCAPE,RIGHT,7,ATTACK,UNNECESSARY,UP,0.0,0.5586231,0.0,0.0,0.0,0.0,RIGHT,0.5586231
"('COIN', 'DOWN', 14, 'GOOD_LOW', 'UNNECESSARY', 'LEFT')",COIN,DOWN,14,GOOD_LOW,UNNECESSARY,LEFT,0.0,-0.079830386,1.6953356,0.0,0.0,0.0,DOWN,1.6953356
"('COIN', 'LEFT', 9, 'UNAVAILABLE', 'UNNECESSARY', 'UP')",COIN,LEFT,9,UNAVAILABLE,UNNECESSARY,UP,0.8365272,0.0,0.0,0.0,-0.051,-0.101,UP,0.8365272
"('ESCAPE', 'UP', 15, 'UNAVAILABLE', 'UNNECESSARY', 'UP')",ESCAPE,UP,15,UNAVAILABLE,UNNECESSARY,UP,0.083733544,0.0,0.0,0.73127264,0.0,0.0,LEFT,0.73127264
"('COIN', 'DOWN', 1, 'USELESS', 'UNNECESSARY', 'DOWN')",COIN,DOWN,1,USELESS,UNNECESSARY,DOWN,0.5320838,-0.101,-0.501,-0.09650908,-0.051,-0.04897952,UP,0.5320838
"('BOMBING', 'UP', 5, 'ATTACK', 'UNNECESSARY', 'WAIT')",BOMBING,UP,5,ATTACK,UNNECESSARY,WAIT,0.0,0.0,-0.011,0.0,-0.027390905,0.7930283,BOMB,0.7930283
"('BOMBING', 'UP', 0, 'UNAVAILABLE', 'NECESSARY', 'LEFT')",BOMBING,UP,0,UNAVAILABLE,NECESSARY,LEFT,0.0,0.0,-0.501,0.0,0.0,-0.101,UP,0.0
"('ESCAPE', 'UP', 9, 'UNAVAILABLE', 'UNNECESSARY', 'DOWN')",ESCAPE,UP,9,UNAVAILABLE,UNNECESSARY,DOWN,0.9052973,0.0,0.0,0.0,0.0,0.0,UP,0.9052973
"('BOMBING', 'UP', 4, 'UNAVAILABLE', 'UNNECESSARY', 'UP')",BOMBING,UP,4,UNAVAILABLE,UNNECESSARY,UP,0.0,0.0,0.44481233,0.0,0.0,0.0,DOWN,0.44481233
"('BOMBING', 'DOWN', 1, 'GOOD_HIGH', 'UNNECESSARY', 'UP')",BOMBING,DOWN,1,GOOD_HIGH,UNNECESSARY,UP,0.0,0.0,0.0,0.0,0.0,0.058401667,BOMB,0.058401667
"('BOMBING', 'DOWN', 1, 'GOOD_HIGH', 'UNNECESSARY', 'DOWN')",BOMBING,DOWN,1,GOOD_HIGH,UNNECESSARY,DOWN,-0.015693963,0.0,0.0,0.0,0.0,0.17086537,BOMB,0.17086537
"('COIN', 'LEFT', 10, 'ATTACK', 'UNNECESSARY', 'LEFT')",COIN,LEFT,10,ATTACK,UNNECESSARY,LEFT,-0.25902674,0.0,-0.1919,1.2709093,-0.051,0.0,LEFT,1.2709093
"('COIN', 'LEFT', 10, 'ATTACK', 'UNNECESSARY', 'WAIT')",COIN,LEFT,10,ATTACK,UNNECESSARY,WAIT,-0.097872935,-0.055857535,0.0,0.0,0.0,0.76167303,BOMB,0.76167303
"('ESCAPE', 'UP', 11, 'UNAVAILABLE', 'UNNECESSARY', 'RIGHT')",ESCAPE,UP,11,UNAVAILABLE,UNNECESSARY,RIGHT,0.0,0.44912076,0.0,-0.001,0.0,0.0,RIGHT,0.44912076
"('BOMBING', 'UP', 3, 'UNAVAILABLE', 'UNNECESSARY', 'UP')",BOMBING,UP,3,UNAVAILABLE,UNNECESSARY,UP,0.8741429,0.0,0.0,-0.08478296,0.0,-0.101,UP,0.8741429
"('COIN', 'UP', 3, 'USELESS', 'UNNECESSARY', 'WAIT')",COIN,UP,3,USELESS,UNNECESSARY,WAIT,0.0,-0.0015990203,-0.061753836,0.0,0.0,0.0,UP,0.0
"('BOMBING', 'HERE', 14, 'UNAVAILABLE', 'UNNECESSARY', 'UP')",BOMBING,HERE,14,UNAVAILABLE,UNNECESSARY,UP,0.0,0.83281225,0.0,0.0,0.0,0.0,RIGHT,0.83281225
"('BOMBING', 'HERE', 15, 'GOOD_HIGH', 'UNNECESSARY', 'RIGHT')",BOMBING,HERE,15,GOOD_HIGH,UNNECESSARY,RIGHT,0.08028011,0.08917982,0.10590009,-0.02238634,0.0,1.2164452,BOMB,1.2164452
"('BOMBING', 'RIGHT', 11, 'USELESS', 'UNNECESSARY', 'WAIT')",BOMBING,RIGHT,11,USELESS,UNNECESSARY,WAIT,0.0,0.0,-0.101,-0.011384993,0.0,-0.12712649,UP,0.0
"('BOMBING', 'RIGHT', 11, 'USELESS', 'UNNECESSARY', 'LEFT')",BOMBING,RIGHT,11,USELESS,UNNECESSARY,LEFT,0.022651473,0.7905569,-0.09369986,0.049673527,-0.051,-0.039172366,RIGHT,0.7905569
"('BOMBING', 'RIGHT', 14, 'ATTACK', 'UNNECESSARY', 'RIGHT')",BOMBING,RIGHT,14,ATTACK,UNNECESSARY,RIGHT,-0.101,0.9887494,-0.011,-0.02021614,0.0,0.0,RIGHT,0.9887494
"('BOMBING', 'RIGHT', 15, 'ATTACK', 'UNNECESSARY', 'UP')",BOMBING,RIGHT,15,ATTACK,UNNECESSARY,UP,0.0,0.10560227,0.0,0.14627512,0.0,1.3823498,BOMB,1.3823498
"('BOMBING', 'RIGHT', 10, 'ATTACK', 'UNNECESSARY', 'WAIT')",BOMBING,RIGHT,10,ATTACK,UNNECESSARY,WAIT,0.0,0.0,-0.101,0.0,0.0,0.4829371,BOMB,0.4829371
"('BOMBING', 'LEFT', 8, 'ATTACK', 'UNNECESSARY', 'DOWN')",BOMBING,LEFT,8,ATTACK,UNNECESSARY,DOWN,0.0,0.0,0.0,0.0,0.0,0.28406,BOMB,0.28406
"('COIN', 'LEFT', 7, 'UNAVAILABLE', 'UNNECESSARY', 'RIGHT')",COIN,LEFT,7,UNAVAILABLE,UNNECESSARY,RIGHT,0.0,0.0,1.0497888,0.0,-0.051,0.0,DOWN,1.0497888
"('COIN', 'LEFT', 8, 'ATTACK', 'UNNECESSARY', 'DOWN')",COIN,LEFT,8,ATTACK,UNNECESSARY,DOWN,0.0,-0.101,0.0,0.0,0.0,0.094542645,BOMB,0.094542645
"('ESCAPE', 'LEFT', 8, 'ATTACK', 'UNSAFE', 'UP')",ESCAPE,LEFT,8,ATTACK,UNSAFE,UP,-0.501,-0.186671,-0.501,0.14443144,-0.001,-0.32369465,LEFT,0.14443144
"('BOMBING', 'HERE', 14, 'UNAVAILABLE', 'UNNECESSARY', 'LEFT')",BOMBING,HERE,14,UNAVAILABLE,UNNECESSARY,LEFT,-0.101,0.0,0.0,1.054905,0.0,-0.101,LEFT,1.054905
"('COIN', 'DOWN', 14, 'GOOD_LOW', 'UNNECESSARY', 'UP')",COIN,DOWN,14,GOOD_LOW,UNNECESSARY,UP,0.0,0.0,0.27990472,0.0,0.0,0.0,DOWN,0.27990472
"('BOMBING', 'LEFT', 11, 'ATTACK', 'UNNECESSARY', 'LEFT')",BOMBING,LEFT,11,ATTACK,UNNECESSARY,LEFT,0.0,0.0,0.0,0.98155075,-0.051,0.0,LEFT,0.98155075
"('COIN', 'LEFT', 13, 'GOOD_LOW', 'UNNECESSARY', 'DOWN')",COIN,LEFT,13,GOOD_LOW,UNNECESSARY,DOWN,0.0,0.0,0.0,1.6998085,0.0,0.0,LEFT,1.6998085
"('COIN', 'DOWN', 15, 'GOOD_HIGH', 'UNNECESSARY', 'WAIT')",COIN,DOWN,15,GOOD_HIGH,UNNECESSARY,WAIT,0.0,0.0,0.0,0.027038766,0.0,0.0,LEFT,0.027038766
"('COIN', 'DOWN', 7, 'ATTACK', 'UNNECESSARY', 'DOWN')",COIN,DOWN,7,ATTACK,UNNECESSARY,DOWN,0.0,0.0,1.8698796,-0.101,-0.051,0.0,DOWN,1.8698796
"('ESCAPE', 'UP', 7, 'ATTACK', 'UNNECESSARY', 'WAIT')",ESCAPE,UP,7,ATTACK,UNNECESSARY,WAIT,0.0,0.05165245,0.0,0.0,0.0,0.0,RIGHT,0.05165245
"('BOMBING', 'LEFT', 7, 'UNAVAILABLE', 'UNNECESSARY', 'RIGHT')",BOMBING,LEFT,7,UNAVAILABLE,UNNECESSARY,RIGHT,0.0,0.84358424,0.0,-1.201,0.0,-0.101,RIGHT,0.84358424
"('BOMBING', 'LEFT', 15, 'UNAVAILABLE', 'UNNECESSARY', 'BOMB')",BOMBING,LEFT,15,UNAVAILABLE,UNNECESSARY,BOMB,0.0,-0.018990763,0.0,0.0,0.0,0.0,UP,0.0
"('COIN', 'DOWN', 0, 'UNAVAILABLE', 'NECESSARY', 'RIGHT')",COIN,DOWN,0,UNAVAILABLE,NECESSARY,RIGHT,0.0,-0.044052325,-1.201,-0.099781945,-0.001,-0.09742379,UP,0.0
"('COIN', 'LEFT', 9, 'USELESS', 'UNNECESSARY', 'RIGHT')",COIN,LEFT,9,USELESS,UNNECESSARY,RIGHT,0.0,0.0,-0.09375855,0.9755639,0.0,0.0,LEFT,0.9755639
"('BOMBING', 'HERE', 1, 'ATTACK', 'UNNECESSARY', 'LEFT')",BOMBING,HERE,1,ATTACK,UNNECESSARY,LEFT,0.0,0.0,0.0,0.0,0.0,0.18069969,BOMB,0.18069969
"('COIN', 'LEFT', 15, 'ATTACK', 'UNNECESSARY', 'RIGHT')",COIN,LEFT,15,ATTACK,UNNECESSARY,RIGHT,0.0,-0.018475965,0.0,0.0,0.0,1.27641,BOMB,1.27641
"('BOMBING', 'UP', 7, 'ATTACK', 'UNNECESSARY', 'UP')",BOMBING,UP,7,ATTACK,UNNECESSARY,UP,0.99910575,0.0,0.031323064,0.0,-0.036732897,0.0,UP,0.99910575
"('BOMBING', 'HERE', 5, 'ATTACK', 'UNNECESSARY', 'UP')",BOMBING,HERE,5,ATTACK,UNNECESSARY,UP,-0.011473566,0.0,0.0,0.0,-0.041133836,1.303907,BOMB,1.303907
"('COIN', 'LEFT', 15, 'UNAVAILABLE', 'UNNECESSARY', 'DOWN')",COIN,LEFT,15,UNAVAILABLE,UNNECESSARY,DOWN,-0.032541487,0.0,0.0,1.980028,-0.051,-0.12370721,LEFT,1.980028
"('ESCAPE', 'DOWN', 4, 'ATTACK', 'UNNECESSARY', 'WAIT')",ESCAPE,DOWN,4,ATTACK,UNNECESSARY,WAIT,-0.101,0.0,-0.001,0.0,0.0,0.8947486,BOMB,0.8947486
"('ESCAPE', 'DOWN', 4, 'ATTACK', 'UNNECESSARY', 'UP')",ESCAPE,DOWN,4,ATTACK,UNNECESSARY,UP,-0.101,0.0,0.0,-0.101,-0.051,1.3953803,BOMB,1.3953803
"('ESCAPE', 'NONE', 0, 'UNSAFE', 'UNSAFE', 'LEFT')",ESCAPE,NONE,0,UNSAFE,UNSAFE,LEFT,-3.6957495,-3.7127476,-3.6617808,-3.7454531,-2.5851092,-4.2465353,WAIT,-2.5851092
"('COIN', 'RIGHT', 3, 'GOOD_HIGH', 'UNNECESSARY', 'DOWN')",COIN,RIGHT,3,GOOD_HIGH,UNNECESSARY,DOWN,0.0,1.568524,0.0,0.0,0.0,0.0,RIGHT,1.568524
"('ESCAPE', 'UP', 9, 'UNAVAILABLE', 'UNSAFE', 'LEFT')",ESCAPE,UP,9,UNAVAILABLE,UNSAFE,LEFT,0.12372795,0.0,-1.301,1.7693872,-1.201,0.0,LEFT,1.7693872
"('COIN', 'RIGHT', 3, 'USELESS', 'UNNECESSARY', 'LEFT')",COIN,RIGHT,3,USELESS,UNNECESSARY,LEFT,0.0,0.020205064,0.0,0.0,0.0,0.0,RIGHT,0.020205064
"('COIN', 'RIGHT', 6, 'GOOD_HIGH', 'UNNECESSARY', 'UP')",COIN,RIGHT,6,GOOD_HIGH,UNNECESSARY,UP,0.0,0.0,0.0,0.0,-0.014573772,1.0451366,BOMB,1.0451366
"('COIN', 'LEFT', 5, 'UNAVAILABLE', 'UNNECESSARY', 'RIGHT')",COIN,LEFT,5,UNAVAILABLE,UNNECESSARY,RIGHT,1.0116992,0.0,0.0,-1.201,0.0,0.0,UP,1.0116992
"('ESCAPE', 'UP', 3, 'UNAVAILABLE', 'UNSAFE', 'UP')",ESCAPE,UP,3,UNAVAILABLE,UNSAFE,UP,2.374053,0.0,0.0,0.0,-1.201,0.0,UP,2.374053
"('BOMBING', 'UP', 11, 'UNAVAILABLE', 'UNNECESSARY', 'RIGHT')",BOMBING,UP,11,UNAVAILABLE,UNNECESSARY,RIGHT,1.2733253,0.0,0.0,0.08649559,-0.051,-0.096295975,UP,1.2733253
"('BOMBING', 'UP', 11, 'GOOD_HIGH', 'UNNECESSARY', 'WAIT')",BOMBING,UP,11,GOOD_HIGH,UNNECESSARY,WAIT,0.0,0.0,0.0,0.019476678,0.0,0.0,LEFT,0.019476678
"('ESCAPE', 'DOWN', 4, 'ATTACK', 'UNNECESSARY', 'LEFT')",ESCAPE,DOWN,4,ATTACK,UNNECESSARY,LEFT,0.0,-0.101,-0.001,0.0,-0.051,0.36105177,BOMB,0.36105177
"('COIN', 'RIGHT', 14, 'ATTACK', 'UNNECESSARY', 'RIGHT')",COIN,RIGHT,14,ATTACK,UNNECESSARY,RIGHT,0.0,0.0,0.90331537,0.0,-0.04886761,0.0,DOWN,0.90331537
"('BOMBING', 'LEFT', 15, 'GOOD_HIGH', 'UNNECESSARY', 'UP')",BOMBING,LEFT,15,GOOD_HIGH,UNNECESSARY,UP,0.0,0.7381079,0.0,0.0,0.0,0.0,RIGHT,0.7381079
"('BOMBING', 'UP', 1, 'USELESS', 'UNNECESSARY', 'UP')",BOMBING,UP,1,USELESS,UNNECESSARY,UP,0.99566364,-0.19454388,-0.501,-0.18899629,-0.014953528,-0.6487939,UP,0.99566364
"('COIN', 'RIGHT', 14, 'GOOD_HIGH', 'UNNECESSARY', 'UP')",COIN,RIGHT,14,GOOD_HIGH,UNNECESSARY,UP,-0.101,1.680324,0.0,0.17767027,-0.051,0.0,RIGHT,1.680324
"('COIN', 'RIGHT', 14, 'ATTACK', 'UNNECESSARY', 'WAIT')",COIN,RIGHT,14,ATTACK,UNNECESSARY,WAIT,0.0,0.0,-0.011,0.0,0.0,0.0,UP,0.0
"('ESCAPE', 'RIGHT', 10, 'GOOD_HIGH', 'UNSAFE', 'LEFT')",ESCAPE,RIGHT,10,GOOD_HIGH,UNSAFE,LEFT,-0.501,-0.001,-0.601,0.48080438,-0.501,-0.501,LEFT,0.48080438
"('BOMBING', 'HERE', 15, 'GOOD_HIGH', 'UNNECESSARY', 'LEFT')",BOMBING,HERE,15,GOOD_HIGH,UNNECESSARY,LEFT,0.110427484,0.0,0.0,0.07493562,-0.051,1.0657209,BOMB,1.0657209
"('BOMBING', 'HERE', 15, 'GOOD_HIGH', 'UNNECESSARY', 'WAIT')",BOMBING,HERE,15,GOOD_HIGH,UNNECESSARY,WAIT,0.0,0.0,0.0,0.0,0.0,0.040849082,BOMB,0.040849082
"('BOMBING', 'DOWN', 4, 'ATTACK', 'UNNECESSARY', 'LEFT')",BOMBING,DOWN,4,ATTACK,UNNECESSARY,LEFT,0.0,0.0,0.0,-0.019137936,-0.051,0.14038108,BOMB,0.14038108
"('COIN', 'DOWN', 4, 'ATTACK', 'UNNECESSARY', 'WAIT')",COIN,DOWN,4,ATTACK,UNNECESSARY,WAIT,0.0,-0.09749272,0.101997636,0.0,0.0,0.0,DOWN,0.101997636
"('COIN', 'UP', 5, 'GOOD_HIGH', 'UNNECESSARY', 'BOMB')",COIN,UP,5,GOOD_HIGH,UNNECESSARY,BOMB,0.1522657,0.0,0.0,-0.097711936,0.0,0.0,UP,0.1522657
"('COIN', 'RIGHT', 2, 'ATTACK', 'UNNECESSARY', 'LEFT')",COIN,RIGHT,2,ATTACK,UNNECESSARY,LEFT,0.0,0.0,-0.08404964,0.0,0.0,1.1152866,BOMB,1.1152866
"('BOMBING', 'UP', 15, 'GOOD_HIGH', 'UNNECESSARY', 'RIGHT')",BOMBING,UP,15,GOOD_HIGH,UNNECESSARY,RIGHT,1.09322,0.0,-0.01436146,0.0,0.0,0.0,UP,1.09322
"('BOMBING', 'UP', 15, 'GOOD_HIGH', 'UNNECESSARY', 'UP')",BOMBING,UP,15,GOOD_HIGH,UNNECESSARY,UP,0.0,0.0,0.0,0.006321758,-0.051,1.1370139,BOMB,1.1370139
"('COIN', 'DOWN', 15, 'UNAVAILABLE', 'UNNECESSARY', 'DOWN')",COIN,DOWN,15,UNAVAILABLE,UNNECESSARY,DOWN,0.0,1.4193,0.0,0.0,0.0,0.0,RIGHT,1.4193
"('COIN', 'DOWN', 15, 'GOOD_LOW', 'UNNECESSARY', 'UP')",COIN,DOWN,15,GOOD_LOW,UNNECESSARY,UP,0.0,0.0,0.22086698,0.0,0.0,0.94858474,BOMB,0.94858474
"('COIN', 'RIGHT', 11, 'ATTACK', 'UNNECESSARY', 'RIGHT')",COIN,RIGHT,11,ATTACK,UNNECESSARY,RIGHT,-0.011,0.0,0.0,-0.041108318,0.0,1.205663,BOMB,1.205663
"('COIN', 'DOWN', 7, 'ATTACK', 'UNNECESSARY', 'UP')",COIN,DOWN,7,ATTACK,UNNECESSARY,UP,-0.101,0.09639624,-0.022702701,-0.07321,-0.045241106,0.0,RIGHT,0.09639624
"('ESCAPE', 'UP', 7, 'ATTACK', 'UNNECESSARY', 'UP')",ESCAPE,UP,7,ATTACK,UNNECESSARY,UP,-0.001,0.0,-0.007122432,0.0,0.0,1.2496834,BOMB,1.2496834
"('COIN', 'UP', 4, 'ATTACK', 'UNNECESSARY', 'UP')",COIN,UP,4,ATTACK,UNNECESSARY,UP,-0.501,0.0,0.0,0.0,0.0,0.9154364,BOMB,0.9154364
"('COIN', 'LEFT', 14, 'ATTACK', 'UNNECESSARY', 'LEFT')",COIN,LEFT,14,ATTACK,UNNECESSARY,LEFT,-0.11003395,-0.0436698,0.9474387,0.0,0.0,0.0,DOWN,0.9474387
"('COIN', 'UP', 11, 'ATTACK', 'UNNECESSARY', 'WAIT')",COIN,UP,11,ATTACK,UNNECESSARY,WAIT,0.0,0.0,-0.101,0.18754381,-0.051,0.0,LEFT,0.18754381
"('ESCAPE', 'RIGHT', 11, 'ATTACK', 'UNNECESSARY', 'DOWN')",ESCAPE,RIGHT,11,ATTACK,UNNECESSARY,DOWN,0.0,0.0,0.0,0.0,0.0,1.0746334,BOMB,1.0746334
"('BOMBING', 'DOWN', 15, 'UNAVAILABLE', 'UNNECESSARY', 'BOMB')",BOMBING,DOWN,15,UNAVAILABLE,UNNECESSARY,BOMB,0.0,-0.058726516,0.0,0.0,-0.051,-0.10092411,UP,0.0
"('BOMBING', 'DOWN', 15, 'ATTACK', 'UNNECESSARY', 'WAIT')",BOMBING,DOWN,15,ATTACK,UNNECESSARY,WAIT,0.0,0.0,0.1826134,-0.011,0.0,0.0,DOWN,0.1826134
"('COIN', 'LEFT', 9, 'UNAVAILABLE', 'UNNECESSARY', 'RIGHT')",COIN,LEFT,9,UNAVAILABLE,UNNECESSARY,RIGHT,-0.0027687585,-0.10070344,-0.086087205,1.4583416,-0.051,-0.101,LEFT,1.4583416
"('ESCAPE', 'UP', 3, 'GOOD_HIGH', 'UNSAFE', 'LEFT')",ESCAPE,UP,3,GOOD_HIGH,UNSAFE,LEFT,0.0,0.0,0.0,-0.301,0.0,0.0,UP,0.0
"('COIN', 'LEFT', 11, 'GOOD_LOW', 'UNNECESSARY', 'LEFT')",COIN,LEFT,11,GOOD_LOW,UNNECESSARY,LEFT,1.1467996,0.0,0.0,0.0,0.0,0.0,UP,1.1467996
"('COIN', 'UP', 7, 'USELESS', 'UNNECESSARY', 'LEFT')",COIN,UP,7,USELESS,UNNECESSARY,LEFT,1.7442017,-0.017729852,0.078707635,-0.101,-0.051,-0.151,UP,1.7442017
"('BOMBING', 'UP', 5, 'ATTACK', 'UNNECESSARY', 'LEFT')",BOMBING,UP,5,ATTACK,UNNECESSARY,LEFT,0.0,0.0,0.0,0.0,-0.04776293,0.73601997,BOMB,0.73601997
"('BOMBING', 'LEFT', 13, 'GOOD_LOW', 'UNNECESSARY', 'WAIT')",BOMBING,LEFT,13,GOOD_LOW,UNNECESSARY,WAIT,0.0,0.0,0.017497342,0.0,0.0,0.0,DOWN,0.017497342
"('ESCAPE', 'LEFT', 13, 'ATTACK', 'UNNECESSARY', 'UP')",ESCAPE,LEFT,13,ATTACK,UNNECESSARY,UP,-0.001,0.0,0.27432162,0.0,-0.051,0.0,DOWN,0.27432162
"('ESCAPE', 'LEFT', 9, 'USELESS', 'UNNECESSARY', 'WAIT')",ESCAPE,LEFT,9,USELESS,UNNECESSARY,WAIT,0.0,-0.101,0.0,0.0,0.0,0.0,UP,0.0
"('COIN', 'RIGHT', 15, 'ATTACK', 'UNNECESSARY', 'DOWN')",COIN,RIGHT,15,ATTACK,UNNECESSARY,DOWN,-0.033138424,0.0,-0.0037546835,0.0,0.0,1.156347,BOMB,1.156347
"('COIN', 'LEFT', 13, 'GOOD_LOW', 'UNNECESSARY', 'UP')",COIN,LEFT,13,GOOD_LOW,UNNECESSARY,UP,0.0,0.0,0.0,0.0,-0.051,1.2600627,BOMB,1.2600627
"('COIN', 'LEFT', 13, 'GOOD_LOW', 'UNNECESSARY', 'WAIT')",COIN,LEFT,13,GOOD_LOW,UNNECESSARY,WAIT,0.0,-0.101,0.0,0.0,-0.051,0.0,UP,0.0
"('BOMBING', 'RIGHT', 3, 'UNAVAILABLE', 'UNNECESSARY', 'RIGHT')",BOMBING,RIGHT,3,UNAVAILABLE,UNNECESSARY,RIGHT,0.0,0.6196161,0.0,0.0,0.0,-0.101,RIGHT,0.6196161
"('BOMBING', 'HERE', 11, 'UNAVAILABLE', 'UNNECESSARY', 'BOMB')",BOMBING,HERE,11,UNAVAILABLE,UNNECESSARY,BOMB,0.0,0.0,-0.09698934,0.0,0.0,0.0,UP,0.0
"('COIN', 'DOWN', 6, 'UNAVAILABLE', 'UNNECESSARY', 'RIGHT')",COIN,DOWN,6,UNAVAILABLE,UNNECESSARY,RIGHT,0.0,0.80061805,0.0,-1.201,0.0,0.0,RIGHT,0.80061805
"('BOMBING', 'HERE', 11, 'UNAVAILABLE', 'UNNECESSARY', 'RIGHT')",BOMBING,HERE,11,UNAVAILABLE,UNNECESSARY,RIGHT,0.0,0.094389305,-0.0848801,0.606252,-0.08501434,0.0,LEFT,0.606252
"('COIN', 'LEFT', 15, 'ATTACK', 'UNNECESSARY', 'WAIT')",COIN,LEFT,15,ATTACK,UNNECESSARY,WAIT,0.0,0.026661512,-0.009575603,0.0,-0.051,0.0,RIGHT,0.026661512
"('BOMBING', 'LEFT', 14, 'ATTACK', 'UNNECESSARY', 'UP')",BOMBING,LEFT,14,ATTACK,UNNECESSARY,UP,0.0,-0.018320184,0.0,0.9903705,0.0,0.0,LEFT,0.9903705
"('ESCAPE', 'UP', 5, 'USELESS', 'UNSAFE', 'DOWN')",ESCAPE,UP,5,USELESS,UNSAFE,DOWN,-0.0019,-0.501,0.25798562,-0.14609,-0.50189996,-0.651,DOWN,0.25798562
"('BOMBING', 'HERE', 5, 'UNAVAILABLE', 'UNNECESSARY', 'LEFT')",BOMBING,HERE,5,UNAVAILABLE,UNNECESSARY,LEFT,-0.0035937652,-0.09643039,0.8268367,0.0,-0.051,-0.09730862,DOWN,0.8268367
"('BOMBING', 'UP', 13, 'USELESS', 'UNNECESSARY', 'UP')",BOMBING,UP,13,USELESS,UNNECESSARY,UP,0.0,0.0,0.0,0.79390717,0.0,0.0,LEFT,0.79390717
"('COIN', 'UP', 3, 'ATTACK', 'UNNECESSARY', 'LEFT')",COIN,UP,3,ATTACK,UNNECESSARY,LEFT,1.5551369,0.0,0.0,0.0,0.0,0.0,UP,1.5551369
"('ESCAPE', 'RIGHT', 3, 'ATTACK', 'UNNECESSARY', 'DOWN')",ESCAPE,RIGHT,3,ATTACK,UNNECESSARY,DOWN,0.0,0.8256023,0.0,0.0,0.0,0.11724233,RIGHT,0.8256023
"('BOMBING', 'DOWN', 15, 'GOOD_HIGH', 'UNNECESSARY', 'LEFT')",BOMBING,DOWN,15,GOOD_HIGH,UNNECESSARY,LEFT,0.0,0.0,1.1782603,0.0,-0.049430396,0.0,DOWN,1.1782603
"('BOMBING', 'LEFT', 15, 'ATTACK', 'UNNECESSARY', 'LEFT')",BOMBING,LEFT,15,ATTACK,UNNECESSARY,LEFT,0.10368913,-0.036,0.0,0.31533727,-0.07347036,1.1254525,BOMB,1.1254525
"('BOMBING', 'UP', 7, 'ATTACK', 'UNNECESSARY', 'LEFT')",BOMBING,UP,7,ATTACK,UNNECESSARY,LEFT,0.0,0.039009772,0.0,0.0,-0.098525085,1.2803628,BOMB,1.2803628
"('BOMBING', 'DOWN', 7, 'UNAVAILABLE', 'UNNECESSARY', 'LEFT')",BOMBING,DOWN,7,UNAVAILABLE,UNNECESSARY,LEFT,0.0,0.0,1.0901266,0.0,0.0,0.0,DOWN,1.0901266
"('BOMBING', 'HERE', 6, 'ATTACK', 'UNNECESSARY', 'LEFT')",BOMBING,HERE,6,ATTACK,UNNECESSARY,LEFT,0.0,0.0005973,0.0,-0.101,-0.051,1.1321102,BOMB,1.1321102
"('COIN', 'LEFT', 15, 'GOOD_LOW', 'UNNECESSARY', 'RIGHT')",COIN,LEFT,15,GOOD_LOW,UNNECESSARY,RIGHT,-0.016072223,0.0,0.0,1.1485467,0.0,0.0,LEFT,1.1485467
"('ESCAPE', 'RIGHT', 15, 'ATTACK', 'UNNECESSARY', 'DOWN')",ESCAPE,RIGHT,15,ATTACK,UNNECESSARY,DOWN,0.0,0.11285437,0.0,0.79186964,-0.051,0.14982179,LEFT,0.79186964
"('BOMBING', 'UP', 5, 'ATTACK', 'UNNECESSARY', 'DOWN')",BOMBING,UP,5,ATTACK,UNNECESSARY,DOWN,0.074921995,-0.09947496,-0.010339555,-0.18463841,-0.041295905,1.3956901,BOMB,1.3956901
"('BOMBING', 'HERE', 7, 'ATTACK', 'UNNECESSARY', 'UP')",BOMBING,HERE,7,ATTACK,UNNECESSARY,UP,0.0,0.0,0.0,0.0,0.0,1.0090437,BOMB,1.0090437
"('ESCAPE', 'UP', 1, 'USELESS', 'UNSAFE', 'DOWN')",ESCAPE,UP,1,USELESS,UNSAFE,DOWN,0.18847704,-0.11009,-0.37786233,-0.19567099,-0.501,-0.4806195,UP,0.18847704
"('COIN', 'UP', 15, 'UNAVAILABLE', 'UNNECESSARY', 'RIGHT')",COIN,UP,15,UNAVAILABLE,UNNECESSARY,RIGHT,0.0,1.0046287,0.0,0.0,-0.024023987,0.0,RIGHT,1.0046287
"('COIN', 'DOWN', 15, 'GOOD_LOW', 'UNNECESSARY', 'WAIT')",COIN,DOWN,15,GOOD_LOW,UNNECESSARY,WAIT,0.0,0.0,0.0,0.0,0.0,0.2157238,BOMB,0.2157238
"('BOMBING', 'DOWN', 15, 'UNAVAILABLE', 'UNNECESSARY', 'UP')",BOMBING,DOWN,15,UNAVAILABLE,UNNECESSARY,UP,0.050966993,0.10770408,0.7839295,0.07660383,0.020886436,0.0,DOWN,0.7839295
"('BOMBING', 'UP', 14, 'UNAVAILABLE', 'UNNECESSARY', 'DOWN')",BOMBING,UP,14,UNAVAILABLE,UNNECESSARY,DOWN,-2.2819,0.9877541,-0.00010109982,0.0,-0.051,-0.09662624,RIGHT,0.9877541
"('BOMBING', 'UP', 15, 'UNAVAILABLE', 'UNNECESSARY', 'WAIT')",BOMBING,UP,15,UNAVAILABLE,UNNECESSARY,WAIT,0.0,0.0,-0.016153935,0.09869474,0.0,-0.101,LEFT,0.09869474
"('BOMBING', 'HERE', 7, 'GOOD_LOW', 'UNNECESSARY', 'DOWN')",BOMBING,HERE,7,GOOD_LOW,UNNECESSARY,DOWN,0.0,0.10833679,-0.011,-0.08864911,0.0,1.1674606,BOMB,1.1674606
"('ESCAPE', 'RIGHT', 11, 'USELESS', 'UNNECESSARY', 'DOWN')",ESCAPE,RIGHT,11,USELESS,UNNECESSARY,DOWN,-0.0019,0.5383157,-0.101,-0.0030196698,-0.051,-0.051078625,RIGHT,0.5383157
"('ESCAPE', 'RIGHT', 10, 'USELESS', 'UNNECESSARY', 'WAIT')",ESCAPE,RIGHT,10,USELESS,UNNECESSARY,WAIT,0.0,-0.001,0.0,0.0,-0.051,0.0,UP,0.0
"('ESCAPE', 'RIGHT', 10, 'USELESS', 'UNSAFE', 'WAIT')",ESCAPE,RIGHT,10,USELESS,UNSAFE,WAIT,-0.501,-0.0011649161,-0.601,0.037193477,-0.501,-0.651,LEFT,0.037193477
"('ESCAPE', 'DOWN', 12, 'UNAVAILABLE', 'UNSAFE', 'LEFT')",ESCAPE,DOWN,12,UNAVAILABLE,UNSAFE,LEFT,0.0,0.0,0.0,3.3751414,0.0,0.0,LEFT,3.3751414
"('BOMBING', 'DOWN', 14, 'ATTACK', 'UNNECESSARY', 'RIGHT')",BOMBING,DOWN,14,ATTACK,UNNECESSARY,RIGHT,0.0,0.0,0.0,0.0,-0.051,1.2384276,BOMB,1.2384276
"('BOMBING', 'DOWN', 14, 'ATTACK', 'UNNECESSARY', 'WAIT')",BOMBING,DOWN,14,ATTACK,UNNECESSARY,WAIT,-0.101,-0.011,0.23993689,0.0,0.0,0.0,DOWN,0.23993689
"('ESCAPE', 'LEFT', 8, 'GOOD_HIGH', 'UNNECESSARY', 'UP')",ESCAPE,LEFT,8,GOOD_HIGH,UNNECESSARY,UP,-0.101,-0.04609,-0.101,0.0,-0.30455816,0.0,LEFT,0.0
"('ESCAPE', 'LEFT', 8, 'GOOD_HIGH', 'UNNECESSARY', 'DOWN')",ESCAPE,LEFT,8,GOOD_HIGH,UNNECESSARY,DOWN,0.0,0.0,0.0,-0.001,0.0,0.14640051,BOMB,0.14640051
"('BOMBING', 'HERE', 12, 'GOOD_HIGH', 'UNNECESSARY', 'LEFT')",BOMBING,HERE,12,GOOD_HIGH,UNNECESSARY,LEFT,-0.09384805,0.0,0.0,0.0,0.0,0.0,RIGHT,0.0
"('BOMBING', 'UP', 3, 'GOOD_LOW', 'UNNECESSARY', 'NONE')",BOMBING,UP,3,GOOD_LOW,UNNECESSARY,NONE,0.86113787,0.0,0.0,0.0,0.0,0.0,UP,0.86113787
"('COIN', 'UP', 3, 'UNAVAILABLE', 'UNNECESSARY', 'LEFT')",COIN,UP,3,UNAVAILABLE,UNNECESSARY,LEFT,1.6278067,0.0,-0.049829144,0.024504393,0.0,-0.101,UP,1.6278067
"('ESCAPE', 'UP', 13, 'ATTACK', 'UNNECESSARY', 'UP')",ESCAPE,UP,13,ATTACK,UNNECESSARY,UP,0.0,0.0,0.0,0.0,0.0,1.1514194,BOMB,1.1514194
"('ESCAPE', 'DOWN', 4, 'GOOD_LOW', 'UNSAFE', 'WAIT')",ESCAPE,DOWN,4,GOOD_LOW,UNSAFE,WAIT,-0.33268985,-0.601,0.0,-0.101,0.0,0.0,DOWN,0.0
"('BOMBING', 'UP', 11, 'GOOD_HIGH', 'UNNECESSARY', 'RIGHT')",BOMBING,UP,11,GOOD_HIGH,UNNECESSARY,RIGHT,0.0,0.0,0.0,-0.014856904,0.0,1.1695033,BOMB,1.1695033
"('COIN', 'UP', 11, 'GOOD_LOW', 'UNNECESSARY', 'LEFT')",COIN,UP,11,GOOD_LOW,UNNECESSARY,LEFT,1.76584,0.0,-0.09216393,0.16397378,-0.051,0.0,UP,1.76584
"('BOMBING', 'LEFT', 4, 'UNAVAILABLE', 'UNNECESSARY', 'RIGHT')",BOMBING,LEFT,4,UNAVAILABLE,UNNECESSARY,RIGHT,-0.09746017,0.0,0.79647017,-1.201,0.0,-0.101,DOWN,0.79647017
"('BOMBING', 'DOWN', 5, 'ATTACK', 'UNNECESSARY', 'RIGHT')",BOMBING,DOWN,5,ATTACK,UNNECESSARY,RIGHT,-0.011,-0.101,0.0,0.0,-0.041519437,0.2862226,BOMB,0.2862226
"('BOMBING', 'DOWN', 14, 'ATTACK', 'UNNECESSARY', 'UP')",BOMBING,DOWN,14,ATTACK,UNNECESSARY,UP,0.0,0.0,0.0,0.0,0.0,1.1128658,BOMB,1.1128658
"('BOMBING', 'LEFT', 9, 'ATTACK', 'UNNECESSARY', 'DOWN')",BOMBING,LEFT,9,ATTACK,UNNECESSARY,DOWN,0.08460943,0.0,0.0,0.8880951,0.0,0.0,LEFT,0.8880951
"('BOMBING', 'LEFT', 13, 'USELESS', 'UNNECESSARY', 'BOMB')",BOMBING,LEFT,13,USELESS,UNNECESSARY,BOMB,0.0,-0.10230318,0.0,0.04906219,0.0,0.0,LEFT,0.04906219
"('BOMBING', 'LEFT', 2, 'USELESS', 'UNNECESSARY', 'RIGHT')",BOMBING,LEFT,2,USELESS,UNNECESSARY,RIGHT,-0.093665786,0.63149285,-0.101,-0.501,-0.03537428,-0.045966893,RIGHT,0.63149285
"('ESCAPE', 'UP', 1, 'ATTACK', 'UNSAFE', 'LEFT')",ESCAPE,UP,1,ATTACK,UNSAFE,LEFT,0.20092173,-0.9519,-0.001,-0.163271,-0.501,-0.501,UP,0.20092173
"('COIN', 'LEFT', 11, 'ATTACK', 'UNNECESSARY', 'LEFT')",COIN,LEFT,11,ATTACK,UNNECESSARY,LEFT,0.0,0.078664765,-0.06599146,0.0,-0.051,1.3254592,BOMB,1.3254592
"('COIN', 'RIGHT', 11, 'ATTACK', 'UNNECESSARY', 'DOWN')",COIN,RIGHT,11,ATTACK,UNNECESSARY,DOWN,0.0,0.0,0.054579098,0.0,0.0,1.1156553,BOMB,1.1156553
"('COIN', 'LEFT', 0, 'UNAVAILABLE', 'NECESSARY', 'DOWN')",COIN,LEFT,0,UNAVAILABLE,NECESSARY,DOWN,0.0,0.0,-0.101,0.0,0.37861526,-0.091355056,WAIT,0.37861526
"('COIN', 'DOWN', 15, 'ATTACK', 'UNNECESSARY', 'LEFT')",COIN,DOWN,15,ATTACK,UNNECESSARY,LEFT,0.0,0.0,1.9583201,0.0,0.0,0.0,DOWN,1.9583201
"('COIN', 'LEFT', 14, 'ATTACK', 'UNNECESSARY', 'UP')",COIN,LEFT,14,ATTACK,UNNECESSARY,UP,-0.07550038,0.0,0.64475715,0.0,-0.051,0.0,DOWN,0.64475715
"('ESCAPE', 'RIGHT', 14, 'ATTACK', 'UNNECESSARY', 'WAIT')",ESCAPE,RIGHT,14,ATTACK,UNNECESSARY,WAIT,0.0,0.0,0.0,0.11066526,0.0,0.0,LEFT,0.11066526
"('BOMBING', 'DOWN', 12, 'GOOD_LOW', 'UNNECESSARY', 'NONE')",BOMBING,DOWN,12,GOOD_LOW,UNNECESSARY,NONE,0.0,0.0,0.0,0.0,0.0,1.160247,BOMB,1.160247
"('COIN', 'DOWN', 1, 'GOOD_HIGH', 'UNNECESSARY', 'WAIT')",COIN,DOWN,1,GOOD_HIGH,UNNECESSARY,WAIT,0.0,0.0,0.0,0.0,0.0,0.06900615,BOMB,0.06900615
"('COIN', 'UP', 7, 'ATTACK', 'UNNECESSARY', 'DOWN')",COIN,UP,7,ATTACK,UNNECESSARY,DOWN,0.1061277,0.0,0.0,0.0,0.0,1.1306099,BOMB,1.1306099
"('COIN', 'LEFT', 15, 'ATTACK', 'UNNECESSARY', 'DOWN')",COIN,LEFT,15,ATTACK,UNNECESSARY,DOWN,-0.034414582,0.0,0.0,0.30215418,0.0,1.2466553,BOMB,1.2466553
"('BOMBING', 'HERE', 6, 'GOOD_LOW', 'UNNECESSARY', 'UP')",BOMBING,HERE,6,GOOD_LOW,UNNECESSARY,UP,-0.101,-0.013903337,-0.005680772,-0.0896995,-0.051,0.9852092,BOMB,0.9852092
"('BOMBING', 'HERE', 6, 'GOOD_LOW', 'UNNECESSARY', 'LEFT')",BOMBING,HERE,6,GOOD_LOW,UNNECESSARY,LEFT,0.0,-0.040053003,0.0,-0.101,0.0,1.000414,BOMB,1.000414
"('BOMBING', 'RIGHT', 15, 'GOOD_LOW', 'UNNECESSARY', 'LEFT')",BOMBING,RIGHT,15,GOOD_LOW,UNNECESSARY,LEFT,0.6007949,0.0,0.0,-0.016654085,0.0,0.0,UP,0.6007949
"('ESCAPE', 'UP', 15, 'UNAVAILABLE', 'UNSAFE', 'WAIT')",ESCAPE,UP,15,UNAVAILABLE,UNSAFE,WAIT,0.78512824,0.0,0.0,0.0,-0.34113222,0.0,UP,0.78512824
"('BOMBING', 'RIGHT', 14, 'GOOD_LOW', 'UNNECESSARY', 'UP')",BOMBING,RIGHT,14,GOOD_LOW,UNNECESSARY,UP,0.0,1.0521665,-0.03377886,0.0,0.0,0.0,RIGHT,1.0521665
"('COIN', 'RIGHT', 14, 'UNAVAILABLE', 'UNNECESSARY', 'LEFT')",COIN,RIGHT,14,UNAVAILABLE,UNNECESSARY,LEFT,0.0,0.0,-0.0145570375,0.94211113,-0.051,0.0,LEFT,0.94211113
"('COIN', 'LEFT', 12, 'UNAVAILABLE', 'UNNECESSARY', 'UP')",COIN,LEFT,12,UNAVAILABLE,UNNECESSARY,UP,0.0,0.0,0.63742304,0.0,-0.051,0.0,DOWN,0.63742304
"('COIN', 'LEFT', 12, 'USELESS', 'UNNECESSARY', 'WAIT')",COIN,LEFT,12,USELESS,UNNECESSARY,WAIT,0.0,0.0,-0.012575086,0.14247659,0.0,0.0,LEFT,0.14247659
"('COIN', 'UP', 13, 'USELESS', 'UNNECESSARY', 'DOWN')",COIN,UP,13,USELESS,UNNECESSARY,DOWN,1.056448,-0.057311065,-0.013407578,0.09355195,0.0,0.0,UP,1.056448
"('BOMBING', 'HERE', 14, 'UNAVAILABLE', 'UNNECESSARY', 'DOWN')",BOMBING,HERE,14,UNAVAILABLE,UNNECESSARY,DOWN,-1.201,0.0,0.8361166,-0.0061113844,0.0,0.0,DOWN,0.8361166
"('BOMBING', 'HERE', 14, 'ATTACK', 'UNNECESSARY', 'LEFT')",BOMBING,HERE,14,ATTACK,UNNECESSARY,LEFT,0.0,-0.101,0.98094034,-0.017078677,0.0,0.0,DOWN,0.98094034
"('ESCAPE', 'RIGHT', 14, 'UNAVAILABLE', 'UNNECESSARY', 'LEFT')",ESCAPE,RIGHT,14,UNAVAILABLE,UNNECESSARY,LEFT,0.0,0.18574831,-0.001,0.0,0.0,0.0,RIGHT,0.18574831
"('ESCAPE', 'RIGHT', 14, 'GOOD_HIGH', 'UNSAFE', 'UP')",ESCAPE,RIGHT,14,GOOD_HIGH,UNSAFE,UP,-0.601,0.0,0.0,0.091448195,0.0,-0.501,LEFT,0.091448195
"('BOMBING', 'DOWN', 15, 'GOOD_HIGH', 'UNNECESSARY', 'UP')",BOMBING,DOWN,15,GOOD_HIGH,UNNECESSARY,UP,0.0,0.0,0.38920254,0.0,0.0,0.0,DOWN,0.38920254
"('COIN', 'RIGHT', 8, 'GOOD_HIGH', 'UNNECESSARY', 'RIGHT')",COIN,RIGHT,8,GOOD_HIGH,UNNECESSARY,RIGHT,0.0,0.0,0.0,0.0,0.0,0.6209244,BOMB,0.6209244
"('ESCAPE', 'RIGHT', 14, 'ATTACK', 'UNNECESSARY', 'UP')",ESCAPE,RIGHT,14,ATTACK,UNNECESSARY,UP,-0.101,0.0,0.0,0.0,-0.051,0.96320236,BOMB,0.96320236
"('ESCAPE', 'RIGHT', 14, 'USELESS', 'UNNECESSARY', 'WAIT')",ESCAPE,RIGHT,14,USELESS,UNNECESSARY,WAIT,-0.101,-0.001,0.016815605,0.0,0.0,0.0,DOWN,0.016815605
"('ESCAPE', 'RIGHT', 10, 'USELESS', 'UNNECESSARY', 'UP')",ESCAPE,RIGHT,10,USELESS,UNNECESSARY,UP,-0.101,-0.001,-0.11146519,0.42404774,-0.051,-0.151,LEFT,0.42404774
"('ESCAPE', 'LEFT', 10, 'UNAVAILABLE', 'UNSAFE', 'BOMB')",ESCAPE,LEFT,10,UNAVAILABLE,UNSAFE,BOMB,0.0,0.0,0.0,0.27764517,0.0,0.0,LEFT,0.27764517
"('BOMBING', 'DOWN', 13, 'USELESS', 'UNNECESSARY', 'DOWN')",BOMBING,DOWN,13,USELESS,UNNECESSARY,DOWN,0.0,-0.1919,0.0,0.873659,0.0,-0.03405264,LEFT,0.873659
"('BOMBING', 'DOWN', 13, 'ATTACK', 'UNNECESSARY', 'RIGHT')",BOMBING,DOWN,13,ATTACK,UNNECESSARY,RIGHT,0.0,0.0,0.93333656,0.0,0.0,0.0,DOWN,0.93333656
"('BOMBING', 'DOWN', 13, 'ATTACK', 'UNNECESSARY', 'DOWN')",BOMBING,DOWN,13,ATTACK,UNNECESSARY,DOWN,0.0,0.0,0.0,0.0,-0.051,1.1705236,BOMB,1.1705236
"('BOMBING', 'DOWN', 5, 'ATTACK', 'UNNECESSARY', 'WAIT')",BOMBING,DOWN,5,ATTACK,UNNECESSARY,WAIT,0.0,-0.101,0.38096514,0.0,0.0,0.0,DOWN,0.38096514
"('ESCAPE', 'LEFT', 12, 'UNAVAILABLE', 'UNSAFE', 'DOWN')",ESCAPE,LEFT,12,UNAVAILABLE,UNSAFE,DOWN,0.0,-0.501,0.0,1.2613642,-0.501,-0.601,LEFT,1.2613642
"('ESCAPE', 'DOWN', 7, 'UNAVAILABLE', 'UNNECESSARY', 'BOMB')",ESCAPE,DOWN,7,UNAVAILABLE,UNNECESSARY,BOMB,0.0,0.0,0.0,-0.501,0.0,0.7448188,BOMB,0.7448188
"('ESCAPE', 'DOWN', 5, 'UNAVAILABLE', 'UNNECESSARY', 'UP')",ESCAPE,DOWN,5,UNAVAILABLE,UNNECESSARY,UP,-0.017889962,-0.101,0.26821798,-0.101,-0.051,0.0,DOWN,0.26821798
"('ESCAPE', 'DOWN', 5, 'ATTACK', 'UNNECESSARY', 'RIGHT')",ESCAPE,DOWN,5,ATTACK,UNNECESSARY,RIGHT,0.0,-0.08266731,0.0,0.0,0.0,0.0,UP,0.0
"('ESCAPE', 'RIGHT', 2, 'ATTACK', 'UNNECESSARY', 'RIGHT')",ESCAPE,RIGHT,2,ATTACK,UNNECESSARY,RIGHT,-0.101,0.025056059,-0.101,-0.101171,-0.051,-0.53481203,RIGHT,0.025056059
"('ESCAPE', 'RIGHT', 2, 'ATTACK', 'UNSAFE', 'UP')",ESCAPE,RIGHT,2,ATTACK,UNSAFE,UP,-0.601,-0.33606434,0.0,0.0,0.0,0.0,DOWN,0.0
"('BOMBING', 'RIGHT', 15, 'GOOD_HIGH', 'UNNECESSARY', 'DOWN')",BOMBING,RIGHT,15,GOOD_HIGH,UNNECESSARY,DOWN,0.0,0.0,1.0709463,-0.011,0.0,0.0,DOWN,1.0709463
"('COIN', 'DOWN', 7, 'GOOD_LOW', 'UNNECESSARY', 'LEFT')",COIN,DOWN,7,GOOD_LOW,UNNECESSARY,LEFT,0.0,-0.04152906,1.473359,-0.101,0.0,0.0,DOWN,1.473359
"('BOMBING', 'HERE', 12, 'ATTACK', 'UNNECESSARY', 'UP')",BOMBING,HERE,12,ATTACK,UNNECESSARY,UP,0.0,-0.05677099,-0.09372265,0.0,0.0,1.1016928,BOMB,1.1016928
"('BOMBING', 'RIGHT', 7, 'ATTACK', 'UNNECESSARY', 'LEFT')",BOMBING,RIGHT,7,ATTACK,UNNECESSARY,LEFT,0.0,0.5094013,0.0,0.0,0.0,0.0,RIGHT,0.5094013
"('ESCAPE', 'LEFT', 12, 'UNAVAILABLE', 'UNNECESSARY', 'UP')",ESCAPE,LEFT,12,UNAVAILABLE,UNNECESSARY,UP,-0.007847611,0.0,0.0,0.64093924,0.0,0.0,LEFT,0.64093924
"('BOMBING', 'RIGHT', 8, 'GOOD_HIGH', 'UNNECESSARY', 'LEFT')",BOMBING,RIGHT,8,GOOD_HIGH,UNNECESSARY,LEFT,-0.08243299,-0.501,-0.101,0.0,-0.049462985,0.0,LEFT,0.0
"('BOMBING', 'RIGHT', 8, 'GOOD_HIGH', 'UNNECESSARY', 'DOWN')",BOMBING,RIGHT,8,GOOD_HIGH,UNNECESSARY,DOWN,0.0,0.0,0.0,0.0,0.0,0.08811346,BOMB,0.08811346
"('BOMBING', 'UP', 9, 'UNAVAILABLE', 'UNNECESSARY', 'RIGHT')",BOMBING,UP,9,UNAVAILABLE,UNNECESSARY,RIGHT,1.3928717,0.0,0.0,0.0,-0.051,0.0,UP,1.3928717
"('COIN', 'LEFT', 9, 'UNAVAILABLE', 'UNNECESSARY', 'WAIT')",COIN,LEFT,9,UNAVAILABLE,UNNECESSARY,WAIT,0.09480262,-0.09720178,-0.08967967,0.0,0.0,0.0,UP,0.09480262
"('COIN', 'RIGHT', 15, 'GOOD_LOW', 'UNNECESSARY', 'DOWN')",COIN,RIGHT,15,GOOD_LOW,UNNECESSARY,DOWN,0.0,0.0,-0.010033347,-0.01516773,-0.051,1.1828744,BOMB,1.1828744
"('COIN', 'RIGHT', 15, 'GOOD_LOW', 'UNNECESSARY', 'RIGHT')",COIN,RIGHT,15,GOOD_LOW,UNNECESSARY,RIGHT,0.99883825,0.13262816,0.0,0.0,-0.04602981,0.0,UP,0.99883825
"('BOMBING', 'RIGHT', 15, 'UNAVAILABLE', 'UNNECESSARY', 'LEFT')",BOMBING,RIGHT,15,UNAVAILABLE,UNNECESSARY,LEFT,0.7799784,0.0,0.0,-0.018114256,0.0,0.0,UP,0.7799784
"('BOMBING', 'RIGHT', 14, 'USELESS', 'UNNECESSARY', 'RIGHT')",BOMBING,RIGHT,14,USELESS,UNNECESSARY,RIGHT,-0.006462335,0.0,0.7608467,-0.040981945,0.0,-0.0950192,DOWN,0.7608467
"('BOMBING', 'RIGHT', 14, 'GOOD_HIGH', 'UNNECESSARY', 'RIGHT')",BOMBING,RIGHT,14,GOOD_HIGH,UNNECESSARY,RIGHT,0.0,0.112148724,1.1637646,0.0,0.0,0.0,DOWN,1.1637646
"('BOMBING', 'HERE', 15, 'GOOD_LOW', 'UNNECESSARY', 'LEFT')",BOMBING,HERE,15,GOOD_LOW,UNNECESSARY,LEFT,0.06742795,-0.04201893,0.05274943,0.03350806,-0.14474668,1.1250939,BOMB,1.1250939
"('BOMBING', 'HERE', 15, 'GOOD_LOW', 'UNNECESSARY', 'WAIT')",BOMBING,HERE,15,GOOD_LOW,UNNECESSARY,WAIT,-0.011,-0.016087703,0.2919534,0.0,-0.051,0.0,DOWN,0.2919534
"('BOMBING', 'HERE', 5, 'GOOD_LOW', 'UNNECESSARY', 'LEFT')",BOMBING,HERE,5,GOOD_LOW,UNNECESSARY,LEFT,-0.011,-0.101,0.0,0.0,0.0,0.16415608,BOMB,0.16415608
"('BOMBING', 'HERE', 14, 'GOOD_LOW', 'UNNECESSARY', 'UP')",BOMBING,HERE,14,GOOD_LOW,UNNECESSARY,UP,0.0,-0.01785704,0.014680688,0.52477103,-0.04576745,0.0,LEFT,0.52477103
"('BOMBING', 'HERE', 14, 'GOOD_LOW', 'UNNECESSARY', 'LEFT')",BOMBING,HERE,14,GOOD_LOW,UNNECESSARY,LEFT,0.0,0.0,0.86433583,-0.0101002725,-0.051,0.09567678,DOWN,0.86433583
"('BOMBING', 'HERE', 14, 'GOOD_LOW', 'UNNECESSARY', 'WAIT')",BOMBING,HERE,14,GOOD_LOW,UNNECESSARY,WAIT,0.0,0.0,0.0,0.0,0.0,0.15674227,BOMB,0.15674227
"('NONE', 'NONE', 14, 'UNAVAILABLE', 'UNNECESSARY', 'DOWN')",NONE,NONE,14,UNAVAILABLE,UNNECESSARY,DOWN,-1.201,0.62035507,0.0,-0.00109,-0.051,0.0,RIGHT,0.62035507
"('NONE', 'NONE', 15, 'USELESS', 'UNNECESSARY', 'LEFT')",NONE,NONE,15,USELESS,UNNECESSARY,LEFT,0.4238844,-0.032857426,0.2572639,0.24078123,-0.15303037,-0.16850649,UP,0.4238844
"('ESCAPE', 'RIGHT', 7, 'UNAVAILABLE', 'UNNECESSARY', 'BOMB')",ESCAPE,RIGHT,7,UNAVAILABLE,UNNECESSARY,BOMB,1.8208342,0.0,0.0,-0.31579053,0.0,0.0,UP,1.8208342
"('BOMBING', 'LEFT', 12, 'GOOD_LOW', 'UNNECESSARY', 'NONE')",BOMBING,LEFT,12,GOOD_LOW,UNNECESSARY,NONE,0.0,0.0,0.0,0.0,0.0,1.0682689,BOMB,1.0682689
"('BOMBING', 'HERE', 13, 'UNAVAILABLE', 'UNNECESSARY', 'UP')",BOMBING,HERE,13,UNAVAILABLE,UNNECESSARY,UP,0.8951536,0.0,0.0,0.0,-0.04201673,-0.101,UP,0.8951536
"('COIN', 'LEFT', 11, 'USELESS', 'UNNECESSARY', 'RIGHT')",COIN,LEFT,11,USELESS,UNNECESSARY,RIGHT,0.0,0.0,-0.07128744,1.2113217,-0.051,0.0,LEFT,1.2113217
"('COIN', 'LEFT', 11, 'USELESS', 'UNNECESSARY', 'WAIT')",COIN,LEFT,11,USELESS,UNNECESSARY,WAIT,0.0,0.0,0.0,0.41315666,0.0,-0.100113966,LEFT,0.41315666
"('BOMBING', 'HERE', 14, 'ATTACK', 'UNNECESSARY', 'RIGHT')",BOMBING,HERE,14,ATTACK,UNNECESSARY,RIGHT,0.0,0.0,0.0,0.0,0.0,1.1912674,BOMB,1.1912674
"('ESCAPE', 'UP', 1, 'USELESS', 'UNSAFE', 'UP')",ESCAPE,UP,1,USELESS,UNSAFE,UP,0.14274725,-0.27162552,-0.501,-0.601,-0.501,-0.651,UP,0.14274725
"('BOMBING', 'LEFT', 14, 'GOOD_LOW', 'UNNECESSARY', 'LEFT')",BOMBING,LEFT,14,GOOD_LOW,UNNECESSARY,LEFT,-0.069981545,0.0,-0.009482812,0.0,-0.051,1.095312,BOMB,1.095312
"('BOMBING', 'LEFT', 14, 'GOOD_LOW', 'UNNECESSARY', 'WAIT')",BOMBING,LEFT,14,GOOD_LOW,UNNECESSARY,WAIT,0.0,-0.018611336,0.0,0.0,0.0,0.14134544,BOMB,0.14134544
"('BOMBING', 'LEFT', 15, 'GOOD_LOW', 'UNNECESSARY', 'RIGHT')",BOMBING,LEFT,15,GOOD_LOW,UNNECESSARY,RIGHT,0.4735734,-0.011,0.0,0.0,0.0,0.0,UP,0.4735734
"('BOMBING', 'LEFT', 8, 'GOOD_LOW', 'UNNECESSARY', 'RIGHT')",BOMBING,LEFT,8,GOOD_LOW,UNNECESSARY,RIGHT,0.0,-0.101,0.0,-0.016,-0.051,1.4667722,BOMB,1.4667722
"('BOMBING', 'LEFT', 8, 'GOOD_LOW', 'UNNECESSARY', 'WAIT')",BOMBING,LEFT,8,GOOD_LOW,UNNECESSARY,WAIT,0.0,-0.101,0.0,0.0,0.0,0.0,UP,0.0
"('COIN', 'LEFT', 13, 'GOOD_HIGH', 'UNNECESSARY', 'RIGHT')",COIN,LEFT,13,GOOD_HIGH,UNNECESSARY,RIGHT,0.0,0.0,0.0,0.8123225,0.0,0.0,LEFT,0.8123225
"('ESCAPE', 'LEFT', 8, 'USELESS', 'UNSAFE', 'UP')",ESCAPE,LEFT,8,USELESS,UNSAFE,UP,-0.29123592,-0.14609,-0.501,0.19112252,-0.501,-0.651,LEFT,0.19112252
"('BOMBING', 'DOWN', 6, 'UNAVAILABLE', 'UNNECESSARY', 'DOWN')",BOMBING,DOWN,6,UNAVAILABLE,UNNECESSARY,DOWN,0.0,0.0,0.953833,-0.15017802,-0.051,0.0,DOWN,0.953833
"('BOMBING', 'RIGHT', 14, 'UNAVAILABLE', 'UNNECESSARY', 'LEFT')",BOMBING,RIGHT,14,UNAVAILABLE,UNNECESSARY,LEFT,0.0,0.0,0.6787369,0.0,0.0,0.0,DOWN,0.6787369
"('COIN', 'LEFT', 2, 'UNAVAILABLE', 'UNNECESSARY', 'LEFT')",COIN,LEFT,2,UNAVAILABLE,UNNECESSARY,LEFT,-0.09490916,-0.012581668,-0.101,-1.201,0.69589496,-0.09150955,WAIT,0.69589496
"('ESCAPE', 'UP', 5, 'ATTACK', 'UNSAFE', 'DOWN')",ESCAPE,UP,5,ATTACK,UNSAFE,DOWN,0.31272694,-0.186671,0.022846889,-0.501,-0.501,-0.501,UP,0.31272694
"('ESCAPE', 'UP', 1, 'GOOD_LOW', 'UNNECESSARY', 'DOWN')",ESCAPE,UP,1,GOOD_LOW,UNNECESSARY,DOWN,-0.001,-0.101,0.0,-0.101,-0.051,0.26941475,BOMB,0.26941475
"('ESCAPE', 'UP', 1, 'GOOD_LOW', 'UNSAFE', 'LEFT')",ESCAPE,UP,1,GOOD_LOW,UNSAFE,LEFT,0.0079464745,-0.601,0.0,0.0,0.0,0.0,UP,0.0079464745
"('BOMBING', 'DOWN', 12, 'UNAVAILABLE', 'UNNECESSARY', 'UP')",BOMBING,DOWN,12,UNAVAILABLE,UNNECESSARY,UP,-0.07204443,-0.015514018,0.0,0.95643616,0.0,-0.101,LEFT,0.95643616
"('BOMBING', 'DOWN', 12, 'GOOD_LOW', 'UNNECESSARY', 'BOMB')",BOMBING,DOWN,12,GOOD_LOW,UNNECESSARY,BOMB,0.0,0.0,0.0,-0.0018874865,0.0,0.0,UP,0.0
"('COIN', 'LEFT', 14, 'USELESS', 'UNNECESSARY', 'RIGHT')",COIN,LEFT,14,USELESS,UNNECESSARY,RIGHT,0.0,0.0,0.70216733,0.0,0.0,0.0,DOWN,0.70216733
"('BOMBING', 'LEFT', 2, 'UNAVAILABLE', 'UNNECESSARY', 'LEFT')",BOMBING,LEFT,2,UNAVAILABLE,UNNECESSARY,LEFT,-0.09564933,0.4893977,0.0,-1.5819,-0.04578217,-0.186683,RIGHT,0.4893977
"('COIN', 'UP', 6, 'UNAVAILABLE', 'UNNECESSARY', 'DOWN')",COIN,UP,6,UNAVAILABLE,UNNECESSARY,DOWN,0.0,0.0,0.99665445,0.0,-0.044387378,-0.10019,DOWN,0.99665445
"('ESCAPE', 'UP', 15, 'ATTACK', 'UNNECESSARY', 'UP')",ESCAPE,UP,15,ATTACK,UNNECESSARY,UP,1.0718436,0.0,-0.00084483984,-0.001,0.0,0.0,UP,1.0718436
"('ESCAPE', 'LEFT', 10, 'ATTACK', 'UNNECESSARY', 'RIGHT')",ESCAPE,LEFT,10,ATTACK,UNNECESSARY,RIGHT,-0.101,-0.001,0.0,0.9719622,0.0,0.0,LEFT,0.9719622
"('ESCAPE', 'LEFT', 10, 'ATTACK', 'UNNECESSARY', 'UP')",ESCAPE,LEFT,10,ATTACK,UNNECESSARY,UP,-0.101,0.0,0.0,0.0,0.0,0.0,RIGHT,0.0
"('BOMBING', 'HERE', 10, 'UNAVAILABLE', 'UNNECESSARY', 'BOMB')",BOMBING,HERE,10,UNAVAILABLE,UNNECESSARY,BOMB,-0.101,0.0,0.0,0.24273661,0.0,0.0,LEFT,0.24273661
"('COIN', 'RIGHT', 6, 'UNAVAILABLE', 'UNNECESSARY', 'LEFT')",COIN,RIGHT,6,UNAVAILABLE,UNNECESSARY,LEFT,0.0,0.0,1.131029,-0.101,0.0,-0.101,DOWN,1.131029
"('COIN', 'RIGHT', 6, 'USELESS', 'UNNECESSARY', 'LEFT')",COIN,RIGHT,6,USELESS,UNNECESSARY,LEFT,0.0,0.0,0.41206193,0.0,0.0,0.0,DOWN,0.41206193
"('BOMBING', 'RIGHT', 7, 'UNAVAILABLE', 'UNNECESSARY', 'LEFT')",BOMBING,RIGHT,7,UNAVAILABLE,UNNECESSARY,LEFT,0.0,0.0,0.8509924,0.0,0.0,0.0,DOWN,0.8509924
"('BOMBING', 'RIGHT', 7, 'GOOD_LOW', 'UNNECESSARY', 'DOWN')",BOMBING,RIGHT,7,GOOD_LOW,UNNECESSARY,DOWN,-0.0048279916,1.0768917,0.0,0.0,0.0,0.0,RIGHT,1.0768917
"('ESCAPE', 'UP', 11, 'GOOD_HIGH', 'UNNECESSARY', 'DOWN')",ESCAPE,UP,11,GOOD_HIGH,UNNECESSARY,DOWN,0.0,0.0,0.0,0.0,0.0,0.19722348,BOMB,0.19722348
"('COIN', 'RIGHT', 7, 'ATTACK', 'UNNECESSARY', 'UP')",COIN,RIGHT,7,ATTACK,UNNECESSARY,UP,0.0,0.0,0.0,0.0,0.0,1.2102214,BOMB,1.2102214
"('BOMBING', 'RIGHT', 3, 'UNAVAILABLE', 'UNNECESSARY', 'UP')",BOMBING,RIGHT,3,UNAVAILABLE,UNNECESSARY,UP,0.70559734,0.102174155,0.0,-0.05012169,-0.051,0.0,UP,0.70559734
"('COIN', 'RIGHT', 15, 'UNAVAILABLE', 'UNNECESSARY', 'WAIT')",COIN,RIGHT,15,UNAVAILABLE,UNNECESSARY,WAIT,0.22734946,0.0,0.0,0.0,0.0,-0.101,UP,0.22734946
"('COIN', 'RIGHT', 15, 'USELESS', 'UNNECESSARY', 'BOMB')",COIN,RIGHT,15,USELESS,UNNECESSARY,BOMB,0.007961372,0.0,0.0,0.0,0.0,0.0,UP,0.007961372
"('COIN', 'RIGHT', 7, 'GOOD_LOW', 'UNNECESSARY', 'BOMB')",COIN,RIGHT,7,GOOD_LOW,UNNECESSARY,BOMB,0.0,0.0,0.0,0.0,0.0,0.04138513,BOMB,0.04138513
"('ESCAPE', 'RIGHT', 10, 'GOOD_HIGH', 'UNNECESSARY', 'RIGHT')",ESCAPE,RIGHT,10,GOOD_HIGH,UNNECESSARY,RIGHT,0.0,-0.001,-0.101,0.0,0.0,1.1517681,BOMB,1.1517681
"('ESCAPE', 'RIGHT', 10, 'GOOD_HIGH', 'UNNECESSARY', 'DOWN')",ESCAPE,RIGHT,10,GOOD_HIGH,UNNECESSARY,DOWN,-0.101,-0.001,0.0,0.0,-0.051,0.8647367,BOMB,0.8647367
"('ESCAPE', 'RIGHT', 10, 'GOOD_HIGH', 'UNSAFE', 'UP')",ESCAPE,RIGHT,10,GOOD_HIGH,UNSAFE,UP,0.0,0.20196487,-0.501,-0.001,-0.0149581,-0.501,RIGHT,0.20196487
"('COIN', 'DOWN', 15, 'GOOD_LOW', 'UNNECESSARY', 'RIGHT')",COIN,DOWN,15,GOOD_LOW,UNNECESSARY,RIGHT,0.0,0.0,2.1051052,0.0550154,0.0,0.0,DOWN,2.1051052
"('COIN', 'UP', 3, 'ATTACK', 'UNNECESSARY', 'DOWN')",COIN,UP,3,ATTACK,UNNECESSARY,DOWN,0.0,0.4386018,0.0,0.0,-0.051,0.0,RIGHT,0.4386018
"('ESCAPE', 'UP', 3, 'ATTACK', 'UNNECESSARY', 'WAIT')",ESCAPE,UP,3,ATTACK,UNNECESSARY,WAIT,0.0,0.0,0.0,0.0,0.0,0.58920634,BOMB,0.58920634
"('ESCAPE', 'UP', 1, 'ATTACK', 'UNNECESSARY', 'RIGHT')",ESCAPE,UP,1,ATTACK,UNNECESSARY,RIGHT,0.0,0.0,-0.074512735,0.0,0.0,1.3661115,BOMB,1.3661115
"('COIN', 'DOWN', 14, 'GOOD_HIGH', 'UNNECESSARY', 'BOMB')",COIN,DOWN,14,GOOD_HIGH,UNNECESSARY,BOMB,0.0,0.0,0.0,0.0,-0.051,0.0,UP,0.0
"('COIN', 'RIGHT', 2, 'GOOD_LOW', 'UNNECESSARY', 'LEFT')",COIN,RIGHT,2,GOOD_LOW,UNNECESSARY,LEFT,0.0,0.94930565,0.0,-0.101,-0.051,0.0,RIGHT,0.94930565
"('COIN', 'RIGHT', 2, 'GOOD_LOW', 'UNNECESSARY', 'WAIT')",COIN,RIGHT,2,GOOD_LOW,UNNECESSARY,WAIT,0.0,0.0,0.0,0.0,0.0,1.2857646,BOMB,1.2857646
"('BOMBING', 'RIGHT', 14, 'UNAVAILABLE', 'UNNECESSARY', 'UP')",BOMBING,RIGHT,14,UNAVAILABLE,UNNECESSARY,UP,-0.101,0.0,0.74521327,0.05417674,-0.051,-0.101,DOWN,0.74521327
"('BOMBING', 'RIGHT', 14, 'USELESS', 'UNNECESSARY', 'LEFT')",BOMBING,RIGHT,14,USELESS,UNNECESSARY,LEFT,-0.007333195,0.0,0.6733314,0.0,0.0,0.0,DOWN,0.6733314
"('NONE', 'NONE', 10, 'UNAVAILABLE', 'UNNECESSARY', 'UP')",NONE,NONE,10,UNAVAILABLE,UNNECESSARY,UP,0.0,0.5138028,-0.101171,-0.0020556783,0.0,-0.101,RIGHT,0.5138028
"('NONE', 'NONE', 10, 'USELESS', 'UNNECESSARY', 'BOMB')",NONE,NONE,10,USELESS,UNNECESSARY,BOMB,0.0,-0.001,-0.101,0.17265601,-0.051,-0.045167573,LEFT,0.17265601
"('NONE', 'NONE', 15, 'USELESS', 'UNNECESSARY', 'RIGHT')",NONE,NONE,15,USELESS,UNNECESSARY,RIGHT,0.21555057,0.16210946,0.6449445,0.1468419,-0.24197471,-0.22302304,DOWN,0.6449445
"('NONE', 'NONE', 10, 'USELESS', 'UNNECESSARY', 'RIGHT')",NONE,NONE,10,USELESS,UNNECESSARY,RIGHT,-0.69171673,0.59593654,-0.53582615,0.19096723,-0.12089309,-0.3378744,RIGHT,0.59593654
"('NONE', 'NONE', 10, 'USELESS', 'UNNECESSARY', 'UP')",NONE,NONE,10,USELESS,UNNECESSARY,UP,-0.101,-0.005165928,-0.101,0.31194827,-0.051,-0.05670073,LEFT,0.31194827
"('NONE', 'NONE', 13, 'UNAVAILABLE', 'UNNECESSARY', 'DOWN')",NONE,NONE,13,UNAVAILABLE,UNNECESSARY,DOWN,0.006816998,-0.1919,0.0,0.6169107,0.0,0.0,LEFT,0.6169107
"('NONE', 'NONE', 5, 'USELESS', 'UNNECESSARY', 'UP')",NONE,NONE,5,USELESS,UNNECESSARY,UP,0.54128075,-0.48112458,0.2985549,-0.51617247,-0.083646186,-0.2152609,UP,0.54128075
"('NONE', 'NONE', 5, 'USELESS', 'UNNECESSARY', 'LEFT')",NONE,NONE,5,USELESS,UNNECESSARY,LEFT,-0.004736285,-0.101,0.48654503,-0.101,-0.051,-0.065336935,DOWN,0.48654503
"('NONE', 'NONE', 13, 'USELESS', 'UNNECESSARY', 'DOWN')",NONE,NONE,13,USELESS,UNNECESSARY,DOWN,0.05075162,-0.2794391,0.59436756,0.0799454,-0.14443445,-0.27312458,DOWN,0.59436756
"('NONE', 'NONE', 15, 'UNAVAILABLE', 'UNNECESSARY', 'LEFT')",NONE,NONE,15,UNAVAILABLE,UNNECESSARY,LEFT,0.0,0.23759398,0.76514393,0.14165238,-0.027190788,-0.26266742,DOWN,0.76514393
"('NONE', 'NONE', 15, 'UNAVAILABLE', 'UNNECESSARY', 'BOMB')",NONE,NONE,15,UNAVAILABLE,UNNECESSARY,BOMB,-0.001,0.0,-0.001,0.03853398,0.0,-0.101,LEFT,0.03853398
"('NONE', 'NONE', 12, 'UNAVAILABLE', 'UNNECESSARY', 'RIGHT')",NONE,NONE,12,UNAVAILABLE,UNNECESSARY,RIGHT,0.0,-0.101,-0.001,0.39046505,-0.0802864,-0.101,LEFT,0.39046505
"('NONE', 'NONE', 5, 'UNAVAILABLE', 'UNNECESSARY', 'BOMB')",NONE,NONE,5,UNAVAILABLE,UNNECESSARY,BOMB,-0.05511956,-0.101,0.39157522,-0.101,-0.051,-0.101,DOWN,0.39157522
"('NONE', 'NONE', 5, 'USELESS', 'UNNECESSARY', 'WAIT')",NONE,NONE,5,USELESS,UNNECESSARY,WAIT,-0.0050214464,-0.101,0.57403344,-0.18336508,-0.051,-0.05647004,DOWN,0.57403344
"('NONE', 'NONE', 12, 'USELESS', 'UNNECESSARY', 'UP')",NONE,NONE,12,USELESS,UNNECESSARY,UP,-0.101,-0.101,-0.026,0.18465185,-0.051,-0.0931794,LEFT,0.18465185
"('NONE', 'NONE', 5, 'USELESS', 'UNNECESSARY', 'DOWN')",NONE,NONE,5,USELESS,UNNECESSARY,DOWN,0.22143519,-0.588901,0.5516773,-0.5798696,-0.017693512,-0.20563622,DOWN,0.5516773
"('NONE', 'NONE', 12, 'UNAVAILABLE', 'UNNECESSARY', 'DOWN')",NONE,NONE,12,UNAVAILABLE,UNNECESSARY,DOWN,0.0,-0.101,0.4712958,0.0,0.0,0.0,DOWN,0.4712958
"('NONE', 'NONE', 13, 'UNAVAILABLE', 'UNNECESSARY', 'RIGHT')",NONE,NONE,13,UNAVAILABLE,UNNECESSARY,RIGHT,0.04876049,-0.18858992,0.7046554,-0.033390585,-0.118737146,-0.347339,DOWN,0.7046554
"('NONE', 'NONE', 13, 'USELESS', 'UNNECESSARY', 'RIGHT')",NONE,NONE,13,USELESS,UNNECESSARY,RIGHT,0.084493935,-0.18048856,0.64466643,-0.029244846,-0.14439642,-0.14353096,DOWN,0.64466643
"('NONE', 'NONE', 10, 'UNAVAILABLE', 'UNNECESSARY', 'WAIT')",NONE,NONE,10,UNAVAILABLE,UNNECESSARY,WAIT,-0.08904215,0.5960434,0.0,0.10539425,0.0,-0.101,RIGHT,0.5960434
"('NONE', 'NONE', 10, 'USELESS', 'UNNECESSARY', 'WAIT')",NONE,NONE,10,USELESS,UNNECESSARY,WAIT,-0.101,-0.0045510787,-0.101,0.48425972,-0.051,-0.055028275,LEFT,0.48425972
"('NONE', 'NONE', 10, 'USELESS', 'UNNECESSARY', 'DOWN')",NONE,NONE,10,USELESS,UNNECESSARY,DOWN,-0.10109,0.56659925,-0.101,-0.006632921,-0.051,-0.05993246,RIGHT,0.56659925
"('NONE', 'NONE', 13, 'USELESS', 'UNNECESSARY', 'UP')",NONE,NONE,13,USELESS,UNNECESSARY,UP,0.11374486,-0.21131605,0.019350868,0.36588994,-0.12667444,-0.22644994,LEFT,0.36588994
"('NONE', 'NONE', 15, 'USELESS', 'UNNECESSARY', 'WAIT')",NONE,NONE,15,USELESS,UNNECESSARY,WAIT,-0.002690737,-0.003957826,-0.005795846,0.36254266,-0.051,-0.034534656,LEFT,0.36254266
"('NONE', 'NONE', 15, 'USELESS', 'UNNECESSARY', 'DOWN')",NONE,NONE,15,USELESS,UNNECESSARY,DOWN,0.055229053,0.7585168,0.10255263,0.11752002,-0.051,-0.13619806,RIGHT,0.7585168
"('BOMBING', 'RIGHT', 11, 'ATTACK', 'UNNECESSARY', 'RIGHT')",BOMBING,RIGHT,11,ATTACK,UNNECESSARY,RIGHT,0.0,1.0282811,0.0,0.0,0.0,0.0,RIGHT,1.0282811
"('COIN', 'LEFT', 11, 'ATTACK', 'UNNECESSARY', 'DOWN')",COIN,LEFT,11,ATTACK,UNNECESSARY,DOWN,0.5490444,0.0,0.0,0.0,0.0,0.0,UP,0.5490444
"('COIN', 'DOWN', 14, 'ATTACK', 'UNNECESSARY', 'UP')",COIN,DOWN,14,ATTACK,UNNECESSARY,UP,0.0,0.0,0.0,0.75564283,0.0,0.0,LEFT,0.75564283
"('COIN', 'DOWN', 7, 'ATTACK', 'UNNECESSARY', 'LEFT')",COIN,DOWN,7,ATTACK,UNNECESSARY,LEFT,0.06437597,-0.001,1.9025304,0.0,0.0,0.0,DOWN,1.9025304
"('ESCAPE', 'LEFT', 8, 'GOOD_HIGH', 'UNSAFE', 'RIGHT')",ESCAPE,LEFT,8,GOOD_HIGH,UNSAFE,RIGHT,-0.601,-0.601,-0.601,0.16237819,-0.501,-0.501,LEFT,0.16237819
"('COIN', 'DOWN', 13, 'USELESS', 'UNNECESSARY', 'UP')",COIN,DOWN,13,USELESS,UNNECESSARY,UP,0.8530509,-0.06622679,0.0,0.0,-0.051,0.0,UP,0.8530509
"('COIN', 'DOWN', 13, 'USELESS', 'UNNECESSARY', 'WAIT')",COIN,DOWN,13,USELESS,UNNECESSARY,WAIT,0.0,-0.096893795,0.1425021,0.0,0.0,0.0,DOWN,0.1425021
"('COIN', 'UP', 13, 'GOOD_LOW', 'UNNECESSARY', 'DOWN')",COIN,UP,13,GOOD_LOW,UNNECESSARY,DOWN,0.0,0.0,0.0,1.116991,0.0,0.0,LEFT,1.116991
"('COIN', 'UP', 13, 'USELESS', 'UNNECESSARY', 'BOMB')",COIN,UP,13,USELESS,UNNECESSARY,BOMB,0.0,0.0,0.06746439,0.0,0.0,-0.08763175,DOWN,0.06746439
"('COIN', 'LEFT', 11, 'USELESS', 'UNNECESSARY', 'BOMB')",COIN,LEFT,11,USELESS,UNNECESSARY,BOMB,0.033606935,0.0,0.0,0.0,0.0,0.0,UP,0.033606935
"('ESCAPE', 'DOWN', 5, 'ATTACK', 'UNNECESSARY', 'DOWN')",ESCAPE,DOWN,5,ATTACK,UNNECESSARY,DOWN,0.36800468,-0.101,-0.0716757,-0.18030053,-0.051,-0.21396017,UP,0.36800468
"('ESCAPE', 'DOWN', 4, 'GOOD_HIGH', 'UNNECESSARY', 'WAIT')",ESCAPE,DOWN,4,GOOD_HIGH,UNNECESSARY,WAIT,-0.101,0.0,0.0,0.0,-0.051,0.23435788,BOMB,0.23435788
"('ESCAPE', 'DOWN', 4, 'GOOD_HIGH', 'UNSAFE', 'WAIT')",ESCAPE,DOWN,4,GOOD_HIGH,UNSAFE,WAIT,-0.601,0.0,0.018984169,-0.101,0.0,-0.501,DOWN,0.018984169
"('COIN', 'RIGHT', 15, 'GOOD_LOW', 'UNNECESSARY', 'LEFT')",COIN,RIGHT,15,GOOD_LOW,UNNECESSARY,LEFT,0.0,0.0,0.0,0.0,0.0,1.144744,BOMB,1.144744
"('COIN', 'DOWN', 1, 'USELESS', 'UNNECESSARY', 'RIGHT')",COIN,DOWN,1,USELESS,UNNECESSARY,RIGHT,0.0,0.0,-0.501,0.0,0.0,0.0,UP,0.0
"('ESCAPE', 'UP', 1, 'ATTACK', 'UNNECESSARY', 'WAIT')",ESCAPE,UP,1,ATTACK,UNNECESSARY,WAIT,-0.001,-0.101,-0.101,-0.101,-0.104620256,1.5830477,BOMB,1.5830477
"('ESCAPE', 'UP', 1, 'USELESS', 'UNNECESSARY', 'DOWN')",ESCAPE,UP,1,USELESS,UNNECESSARY,DOWN,0.3241362,-0.101,-0.101,-0.101,-0.051,-0.57502156,UP,0.3241362
"('ESCAPE', 'UP', 1, 'USELESS', 'UNSAFE', 'RIGHT')",ESCAPE,UP,1,USELESS,UNSAFE,RIGHT,0.2047147,-0.15509,-0.601,-0.24314834,-0.501,-0.651,UP,0.2047147
"('BOMBING', 'UP', 7, 'ATTACK', 'UNNECESSARY', 'DOWN')",BOMBING,UP,7,ATTACK,UNNECESSARY,DOWN,0.55676454,-0.043923914,0.0,0.0,-0.051,0.0,UP,0.55676454
"('COIN', 'RIGHT', 7, 'GOOD_HIGH', 'UNNECESSARY', 'UP')",COIN,RIGHT,7,GOOD_HIGH,UNNECESSARY,UP,0.108727664,1.7393398,0.44580874,-0.09770469,0.0,0.0,RIGHT,1.7393398
"('COIN', 'UP', 11, 'ATTACK', 'UNNECESSARY', 'RIGHT')",COIN,UP,11,ATTACK,UNNECESSARY,RIGHT,1.5246049,0.0,0.0,0.0,0.0,0.0,UP,1.5246049
"('COIN', 'UP', 14, 'UNAVAILABLE', 'UNNECESSARY', 'WAIT')",COIN,UP,14,UNAVAILABLE,UNNECESSARY,WAIT,0.0,0.036877356,0.0,0.0,0.0,0.0,RIGHT,0.036877356
"('ESCAPE', 'UP', 1, 'GOOD_LOW', 'UNSAFE', 'WAIT')",ESCAPE,UP,1,GOOD_LOW,UNSAFE,WAIT,0.0065849866,0.0,-0.601,-0.101,0.0,0.0,UP,0.0065849866
"('BOMBING', 'DOWN', 6, 'GOOD_LOW', 'UNNECESSARY', 'UP')",BOMBING,DOWN,6,GOOD_LOW,UNNECESSARY,UP,-0.101,0.5642142,0.0,0.0,0.0,0.18168911,RIGHT,0.5642142
"('COIN', 'DOWN', 7, 'UNAVAILABLE', 'UNNECESSARY', 'BOMB')",COIN,DOWN,7,UNAVAILABLE,UNNECESSARY,BOMB,0.0,0.12760437,0.0,0.0,0.0,0.0,RIGHT,0.12760437
"('BOMBING', 'DOWN', 15, 'GOOD_HIGH', 'UNNECESSARY', 'RIGHT')",BOMBING,DOWN,15,GOOD_HIGH,UNNECESSARY,RIGHT,0.0,0.06875147,1.1484557,0.0,0.0,0.13204575,DOWN,1.1484557
"('BOMBING', 'UP', 7, 'USELESS', 'UNNECESSARY', 'WAIT')",BOMBING,UP,7,USELESS,UNNECESSARY,WAIT,0.0,0.24783552,-0.013002262,0.0,-0.051,-0.039905734,RIGHT,0.24783552
"('BOMBING', 'UP', 7, 'GOOD_LOW', 'UNNECESSARY', 'UP')",BOMBING,UP,7,GOOD_LOW,UNNECESSARY,UP,0.0,0.8299874,0.0,0.010730389,-0.051,0.0,RIGHT,0.8299874
"('BOMBING', 'UP', 7, 'GOOD_LOW', 'UNNECESSARY', 'WAIT')",BOMBING,UP,7,GOOD_LOW,UNNECESSARY,WAIT,0.0,0.16413787,0.0,0.0,0.0,0.0,RIGHT,0.16413787
"('BOMBING', 'RIGHT', 15, 'GOOD_LOW', 'UNNECESSARY', 'WAIT')",BOMBING,RIGHT,15,GOOD_LOW,UNNECESSARY,WAIT,0.0,0.0,0.0,0.0,-0.051,0.25746602,BOMB,0.25746602
"('ESCAPE', 'DOWN', 15, 'ATTACK', 'UNNECESSARY', 'LEFT')",ESCAPE,DOWN,15,ATTACK,UNNECESSARY,LEFT,0.0,-0.101,0.0,0.0,-0.051,0.0,UP,0.0
"('ESCAPE', 'DOWN', 12, 'ATTACK', 'UNNECESSARY', 'WAIT')",ESCAPE,DOWN,12,ATTACK,UNNECESSARY,WAIT,0.0,0.0,0.0,0.0,0.0,0.15373807,BOMB,0.15373807
"('BOMBING', 'RIGHT', 15, 'ATTACK', 'UNNECESSARY', 'DOWN')",BOMBING,RIGHT,15,ATTACK,UNNECESSARY,DOWN,0.0,0.09600797,0.79453427,0.09781192,-0.051,0.0,DOWN,0.79453427
"('BOMBING', 'RIGHT', 15, 'ATTACK', 'UNNECESSARY', 'RIGHT')",BOMBING,RIGHT,15,ATTACK,UNNECESSARY,RIGHT,0.0,1.0451009,0.10819391,0.023230191,-0.045112796,0.12866549,RIGHT,1.0451009
"('BOMBING', 'HERE', 13, 'GOOD_LOW', 'UNNECESSARY', 'UP')",BOMBING,HERE,13,GOOD_LOW,UNNECESSARY,UP,-0.013412679,-0.09868794,-0.029571852,-0.011,-0.04276005,1.1703054,BOMB,1.1703054
"('NONE', 'NONE', 13, 'ATTACK', 'UNNECESSARY', 'WAIT')",NONE,NONE,13,ATTACK,UNNECESSARY,WAIT,-0.0036080233,-0.101,0.0,-0.001,-0.051,0.57770354,BOMB,0.57770354
"('NONE', 'NONE', 9, 'ATTACK', 'UNNECESSARY', 'RIGHT')",NONE,NONE,9,ATTACK,UNNECESSARY,RIGHT,0.04582914,0.0,0.0,0.49531615,-0.0969,-0.26777393,LEFT,0.49531615
"('ESCAPE', 'LEFT', 9, 'ATTACK', 'UNNECESSARY', 'WAIT')",ESCAPE,LEFT,9,ATTACK,UNNECESSARY,WAIT,0.005326044,0.0,0.0,-0.001,0.0,0.0,UP,0.005326044
"('NONE', 'NONE', 10, 'USELESS', 'UNNECESSARY', 'LEFT')",NONE,NONE,10,USELESS,UNNECESSARY,LEFT,-0.6700951,0.112349294,-0.46805066,0.33117273,-0.1205306,-0.26660705,LEFT,0.33117273
"('NONE', 'NONE', 5, 'ATTACK', 'UNNECESSARY', 'RIGHT')",NONE,NONE,5,ATTACK,UNNECESSARY,RIGHT,-0.001,0.0,-0.101,0.0,-0.05109,1.2144034,BOMB,1.2144034
"('NONE', 'NONE', 15, 'ATTACK', 'UNNECESSARY', 'UP')",NONE,NONE,15,ATTACK,UNNECESSARY,UP,-0.0012439,-0.001,-0.026,-0.001252,0.0,1.0984222,BOMB,1.0984222
"('NONE', 'NONE', 1, 'ATTACK', 'UNNECESSARY', 'DOWN')",NONE,NONE,1,ATTACK,UNNECESSARY,DOWN,0.050881922,-0.07720571,-0.06089514,-0.17151871,-0.008795619,1.331304,BOMB,1.331304
"('ESCAPE', 'UP', 1, 'USELESS', 'UNNECESSARY', 'RIGHT')",ESCAPE,UP,1,USELESS,UNNECESSARY,RIGHT,0.42998475,-0.101,-0.101,-0.054270998,-0.051,-0.038584888,UP,0.42998475
"('BOMBING', 'LEFT', 8, 'ATTACK', 'UNNECESSARY', 'LEFT')",BOMBING,LEFT,8,ATTACK,UNNECESSARY,LEFT,0.0,0.0,-0.101,0.8293838,0.0,0.0,LEFT,0.8293838
"('BOMBING', 'LEFT', 10, 'ATTACK', 'UNNECESSARY', 'DOWN')",BOMBING,LEFT,10,ATTACK,UNNECESSARY,DOWN,-0.101,-0.008991828,-0.07791627,0.116287135,-0.03373052,0.0,LEFT,0.116287135
"('COIN', 'RIGHT', 15, 'GOOD_LOW', 'UNNECESSARY', 'BOMB')",COIN,RIGHT,15,GOOD_LOW,UNNECESSARY,BOMB,0.0,0.0,0.0,-0.01616233,0.0,0.0,UP,0.0
"('COIN', 'RIGHT', 15, 'GOOD_LOW', 'UNNECESSARY', 'WAIT')",COIN,RIGHT,15,GOOD_LOW,UNNECESSARY,WAIT,0.0,0.0,0.13295509,0.0,0.0,0.0,DOWN,0.13295509
"('BOMBING', 'HERE', 8, 'ATTACK', 'UNNECESSARY', 'RIGHT')",BOMBING,HERE,8,ATTACK,UNNECESSARY,RIGHT,0.0,0.0,-0.101,0.6699128,0.0,0.0,LEFT,0.6699128
"('ESCAPE', 'RIGHT', 10, 'USELESS', 'UNNECESSARY', 'DOWN')",ESCAPE,RIGHT,10,USELESS,UNNECESSARY,DOWN,-0.18935488,0.0,-0.101,-0.001,-0.051,0.08920133,BOMB,0.08920133
"('COIN', 'DOWN', 6, 'GOOD_HIGH', 'UNNECESSARY', 'UP')",COIN,DOWN,6,GOOD_HIGH,UNNECESSARY,UP,0.0,0.0,0.0,-0.08340156,0.0,0.6791954,BOMB,0.6791954
"('COIN', 'LEFT', 8, 'ATTACK', 'UNNECESSARY', 'RIGHT')",COIN,LEFT,8,ATTACK,UNNECESSARY,RIGHT,0.0,0.0,0.0,0.92859876,-0.0059474073,0.0,LEFT,0.92859876
"('BOMBING', 'DOWN', 7, 'UNAVAILABLE', 'UNNECESSARY', 'RIGHT')",BOMBING,DOWN,7,UNAVAILABLE,UNNECESSARY,RIGHT,0.7234453,0.0,0.0,-1.201,-0.037797615,0.0,UP,0.7234453
"('BOMBING', 'LEFT', 11, 'GOOD_HIGH', 'UNNECESSARY', 'LEFT')",BOMBING,LEFT,11,GOOD_HIGH,UNNECESSARY,LEFT,0.0,0.0,-0.012084642,0.9872306,0.0,0.0,LEFT,0.9872306
"('COIN', 'DOWN', 13, 'ATTACK', 'UNNECESSARY', 'DOWN')",COIN,DOWN,13,ATTACK,UNNECESSARY,DOWN,0.0,0.0,1.7440699,0.0,0.0,0.0,DOWN,1.7440699
"('BOMBING', 'UP', 15, 'ATTACK', 'UNNECESSARY', 'UP')",BOMBING,UP,15,ATTACK,UNNECESSARY,UP,0.3493533,0.1090786,0.057223275,0.0,-0.051,1.1140091,BOMB,1.1140091
"('BOMBING', 'HERE', 6, 'UNAVAILABLE', 'UNNECESSARY', 'LEFT')",BOMBING,HERE,6,UNAVAILABLE,UNNECESSARY,LEFT,0.0,0.74579823,0.0,0.0,0.0,0.0,RIGHT,0.74579823
"('COIN', 'LEFT', 15, 'ATTACK', 'UNNECESSARY', 'BOMB')",COIN,LEFT,15,ATTACK,UNNECESSARY,BOMB,0.0,0.0,0.0,0.0,-0.051,0.0,UP,0.0
"('COIN', 'LEFT', 14, 'ATTACK', 'UNNECESSARY', 'WAIT')",COIN,LEFT,14,ATTACK,UNNECESSARY,WAIT,0.0,0.0,0.0,0.23315263,0.0,0.0,LEFT,0.23315263
"('BOMBING', 'HERE', 13, 'ATTACK', 'UNNECESSARY', 'UP')",BOMBING,HERE,13,ATTACK,UNNECESSARY,UP,0.0,0.0,0.0,-0.011,0.0,1.0359011,BOMB,1.0359011
"('BOMBING', 'HERE', 9, 'ATTACK', 'UNNECESSARY', 'RIGHT')",BOMBING,HERE,9,ATTACK,UNNECESSARY,RIGHT,0.86384726,0.0,0.0,-0.036,0.0,0.0,UP,0.86384726
"('BOMBING', 'HERE', 2, 'ATTACK', 'UNNECESSARY', 'LEFT')",BOMBING,HERE,2,ATTACK,UNNECESSARY,LEFT,-0.101,0.5575608,0.0,-0.07308908,-0.017848229,0.0,RIGHT,0.5575608
"('BOMBING', 'DOWN', 15, 'GOOD_LOW', 'UNNECESSARY', 'RIGHT')",BOMBING,DOWN,15,GOOD_LOW,UNNECESSARY,RIGHT,0.0,0.0,0.0,0.0,0.0,1.0626974,BOMB,1.0626974
"('BOMBING', 'RIGHT', 0, 'UNAVAILABLE', 'NECESSARY', 'RIGHT')",BOMBING,RIGHT,0,UNAVAILABLE,NECESSARY,RIGHT,0.0,0.0,0.0,0.0,0.0,0.60124,BOMB,0.60124
"('COIN', 'RIGHT', 0, 'UNAVAILABLE', 'NECESSARY', 'BOMB')",COIN,RIGHT,0,UNAVAILABLE,NECESSARY,BOMB,0.0,0.0,0.0,0.0,0.5039401,-0.09848565,WAIT,0.5039401
"('ESCAPE', 'DOWN', 14, 'UNAVAILABLE', 'UNNECESSARY', 'DOWN')",ESCAPE,DOWN,14,UNAVAILABLE,UNNECESSARY,DOWN,0.0,0.0,0.4482425,0.0,0.0,0.0,DOWN,0.4482425
"('COIN', 'DOWN', 0, 'UNSAFE', 'NECESSARY', 'RIGHT')",COIN,DOWN,0,UNSAFE,NECESSARY,RIGHT,-0.052687895,0.0,0.0,0.0,0.0,0.0,RIGHT,0.0
"('COIN', 'LEFT', 15, 'GOOD_LOW', 'UNNECESSARY', 'UP')",COIN,LEFT,15,GOOD_LOW,UNNECESSARY,UP,0.891602,0.0,0.0,0.0,-0.03414376,0.0,UP,0.891602
"('COIN', 'LEFT', 2, 'GOOD_HIGH', 'UNNECESSARY', 'RIGHT')",COIN,LEFT,2,GOOD_HIGH,UNNECESSARY,RIGHT,0.0,0.0,0.0,0.0,0.0,0.028985918,BOMB,0.028985918
"('ESCAPE', 'UP', 7, 'UNAVAILABLE', 'UNNECESSARY', 'LEFT')",ESCAPE,UP,7,UNAVAILABLE,UNNECESSARY,LEFT,0.0,0.97559786,0.0,0.0,-0.04955364,0.0,RIGHT,0.97559786
"('BOMBING', 'LEFT', 11, 'UNAVAILABLE', 'UNNECESSARY', 'RIGHT')",BOMBING,LEFT,11,UNAVAILABLE,UNNECESSARY,RIGHT,0.0,0.0,0.0,0.6608149,0.0,0.0,LEFT,0.6608149
"('BOMBING', 'HERE', 1, 'ATTACK', 'UNNECESSARY', 'DOWN')",BOMBING,HERE,1,ATTACK,UNNECESSARY,DOWN,0.0,0.0,-0.09091371,0.0,0.0,1.4051983,BOMB,1.4051983
"('BOMBING', 'HERE', 7, 'GOOD_LOW', 'UNNECESSARY', 'UP')",BOMBING,HERE,7,GOOD_LOW,UNNECESSARY,UP,-0.008511942,0.0,0.0,-0.101,-0.051,1.1310623,BOMB,1.1310623
"('BOMBING', 'HERE', 14, 'GOOD_LOW', 'UNNECESSARY', 'RIGHT')",BOMBING,HERE,14,GOOD_LOW,UNNECESSARY,RIGHT,0.0,0.0,0.0,0.026413802,0.0,1.1540217,BOMB,1.1540217
"('BOMBING', 'LEFT', 15, 'ATTACK', 'UNNECESSARY', 'RIGHT')",BOMBING,LEFT,15,ATTACK,UNNECESSARY,RIGHT,0.0,0.0,0.7771417,0.0,0.0,0.0,DOWN,0.7771417
"('BOMBING', 'UP', 4, 'USELESS', 'UNNECESSARY', 'DOWN')",BOMBING,UP,4,USELESS,UNNECESSARY,DOWN,-0.501,-0.17574243,0.53308827,-0.14976141,-0.14207226,-0.11357837,DOWN,0.53308827
"('BOMBING', 'UP', 4, 'USELESS', 'UNNECESSARY', 'WAIT')",BOMBING,UP,4,USELESS,UNNECESSARY,WAIT,-0.501,0.0,0.015374823,0.0,0.0,0.0,DOWN,0.015374823
"('ESCAPE', 'RIGHT', 11, 'USELESS', 'UNNECESSARY', 'RIGHT')",ESCAPE,RIGHT,11,USELESS,UNNECESSARY,RIGHT,-0.00130951,-0.001,-0.09405339,0.43653142,-0.05109,-0.054684483,LEFT,0.43653142
"('COIN', 'UP', 9, 'UNAVAILABLE', 'UNNECESSARY', 'BOMB')",COIN,UP,9,UNAVAILABLE,UNNECESSARY,BOMB,0.10094109,0.0,0.0,0.0,0.0,0.0,UP,0.10094109
"('BOMBING', 'RIGHT', 6, 'UNAVAILABLE', 'UNNECESSARY', 'DOWN')",BOMBING,RIGHT,6,UNAVAILABLE,UNNECESSARY,DOWN,0.0,1.0321585,0.0,0.0,0.0,0.0,RIGHT,1.0321585
"('BOMBING', 'RIGHT', 8, 'USELESS', 'UNNECESSARY', 'RIGHT')",BOMBING,RIGHT,8,USELESS,UNNECESSARY,RIGHT,-0.101,-0.501,-0.07163395,0.33549383,-0.048078146,-0.036969703,LEFT,0.33549383
"('BOMBING', 'UP', 11, 'GOOD_LOW', 'UNNECESSARY', 'RIGHT')",BOMBING,UP,11,GOOD_LOW,UNNECESSARY,RIGHT,1.1041753,0.0,-0.03930029,0.0,0.0,0.0,UP,1.1041753
"('BOMBING', 'RIGHT', 3, 'GOOD_LOW', 'UNNECESSARY', 'LEFT')",BOMBING,RIGHT,3,GOOD_LOW,UNNECESSARY,LEFT,0.0,0.0,0.0,0.0,0.0,1.0098438,BOMB,1.0098438
"('BOMBING', 'RIGHT', 15, 'GOOD_LOW', 'UNNECESSARY', 'BOMB')",BOMBING,RIGHT,15,GOOD_LOW,UNNECESSARY,BOMB,0.0,0.0,0.0,0.0,-0.044914033,0.0,UP,0.0
"('COIN', 'LEFT', 15, 'GOOD_HIGH', 'UNNECESSARY', 'BOMB')",COIN,LEFT,15,GOOD_HIGH,UNNECESSARY,BOMB,0.0,0.0,0.0,0.0,0.0,0.07541847,BOMB,0.07541847
"('BOMBING', 'RIGHT', 11, 'ATTACK', 'UNNECESSARY', 'LEFT')",BOMBING,RIGHT,11,ATTACK,UNNECESSARY,LEFT,-0.026414312,0.0,-0.09860582,0.0,-0.031722743,1.0488976,BOMB,1.0488976
"('ESCAPE', 'RIGHT', 11, 'UNAVAILABLE', 'UNSAFE', 'UP')",ESCAPE,RIGHT,11,UNAVAILABLE,UNSAFE,UP,0.0,0.23778471,0.0,0.0,0.0,0.0,RIGHT,0.23778471
"('COIN', 'LEFT', 11, 'ATTACK', 'UNNECESSARY', 'RIGHT')",COIN,LEFT,11,ATTACK,UNNECESSARY,RIGHT,-0.004078332,-0.101,-0.0027925856,0.0,0.0,1.0891457,BOMB,1.0891457
"('COIN', 'UP', 7, 'ATTACK', 'UNNECESSARY', 'WAIT')",COIN,UP,7,ATTACK,UNNECESSARY,WAIT,0.0,0.0,0.0,0.0,0.0,0.1359505,BOMB,0.1359505
"('COIN', 'LEFT', 11, 'GOOD_LOW', 'UNNECESSARY', 'WAIT')",COIN,LEFT,11,GOOD_LOW,UNNECESSARY,WAIT,0.0,0.0,-0.101,0.0,-0.051,0.0,UP,0.0
"('COIN', 'LEFT', 11, 'GOOD_LOW', 'UNNECESSARY', 'DOWN')",COIN,LEFT,11,GOOD_LOW,UNNECESSARY,DOWN,0.0,-0.010887511,0.0,0.0,-0.051,1.0534949,BOMB,1.0534949
"('COIN', 'UP', 11, 'GOOD_LOW', 'UNNECESSARY', 'WAIT')",COIN,UP,11,GOOD_LOW,UNNECESSARY,WAIT,0.3314618,-0.014928592,0.0,0.0,-0.051,0.0,UP,0.3314618
"('ESCAPE', 'UP', 5, 'GOOD_HIGH', 'UNNECESSARY', 'DOWN')",ESCAPE,UP,5,GOOD_HIGH,UNNECESSARY,DOWN,0.0,-0.101,-0.001,-0.101,-0.051,1.4511795,BOMB,1.4511795
"('ESCAPE', 'UP', 5, 'GOOD_HIGH', 'UNSAFE', 'RIGHT')",ESCAPE,UP,5,GOOD_HIGH,UNSAFE,RIGHT,-0.001,-1.0419,0.095231734,-0.601,-0.501,-0.501,DOWN,0.095231734
"('BOMBING', 'RIGHT', 6, 'GOOD_LOW', 'UNNECESSARY', 'NONE')",BOMBING,RIGHT,6,GOOD_LOW,UNNECESSARY,NONE,0.0,0.9523302,0.0,-0.101,-0.051,0.0,RIGHT,0.9523302
"('BOMBING', 'DOWN', 13, 'UNAVAILABLE', 'UNNECESSARY', 'LEFT')",BOMBING,DOWN,13,UNAVAILABLE,UNNECESSARY,LEFT,0.059324346,-2.2819,1.047621,0.0,-0.06914583,-0.1706818,DOWN,1.047621
"('BOMBING', 'HERE', 8, 'UNAVAILABLE', 'UNNECESSARY', 'DOWN')",BOMBING,HERE,8,UNAVAILABLE,UNNECESSARY,DOWN,0.0,0.0,0.0,0.8446844,-0.042823117,0.0,LEFT,0.8446844
"('COIN', 'RIGHT', 3, 'UNAVAILABLE', 'UNNECESSARY', 'UP')",COIN,RIGHT,3,UNAVAILABLE,UNNECESSARY,UP,0.0,1.0003992,0.0,-0.09689565,0.0,0.0,RIGHT,1.0003992
"('COIN', 'LEFT', 14, 'GOOD_LOW', 'UNNECESSARY', 'RIGHT')",COIN,LEFT,14,GOOD_LOW,UNNECESSARY,RIGHT,0.0,0.053318508,0.45803922,0.0,-0.03711724,0.0,DOWN,0.45803922
"('COIN', 'DOWN', 7, 'UNAVAILABLE', 'UNNECESSARY', 'RIGHT')",COIN,DOWN,7,UNAVAILABLE,UNNECESSARY,RIGHT,0.0,0.95446736,0.0,0.0,-0.048479427,-0.101,RIGHT,0.95446736
"('COIN', 'DOWN', 15, 'UNAVAILABLE', 'UNNECESSARY', 'BOMB')",COIN,DOWN,15,UNAVAILABLE,UNNECESSARY,BOMB,0.0,0.0,0.0,0.0,-0.047607113,-0.101,UP,0.0
"('COIN', 'DOWN', 13, 'UNAVAILABLE', 'UNNECESSARY', 'LEFT')",COIN,DOWN,13,UNAVAILABLE,UNNECESSARY,LEFT,0.0,-1.201,0.0,0.96426505,-0.051,0.0,LEFT,0.96426505
"('COIN', 'DOWN', 15, 'UNAVAILABLE', 'UNNECESSARY', 'WAIT')",COIN,DOWN,15,UNAVAILABLE,UNNECESSARY,WAIT,0.0,0.09487041,0.0,0.0,-0.027699988,0.0,RIGHT,0.09487041
"('COIN', 'DOWN', 15, 'ATTACK', 'UNNECESSARY', 'DOWN')",COIN,DOWN,15,ATTACK,UNNECESSARY,DOWN,-0.028724216,0.0031103452,1.3299289,0.0,-0.051,0.0,DOWN,1.3299289
"('ESCAPE', 'UP', 15, 'UNAVAILABLE', 'UNNECESSARY', 'LEFT')",ESCAPE,UP,15,UNAVAILABLE,UNNECESSARY,LEFT,0.84651184,0.40900987,0.0,0.0,-0.051,0.0,UP,0.84651184
"('ESCAPE', 'RIGHT', 10, 'USELESS', 'UNSAFE', 'RIGHT')",ESCAPE,RIGHT,10,USELESS,UNSAFE,RIGHT,-0.186671,-0.001,-0.20377101,0.4170968,-0.001,-0.651,LEFT,0.4170968
"('COIN', 'RIGHT', 3, 'UNAVAILABLE', 'UNNECESSARY', 'LEFT')",COIN,RIGHT,3,UNAVAILABLE,UNNECESSARY,LEFT,0.0,1.1415049,0.0,0.0,0.0,0.0,RIGHT,1.1415049
"('BOMBING', 'UP', 15, 'GOOD_LOW', 'UNNECESSARY', 'DOWN')",BOMBING,UP,15,GOOD_LOW,UNNECESSARY,DOWN,0.0,0.0,0.42830607,0.0,0.0,0.0,DOWN,0.42830607
"('BOMBING', 'UP', 11, 'UNAVAILABLE', 'UNNECESSARY', 'UP')",BOMBING,UP,11,UNAVAILABLE,UNNECESSARY,UP,0.9783944,0.10491014,0.0,0.0,-0.051,0.0,UP,0.9783944
"('BOMBING', 'UP', 11, 'UNAVAILABLE', 'UNNECESSARY', 'WAIT')",BOMBING,UP,11,UNAVAILABLE,UNNECESSARY,WAIT,0.0,0.0,-0.501,0.0,0.0,0.0,UP,0.0
"('COIN', 'RIGHT', 11, 'ATTACK', 'UNNECESSARY', 'LEFT')",COIN,RIGHT,11,ATTACK,UNNECESSARY,LEFT,0.47124547,0.0,0.0,0.0,0.0,0.0,UP,0.47124547
"('COIN', 'DOWN', 13, 'GOOD_HIGH', 'UNNECESSARY', 'WAIT')",COIN,DOWN,13,GOOD_HIGH,UNNECESSARY,WAIT,0.0,0.0,0.0,0.0,0.0,0.17648825,BOMB,0.17648825
"('BOMBING', 'RIGHT', 7, 'GOOD_HIGH', 'UNNECESSARY', 'LEFT')",BOMBING,RIGHT,7,GOOD_HIGH,UNNECESSARY,LEFT,-0.011107227,0.0,0.0,-0.101,-0.04953372,1.124104,BOMB,1.124104
"('ESCAPE', 'RIGHT', 6, 'GOOD_HIGH', 'UNNECESSARY', 'LEFT')",ESCAPE,RIGHT,6,GOOD_HIGH,UNNECESSARY,LEFT,0.0,0.11109762,0.0,-0.101,-0.051,0.0,RIGHT,0.11109762
"('ESCAPE', 'RIGHT', 6, 'GOOD_HIGH', 'UNSAFE', 'LEFT')",ESCAPE,RIGHT,6,GOOD_HIGH,UNSAFE,LEFT,-0.601,0.0,0.0,-0.601,0.0,0.0,RIGHT,0.0
"('COIN', 'LEFT', 12, 'UNAVAILABLE', 'UNNECESSARY', 'WAIT')",COIN,LEFT,12,UNAVAILABLE,UNNECESSARY,WAIT,0.0,0.0,0.0,0.0,-0.051,0.0,UP,0.0
"('BOMBING', 'DOWN', 14, 'USELESS', 'UNNECESSARY', 'BOMB')",BOMBING,DOWN,14,USELESS,UNNECESSARY,BOMB,0.0,0.0,0.0,0.104118265,0.0,-0.0614176,LEFT,0.104118265
"('COIN', 'LEFT', 15, 'GOOD_HIGH', 'UNNECESSARY', 'DOWN')",COIN,LEFT,15,GOOD_HIGH,UNNECESSARY,DOWN,0.0,0.0,0.05974844,2.03313,0.0,0.07358873,LEFT,2.03313
"('COIN', 'RIGHT', 12, 'UNAVAILABLE', 'UNNECESSARY', 'LEFT')",COIN,RIGHT,12,UNAVAILABLE,UNNECESSARY,LEFT,0.0,0.0,0.0,0.9112784,0.0,0.0,LEFT,0.9112784
"('BOMBING', 'DOWN', 1, 'USELESS', 'UNNECESSARY', 'UP')",BOMBING,DOWN,1,USELESS,UNNECESSARY,UP,0.67912245,0.0,-0.501,-0.101,-0.044471987,0.0,UP,0.67912245
"('BOMBING', 'DOWN', 1, 'USELESS', 'UNNECESSARY', 'LEFT')",BOMBING,DOWN,1,USELESS,UNNECESSARY,LEFT,-0.011,-0.099272706,0.0,0.0,0.0,0.0,DOWN,0.0
"('BOMBING', 'RIGHT', 15, 'ATTACK', 'UNNECESSARY', 'LEFT')",BOMBING,RIGHT,15,ATTACK,UNNECESSARY,LEFT,0.0,0.0,0.0,0.0,0.0,1.1873428,BOMB,1.1873428
"('BOMBING', 'LEFT', 12, 'UNAVAILABLE', 'UNNECESSARY', 'DOWN')",BOMBING,LEFT,12,UNAVAILABLE,UNNECESSARY,DOWN,-1.201,0.0,0.9274547,0.096035175,-0.051,-0.101,DOWN,0.9274547
"('BOMBING', 'HERE', 15, 'UNAVAILABLE', 'UNNECESSARY', 'BOMB')",BOMBING,HERE,15,UNAVAILABLE,UNNECESSARY,BOMB,0.15019548,0.0,-0.002221211,0.0,-0.051,0.0,UP,0.15019548
"('NONE', 'NONE', 10, 'UNAVAILABLE', 'UNNECESSARY', 'BOMB')",NONE,NONE,10,UNAVAILABLE,UNNECESSARY,BOMB,-0.101,0.0,-0.101,0.21485987,-0.051,-0.101,LEFT,0.21485987
"('NONE', 'NONE', 15, 'ATTACK', 'UNNECESSARY', 'DOWN')",NONE,NONE,15,ATTACK,UNNECESSARY,DOWN,-0.07945226,0.13889351,-0.001,0.117399395,-0.051,1.2799199,BOMB,1.2799199
"('NONE', 'NONE', 8, 'ATTACK', 'UNNECESSARY', 'WAIT')",NONE,NONE,8,ATTACK,UNNECESSARY,WAIT,-0.101,-0.08643923,-0.101,0.22957331,-0.051,0.0,LEFT,0.22957331
"('ESCAPE', 'LEFT', 8, 'ATTACK', 'UNNECESSARY', 'WAIT')",ESCAPE,LEFT,8,ATTACK,UNNECESSARY,WAIT,-0.101,-0.101,0.0,0.0,0.0,0.79037005,BOMB,0.79037005
"('ESCAPE', 'LEFT', 8, 'USELESS', 'UNNECESSARY', 'RIGHT')",ESCAPE,LEFT,8,USELESS,UNNECESSARY,RIGHT,0.0,-0.098265745,0.0,-0.001,0.0,0.08666726,BOMB,0.08666726
"('ESCAPE', 'UP', 5, 'USELESS', 'UNNECESSARY', 'LEFT')",ESCAPE,UP,5,USELESS,UNNECESSARY,LEFT,0.5136647,-0.055090003,0.064761296,0.0,0.0,0.0,UP,0.5136647
"('BOMBING', 'LEFT', 14, 'UNAVAILABLE', 'UNNECESSARY', 'UP')",BOMBING,LEFT,14,UNAVAILABLE,UNNECESSARY,UP,-0.09994965,0.0,0.8631845,0.0,-0.051,0.0,DOWN,0.8631845
"('COIN', 'RIGHT', 14, 'ATTACK', 'UNNECESSARY', 'UP')",COIN,RIGHT,14,ATTACK,UNNECESSARY,UP,0.0,1.4052117,0.0,0.0,0.0,0.0,RIGHT,1.4052117
"('BOMBING', 'DOWN', 13, 'ATTACK', 'UNNECESSARY', 'UP')",BOMBING,DOWN,13,ATTACK,UNNECESSARY,UP,0.0,-0.101,0.0,0.53694636,0.0,0.0,LEFT,0.53694636
"('COIN', 'RIGHT', 5, 'UNAVAILABLE', 'UNNECESSARY', 'LEFT')",COIN,RIGHT,5,UNAVAILABLE,UNNECESSARY,LEFT,0.10101351,0.0,1.094325,-0.11393795,-0.050657697,-0.101,DOWN,1.094325
"('COIN', 'RIGHT', 7, 'USELESS', 'UNNECESSARY', 'BOMB')",COIN,RIGHT,7,USELESS,UNNECESSARY,BOMB,0.0,0.0,0.0,-0.094765596,0.0,0.0,UP,0.0
"('ESCAPE', 'UP', 7, 'ATTACK', 'UNSAFE', 'DOWN')",ESCAPE,UP,7,ATTACK,UNSAFE,DOWN,-0.001,0.053082578,-0.001,0.0,0.0,-0.501,RIGHT,0.053082578
"('COIN', 'DOWN', 4, 'UNSAFE', 'UNNECESSARY', 'DOWN')",COIN,DOWN,4,UNSAFE,UNNECESSARY,DOWN,0.0,0.0,0.009,0.0,0.0,0.0,DOWN,0.009
"('COIN', 'DOWN', 1, 'GOOD_HIGH', 'UNNECESSARY', 'DOWN')",COIN,DOWN,1,GOOD_HIGH,UNNECESSARY,DOWN,-0.031200089,0.0,0.0,0.0,0.0,0.711667,BOMB,0.711667
"('COIN', 'UP', 15, 'GOOD_HIGH', 'UNNECESSARY', 'DOWN')",COIN,UP,15,GOOD_HIGH,UNNECESSARY,DOWN,0.0,0.0,0.0,0.0,0.0,1.2113826,BOMB,1.2113826
"('COIN', 'LEFT', 11, 'UNAVAILABLE', 'UNNECESSARY', 'UP')",COIN,LEFT,11,UNAVAILABLE,UNNECESSARY,UP,0.0,0.0,0.0,1.427882,0.0,0.0,LEFT,1.427882
"('COIN', 'DOWN', 13, 'GOOD_HIGH', 'UNNECESSARY', 'BOMB')",COIN,DOWN,13,GOOD_HIGH,UNNECESSARY,BOMB,0.0,0.0,0.070960686,0.0,0.0,0.0,DOWN,0.070960686
"('ESCAPE', 'LEFT', 12, 'ATTACK', 'UNNECESSARY', 'RIGHT')",ESCAPE,LEFT,12,ATTACK,UNNECESSARY,RIGHT,0.0,0.0,-0.001,0.0,-0.045954734,-0.26074898,UP,0.0
"('COIN', 'DOWN', 12, 'UNAVAILABLE', 'UNNECESSARY', 'UP')",COIN,DOWN,12,UNAVAILABLE,UNNECESSARY,UP,-0.101,-0.05805061,1.3705014,-0.013074533,-0.0969,-0.101,DOWN,1.3705014
"('ESCAPE', 'UP', 5, 'USELESS', 'UNNECESSARY', 'DOWN')",ESCAPE,UP,5,USELESS,UNNECESSARY,DOWN,-0.0019,-0.101,0.31574678,-0.101,-0.051,-0.03089074,DOWN,0.31574678
"('ESCAPE', 'UP', 5, 'ATTACK', 'UNSAFE', 'LEFT')",ESCAPE,UP,5,ATTACK,UNSAFE,LEFT,0.5108763,-0.601,0.0,-0.601,-0.501,0.0,UP,0.5108763
"('COIN', 'LEFT', 8, 'ATTACK', 'UNNECESSARY', 'UP')",COIN,LEFT,8,ATTACK,UNNECESSARY,UP,-0.101,-0.049053025,-0.101,0.0,0.0,0.19828427,BOMB,0.19828427
"('BOMBING', 'HERE', 3, 'UNAVAILABLE', 'UNNECESSARY', 'WAIT')",BOMBING,HERE,3,UNAVAILABLE,UNNECESSARY,WAIT,0.0,0.0,0.0,-0.056533575,0.0,0.0,UP,0.0
"('ESCAPE', 'UP', 3, 'USELESS', 'UNNECESSARY', 'RIGHT')",ESCAPE,UP,3,USELESS,UNNECESSARY,RIGHT,0.5299294,-0.001,-0.09360121,-0.01009,0.0,0.0,UP,0.5299294
"('BOMBING', 'DOWN', 8, 'UNAVAILABLE', 'UNNECESSARY', 'UP')",BOMBING,DOWN,8,UNAVAILABLE,UNNECESSARY,UP,-0.101,-0.058925148,0.0,0.887455,0.0,-0.101,LEFT,0.887455
"('ESCAPE', 'DOWN', 4, 'GOOD_HIGH', 'UNSAFE', 'UP')",ESCAPE,DOWN,4,GOOD_HIGH,UNSAFE,UP,-0.501,-0.40489143,0.06694913,-0.601,-0.501,-0.501,DOWN,0.06694913
"('ESCAPE', 'UP', 13, 'USELESS', 'UNNECESSARY', 'WAIT')",ESCAPE,UP,13,USELESS,UNNECESSARY,WAIT,0.0,0.0,0.0,0.0,0.0,-0.151,UP,0.0
"('ESCAPE', 'UP', 13, 'UNAVAILABLE', 'UNSAFE', 'BOMB')",ESCAPE,UP,13,UNAVAILABLE,UNSAFE,BOMB,0.0,0.0,0.0,0.83367044,-0.501,-0.601,LEFT,0.83367044
"('BOMBING', 'UP', 8, 'UNAVAILABLE', 'UNNECESSARY', 'DOWN')",BOMBING,UP,8,UNAVAILABLE,UNNECESSARY,DOWN,0.0,-0.101,-0.07155015,0.89683855,-0.08725928,0.0,LEFT,0.89683855
"('BOMBING', 'HERE', 9, 'UNAVAILABLE', 'UNNECESSARY', 'RIGHT')",BOMBING,HERE,9,UNAVAILABLE,UNNECESSARY,RIGHT,1.1823213,0.0,0.0,0.0,0.0,0.0,UP,1.1823213
"('BOMBING', 'UP', 15, 'GOOD_HIGH', 'UNNECESSARY', 'LEFT')",BOMBING,UP,15,GOOD_HIGH,UNNECESSARY,LEFT,0.0,0.0,0.0,1.1224236,0.0,0.0,LEFT,1.1224236
"('BOMBING', 'LEFT', 14, 'UNAVAILABLE', 'UNNECESSARY', 'DOWN')",BOMBING,LEFT,14,UNAVAILABLE,UNNECESSARY,DOWN,0.0,0.07868124,0.0,1.002336,-0.042517364,0.0,LEFT,1.002336
"('COIN', 'RIGHT', 12, 'GOOD_HIGH', 'UNNECESSARY', 'RIGHT')",COIN,RIGHT,12,GOOD_HIGH,UNNECESSARY,RIGHT,0.0,0.0,0.0,0.0,-0.051,0.1549825,BOMB,0.1549825
"('COIN', 'RIGHT', 14, 'GOOD_HIGH', 'UNNECESSARY', 'WAIT')",COIN,RIGHT,14,GOOD_HIGH,UNNECESSARY,WAIT,0.0,0.0,0.0,0.0,0.0,0.26254785,BOMB,0.26254785
"('COIN', 'RIGHT', 7, 'UNAVAILABLE', 'UNNECESSARY', 'RIGHT')",COIN,RIGHT,7,UNAVAILABLE,UNNECESSARY,RIGHT,0.0,-0.05194264,0.6513897,0.0,0.0,0.0,DOWN,0.6513897
"('COIN', 'DOWN', 5, 'GOOD_HIGH', 'UNNECESSARY', 'BOMB')",COIN,DOWN,5,GOOD_HIGH,UNNECESSARY,BOMB,0.0,-0.05483757,0.0,-0.09768969,0.0,0.0,UP,0.0
"('ESCAPE', 'DOWN', 12, 'UNAVAILABLE', 'UNSAFE', 'DOWN')",ESCAPE,DOWN,12,UNAVAILABLE,UNSAFE,DOWN,-1.101,-1.001,1.9165459,0.0,-1.001,-2.2019,DOWN,1.9165459
"('COIN', 'DOWN', 3, 'UNAVAILABLE', 'UNNECESSARY', 'UP')",COIN,DOWN,3,UNAVAILABLE,UNNECESSARY,UP,0.0,1.0859379,0.0,0.0,0.0,0.0,RIGHT,1.0859379
"('BOMBING', 'RIGHT', 15, 'UNAVAILABLE', 'UNNECESSARY', 'WAIT')",BOMBING,RIGHT,15,UNAVAILABLE,UNNECESSARY,WAIT,0.0,0.11255794,0.0,0.0,0.0,0.0,RIGHT,0.11255794
"('ESCAPE', 'RIGHT', 11, 'ATTACK', 'UNNECESSARY', 'LEFT')",ESCAPE,RIGHT,11,ATTACK,UNNECESSARY,LEFT,0.056655962,0.0,0.0,0.7622113,-0.021074561,0.115734026,LEFT,0.7622113
"('ESCAPE', 'UP', 5, 'ATTACK', 'UNSAFE', 'UP')",ESCAPE,UP,5,ATTACK,UNSAFE,UP,0.5323498,-0.601,-0.001,-0.11009,-0.501,-0.501,UP,0.5323498
"('BOMBING', 'DOWN', 6, 'ATTACK', 'UNNECESSARY', 'UP')",BOMBING,DOWN,6,ATTACK,UNNECESSARY,UP,0.0,0.0,0.0,0.0,0.0,0.61871195,BOMB,0.61871195
"('BOMBING', 'HERE', 15, 'UNAVAILABLE', 'UNNECESSARY', 'RIGHT')",BOMBING,HERE,15,UNAVAILABLE,UNNECESSARY,RIGHT,0.0,0.7870005,-0.0037896743,-0.038295973,0.0,-0.09296753,RIGHT,0.7870005
"('NONE', 'NONE', 15, 'UNAVAILABLE', 'UNNECESSARY', 'UP')",NONE,NONE,15,UNAVAILABLE,UNNECESSARY,UP,0.026756745,0.5826515,0.058276102,0.3093992,-0.051,-0.32562786,RIGHT,0.5826515
"('ESCAPE', 'UP', 13, 'USELESS', 'UNSAFE', 'DOWN')",ESCAPE,UP,13,USELESS,UNSAFE,DOWN,-0.001,-0.501,0.32848808,0.0,-0.501,-0.651,DOWN,0.32848808
"('NONE', 'NONE', 1, 'USELESS', 'UNNECESSARY', 'UP')",NONE,NONE,1,USELESS,UNNECESSARY,UP,0.5707682,-0.10109,-0.501,-0.0975993,-0.051,-0.043874234,UP,0.5707682
"('NONE', 'NONE', 15, 'USELESS', 'UNNECESSARY', 'UP')",NONE,NONE,15,USELESS,UNNECESSARY,UP,0.04489451,0.501443,0.09744856,-0.0015720055,-0.09072384,-0.09169928,RIGHT,0.501443
"('NONE', 'NONE', 5, 'USELESS', 'UNNECESSARY', 'RIGHT')",NONE,NONE,5,USELESS,UNNECESSARY,RIGHT,-0.0034298184,-0.101,0.6226902,-0.101,-0.051,-0.04839013,DOWN,0.6226902
"('NONE', 'NONE', 13, 'ATTACK', 'UNNECESSARY', 'UP')",NONE,NONE,13,ATTACK,UNNECESSARY,UP,0.03267435,-0.098436005,-0.009869215,-0.0456793,0.0,1.1872405,BOMB,1.1872405
"('NONE', 'NONE', 10, 'ATTACK', 'UNNECESSARY', 'LEFT')",NONE,NONE,10,ATTACK,UNNECESSARY,LEFT,-0.101,-0.010242375,-0.06734417,0.18157554,-0.05433884,1.344386,BOMB,1.344386
"('NONE', 'NONE', 15, 'ATTACK', 'UNNECESSARY', 'RIGHT')",NONE,NONE,15,ATTACK,UNNECESSARY,RIGHT,0.047234036,0.10482762,0.23344912,0.0,-0.05870338,1.260939,BOMB,1.260939
"('NONE', 'NONE', 14, 'ATTACK', 'UNNECESSARY', 'WAIT')",NONE,NONE,14,ATTACK,UNNECESSARY,WAIT,0.0,0.0,0.0,-0.001,0.0,0.0,UP,0.0
"('NONE', 'NONE', 8, 'ATTACK', 'UNNECESSARY', 'RIGHT')",NONE,NONE,8,ATTACK,UNNECESSARY,RIGHT,-0.013205618,-0.14927721,0.0,0.0,-0.008123381,1.0057112,BOMB,1.0057112
"('NONE', 'NONE', 10, 'ATTACK', 'UNNECESSARY', 'WAIT')",NONE,NONE,10,ATTACK,UNNECESSARY,WAIT,-0.08043031,0.4941369,0.0,-0.001,-0.051,0.0,RIGHT,0.4941369
"('NONE', 'NONE', 15, 'ATTACK', 'UNNECESSARY', 'LEFT')",NONE,NONE,15,ATTACK,UNNECESSARY,LEFT,0.0,0.0,0.100354426,-0.0004259597,-0.0924306,1.2149404,BOMB,1.2149404
"('NONE', 'NONE', 15, 'ATTACK', 'UNNECESSARY', 'WAIT')",NONE,NONE,15,ATTACK,UNNECESSARY,WAIT,0.0,0.0,0.0,0.0,0.0,0.6502542,BOMB,0.6502542
"('NONE', 'NONE', 3, 'ATTACK', 'UNNECESSARY', 'DOWN')",NONE,NONE,3,ATTACK,UNNECESSARY,DOWN,-0.034445826,-0.001,0.007559169,-0.101,-0.040853947,1.1078346,BOMB,1.1078346
"('NONE', 'NONE', 2, 'ATTACK', 'UNNECESSARY', 'LEFT')",NONE,NONE,2,ATTACK,UNNECESSARY,LEFT,-0.101,-0.3921547,-0.18111143,-0.09690997,-0.011465721,1.0428821,BOMB,1.0428821
"('NONE', 'NONE', 11, 'USELESS', 'UNNECESSARY', 'RIGHT')",NONE,NONE,11,USELESS,UNNECESSARY,RIGHT,0.16016704,0.5571196,-0.35522857,0.05357243,-0.18549037,-0.28435734,RIGHT,0.5571196
"('NONE', 'NONE', 10, 'ATTACK', 'UNNECESSARY', 'RIGHT')",NONE,NONE,10,ATTACK,UNNECESSARY,RIGHT,-0.30955637,0.037344046,-0.31648362,0.038155317,-0.08193816,1.42975,BOMB,1.42975
"('NONE', 'NONE', 2, 'ATTACK', 'UNNECESSARY', 'WAIT')",NONE,NONE,2,ATTACK,UNNECESSARY,WAIT,-0.101,-0.001,-0.0794474,0.0,0.0,0.445561,BOMB,0.445561
"('NONE', 'NONE', 11, 'UNAVAILABLE', 'UNNECESSARY', 'DOWN')",NONE,NONE,11,UNAVAILABLE,UNNECESSARY,DOWN,0.117636666,0.030473588,-0.19892113,0.41875592,-0.09910543,-0.101,LEFT,0.41875592
"('NONE', 'NONE', 3, 'ATTACK', 'UNNECESSARY', 'BOMB')",NONE,NONE,3,ATTACK,UNNECESSARY,BOMB,0.0,0.0,-0.09262385,-0.101,0.0,0.0,UP,0.0
"('NONE', 'NONE', 15, 'UNAVAILABLE', 'UNNECESSARY', 'RIGHT')",NONE,NONE,15,UNAVAILABLE,UNNECESSARY,RIGHT,0.12652487,0.53130424,0.057938084,0.015298033,-0.07578333,-0.2447018,RIGHT,0.53130424
"('NONE', 'NONE', 15, 'USELESS', 'UNNECESSARY', 'BOMB')",NONE,NONE,15,USELESS,UNNECESSARY,BOMB,0.14642248,0.0,0.0,0.0,-0.051,-0.0343244,UP,0.14642248
"('ESCAPE', 'UP', 5, 'ATTACK', 'UNNECESSARY', 'BOMB')",ESCAPE,UP,5,ATTACK,UNNECESSARY,BOMB,-0.001,0.0,0.0,0.0,-0.051,0.0,RIGHT,0.0
"('NONE', 'NONE', 11, 'UNAVAILABLE', 'UNNECESSARY', 'LEFT')",NONE,NONE,11,UNAVAILABLE,UNNECESSARY,LEFT,0.5457161,0.09021103,-0.1458104,0.08018239,-0.041219585,-0.101,UP,0.5457161
"('NONE', 'NONE', 5, 'ATTACK', 'UNNECESSARY', 'WAIT')",NONE,NONE,5,ATTACK,UNNECESSARY,WAIT,0.0,-0.101,0.26060188,-0.101,0.0,0.14802735,DOWN,0.26060188
"('BOMBING', 'LEFT', 14, 'USELESS', 'UNNECESSARY', 'RIGHT')",BOMBING,LEFT,14,USELESS,UNNECESSARY,RIGHT,0.0,0.0,0.0,0.33150786,-0.051,-0.08390498,LEFT,0.33150786
"('ESCAPE', 'RIGHT', 14, 'GOOD_HIGH', 'UNNECESSARY', 'LEFT')",ESCAPE,RIGHT,14,GOOD_HIGH,UNNECESSARY,LEFT,-0.101,0.0,0.0,-0.001,-0.051,0.64538383,BOMB,0.64538383
"('BOMBING', 'RIGHT', 0, 'UNSAFE', 'NECESSARY', 'DOWN')",BOMBING,RIGHT,0,UNSAFE,NECESSARY,DOWN,0.0,0.0,0.0,0.0,0.0,-0.4137579,UP,0.0
"('BOMBING', 'RIGHT', 14, 'ATTACK', 'UNNECESSARY', 'LEFT')",BOMBING,RIGHT,14,ATTACK,UNNECESSARY,LEFT,0.0,0.5957167,0.0,0.049346935,0.0,0.0,RIGHT,0.5957167
"('BOMBING', 'HERE', 15, 'ATTACK', 'UNNECESSARY', 'RIGHT')",BOMBING,HERE,15,ATTACK,UNNECESSARY,RIGHT,0.0,0.0,0.0,0.0,0.0,1.1754361,BOMB,1.1754361
"('COIN', 'UP', 4, 'USELESS', 'UNNECESSARY', 'DOWN')",COIN,UP,4,USELESS,UNNECESSARY,DOWN,-0.501,-0.101,0.667231,-0.05767874,-0.08314596,-0.038080685,DOWN,0.667231
"('BOMBING', 'RIGHT', 15, 'GOOD_HIGH', 'UNNECESSARY', 'LEFT')",BOMBING,RIGHT,15,GOOD_HIGH,UNNECESSARY,LEFT,0.0,0.0,0.0,0.4985322,0.0,0.0,LEFT,0.4985322
"('ESCAPE', 'UP', 5, 'UNAVAILABLE', 'UNNECESSARY', 'DOWN')",ESCAPE,UP,5,UNAVAILABLE,UNNECESSARY,DOWN,-0.10240303,-0.09968361,0.69623274,-0.101,-0.051,-0.05450071,DOWN,0.69623274
"('ESCAPE', 'RIGHT', 15, 'UNAVAILABLE', 'UNNECESSARY', 'DOWN')",ESCAPE,RIGHT,15,UNAVAILABLE,UNNECESSARY,DOWN,0.0,0.0888423,0.0,0.84527355,-0.051,0.0,LEFT,0.84527355
"('ESCAPE', 'RIGHT', 11, 'GOOD_LOW', 'UNNECESSARY', 'WAIT')",ESCAPE,RIGHT,11,GOOD_LOW,UNNECESSARY,WAIT,0.0,0.0,0.0,-0.001,0.0,0.0,UP,0.0
"('BOMBING', 'LEFT', 14, 'GOOD_LOW', 'UNNECESSARY', 'UP')",BOMBING,LEFT,14,GOOD_LOW,UNNECESSARY,UP,0.0,-0.008844035,0.10284132,1.0422219,0.0,0.0,LEFT,1.0422219
"('ESCAPE', 'LEFT', 8, 'USELESS', 'UNNECESSARY', 'BOMB')",ESCAPE,LEFT,8,USELESS,UNNECESSARY,BOMB,0.0,0.0,0.0,0.0,-0.051,0.0,UP,0.0
"('ESCAPE', 'LEFT', 8, 'USELESS', 'UNSAFE', 'WAIT')",ESCAPE,LEFT,8,USELESS,UNSAFE,WAIT,-0.501,-0.501,-0.501,0.021820918,-0.001,-0.651,LEFT,0.021820918
"('BOMBING', 'UP', 13, 'UNAVAILABLE', 'UNNECESSARY', 'BOMB')",BOMBING,UP,13,UNAVAILABLE,UNNECESSARY,BOMB,0.0,0.0,0.0,0.027526913,0.0,0.0,LEFT,0.027526913
"('COIN', 'LEFT', 8, 'ATTACK', 'UNNECESSARY', 'WAIT')",COIN,LEFT,8,ATTACK,UNNECESSARY,WAIT,0.0,0.0,-0.101,0.23310767,0.0,0.0,LEFT,0.23310767
"('COIN', 'LEFT', 9, 'ATTACK', 'UNNECESSARY', 'DOWN')",COIN,LEFT,9,ATTACK,UNNECESSARY,DOWN,0.0,0.0,0.0,0.0,0.0,0.9758696,BOMB,0.9758696
"('COIN', 'LEFT', 8, 'USELESS', 'UNNECESSARY', 'LEFT')",COIN,LEFT,8,USELESS,UNNECESSARY,LEFT,-0.101,-0.501,0.0,1.5413524,0.0,-0.047329113,LEFT,1.5413524
"('COIN', 'DOWN', 6, 'UNAVAILABLE', 'UNNECESSARY', 'UP')",COIN,DOWN,6,UNAVAILABLE,UNNECESSARY,UP,0.0,0.0,1.3743348,0.0,0.0,-0.101,DOWN,1.3743348
"('COIN', 'DOWN', 6, 'USELESS', 'UNNECESSARY', 'BOMB')",COIN,DOWN,6,USELESS,UNNECESSARY,BOMB,0.0,0.047208607,0.0,0.0,0.0,0.0,RIGHT,0.047208607
"('COIN', 'DOWN', 7, 'UNAVAILABLE', 'UNNECESSARY', 'WAIT')",COIN,DOWN,7,UNAVAILABLE,UNNECESSARY,WAIT,0.018448994,0.0,0.0,0.0,0.0,0.0,UP,0.018448994
"('COIN', 'RIGHT', 15, 'ATTACK', 'UNNECESSARY', 'RIGHT')",COIN,RIGHT,15,ATTACK,UNNECESSARY,RIGHT,0.0,1.2731701,-0.011,0.06386089,0.0,0.0,RIGHT,1.2731701
"('BOMBING', 'HERE', 13, 'UNAVAILABLE', 'UNNECESSARY', 'DOWN')",BOMBING,HERE,13,UNAVAILABLE,UNNECESSARY,DOWN,0.0,-0.09374687,1.098656,0.13874693,0.0,0.0,DOWN,1.098656
"('ESCAPE', 'LEFT', 13, 'ATTACK', 'UNNECESSARY', 'RIGHT')",ESCAPE,LEFT,13,ATTACK,UNNECESSARY,RIGHT,0.0,0.0,0.0,0.0,0.0,0.6212294,BOMB,0.6212294
"('COIN', 'DOWN', 13, 'GOOD_LOW', 'UNNECESSARY', 'DOWN')",COIN,DOWN,13,GOOD_LOW,UNNECESSARY,DOWN,-0.025254177,0.0,1.5361135,0.0,-0.051,0.0,DOWN,1.5361135
"('COIN', 'DOWN', 13, 'GOOD_LOW', 'UNNECESSARY', 'WAIT')",COIN,DOWN,13,GOOD_LOW,UNNECESSARY,WAIT,0.0025398044,-0.101,0.0,0.0,0.0,0.0,UP,0.0025398044
"('BOMBING', 'HERE', 15, 'GOOD_LOW', 'UNNECESSARY', 'UP')",BOMBING,HERE,15,GOOD_LOW,UNNECESSARY,UP,0.0,0.5809866,0.027300406,0.014255585,-0.11466772,0.29290876,RIGHT,0.5809866
"('NONE', 'NONE', 7, 'UNAVAILABLE', 'UNNECESSARY', 'LEFT')",NONE,NONE,7,UNAVAILABLE,UNNECESSARY,LEFT,-0.0032179747,-0.02609,0.5479584,-0.101,0.0,-0.1919,DOWN,0.5479584
"('COIN', 'LEFT', 1, 'UNAVAILABLE', 'UNNECESSARY', 'RIGHT')",COIN,LEFT,1,UNAVAILABLE,UNNECESSARY,RIGHT,1.0030584,-0.101,-0.06296375,-1.201,-0.0969,-0.090753816,UP,1.0030584
"('BOMBING', 'DOWN', 7, 'GOOD_LOW', 'UNNECESSARY', 'UP')",BOMBING,DOWN,7,GOOD_LOW,UNNECESSARY,UP,0.0,0.0,0.15817268,0.0,0.0,0.0,DOWN,0.15817268
"('COIN', 'DOWN', 9, 'GOOD_LOW', 'UNNECESSARY', 'DOWN')",COIN,DOWN,9,GOOD_LOW,UNNECESSARY,DOWN,0.0,-0.101,0.0,0.0,0.0,0.0,UP,0.0
"('COIN', 'DOWN', 4, 'USELESS', 'UNNECESSARY', 'DOWN')",COIN,DOWN,4,USELESS,UNNECESSARY,DOWN,-0.501,-0.13214092,0.6964353,-0.101,-0.0964278,-0.056021355,DOWN,0.6964353
"('BOMBING', 'HERE', 12, 'GOOD_HIGH', 'UNNECESSARY', 'BOMB')",BOMBING,HERE,12,GOOD_HIGH,UNNECESSARY,BOMB,0.0,-0.101,0.0,0.0,-0.03112539,0.0,UP,0.0
"('BOMBING', 'HERE', 12, 'ATTACK', 'UNNECESSARY', 'RIGHT')",BOMBING,HERE,12,ATTACK,UNNECESSARY,RIGHT,-0.10027227,0.0,0.0,0.0,-0.045294147,1.1830548,BOMB,1.1830548
"('BOMBING', 'HERE', 8, 'ATTACK', 'UNNECESSARY', 'DOWN')",BOMBING,HERE,8,ATTACK,UNNECESSARY,DOWN,0.0,0.0,0.0,0.029863779,0.0,0.0,LEFT,0.029863779
"('ESCAPE', 'LEFT', 8, 'ATTACK', 'UNNECESSARY', 'BOMB')",ESCAPE,LEFT,8,ATTACK,UNNECESSARY,BOMB,-0.101,-0.37420127,0.0,0.0,0.0,0.0,DOWN,0.0
"('BOMBING', 'RIGHT', 15, 'GOOD_HIGH', 'UNNECESSARY', 'RIGHT')",BOMBING,RIGHT,15,GOOD_HIGH,UNNECESSARY,RIGHT,0.0,0.0,0.04003894,0.0,-0.051,1.2327863,BOMB,1.2327863
"('COIN', 'LEFT', 2, 'GOOD_LOW', 'UNNECESSARY', 'LEFT')",COIN,LEFT,2,GOOD_LOW,UNNECESSARY,LEFT,0.0,0.1759874,0.0,-0.501,0.0,0.0,RIGHT,0.1759874
"('COIN', 'UP', 4, 'USELESS', 'UNNECESSARY', 'UP')",COIN,UP,4,USELESS,UNNECESSARY,UP,-0.501,-0.09908032,0.5267792,-0.092559144,-0.092417546,-0.07199927,DOWN,0.5267792
"('ESCAPE', 'RIGHT', 10, 'UNAVAILABLE', 'UNNECESSARY', 'RIGHT')",ESCAPE,RIGHT,10,UNAVAILABLE,UNNECESSARY,RIGHT,-0.055586036,0.30345997,0.0,0.0,0.0,0.0,RIGHT,0.30345997
"('COIN', 'RIGHT', 2, 'GOOD_LOW', 'UNNECESSARY', 'BOMB')",COIN,RIGHT,2,GOOD_LOW,UNNECESSARY,BOMB,0.0,0.0,0.0,0.0,0.0,0.10563816,BOMB,0.10563816
"('COIN', 'DOWN', 0, 'UNSAFE', 'NECESSARY', 'UP')",COIN,DOWN,0,UNSAFE,NECESSARY,UP,0.0,-0.2231939,0.0,0.0,0.35639295,-0.3404068,WAIT,0.35639295
"('BOMBING', 'LEFT', 14, 'UNAVAILABLE', 'UNNECESSARY', 'BOMB')",BOMBING,LEFT,14,UNAVAILABLE,UNNECESSARY,BOMB,0.0,0.06703286,0.0,0.0,0.0,0.0,RIGHT,0.06703286
"('BOMBING', 'RIGHT', 14, 'USELESS', 'UNNECESSARY', 'WAIT')",BOMBING,RIGHT,14,USELESS,UNNECESSARY,WAIT,0.0,0.0,0.022393819,0.0,0.0,-0.102089204,DOWN,0.022393819
"('BOMBING', 'HERE', 15, 'ATTACK', 'UNNECESSARY', 'DOWN')",BOMBING,HERE,15,ATTACK,UNNECESSARY,DOWN,0.0,-0.0037419056,0.0,0.0,0.0,1.1111581,BOMB,1.1111581
"('BOMBING', 'DOWN', 11, 'USELESS', 'UNNECESSARY', 'UP')",BOMBING,DOWN,11,USELESS,UNNECESSARY,UP,0.0,0.4340998,0.0,0.0,0.0,-0.053710088,RIGHT,0.4340998
"('BOMBING', 'HERE', 5, 'ATTACK', 'UNNECESSARY', 'LEFT')",BOMBING,HERE,5,ATTACK,UNNECESSARY,LEFT,0.0,0.0,0.0043483754,0.0,0.04173231,0.0,WAIT,0.04173231
"('COIN', 'RIGHT', 14, 'UNAVAILABLE', 'UNNECESSARY', 'DOWN')",COIN,RIGHT,14,UNAVAILABLE,UNNECESSARY,DOWN,0.0,0.0,0.0,0.91375625,0.0,-0.101,LEFT,0.91375625
"('BOMBING', 'HERE', 12, 'UNAVAILABLE', 'UNNECESSARY', 'RIGHT')",BOMBING,HERE,12,UNAVAILABLE,UNNECESSARY,RIGHT,0.0,-0.101,1.1797569,0.10845404,0.049,0.0,DOWN,1.1797569
"('ESCAPE', 'RIGHT', 15, 'GOOD_LOW', 'UNNECESSARY', 'UP')",ESCAPE,RIGHT,15,GOOD_LOW,UNNECESSARY,UP,-0.001,0.0,0.0,0.0,0.0,0.31961596,BOMB,0.31961596
"('ESCAPE', 'UP', 5, 'GOOD_LOW', 'UNNECESSARY', 'UP')",ESCAPE,UP,5,GOOD_LOW,UNNECESSARY,UP,0.0,0.0,0.0,0.0,0.0,0.9445771,BOMB,0.9445771
"('ESCAPE', 'UP', 11, 'UNAVAILABLE', 'UNNECESSARY', 'DOWN')",ESCAPE,UP,11,UNAVAILABLE,UNNECESSARY,DOWN,0.93699944,0.0,0.0,0.0,0.0,0.0,UP,0.93699944
"('COIN', 'DOWN', 11, 'USELESS', 'UNNECESSARY', 'DOWN')",COIN,DOWN,11,USELESS,UNNECESSARY,DOWN,0.0,0.0,-0.501,-0.007545113,-0.02530204,-0.03978039,UP,0.0
"('NONE', 'NONE', 11, 'USELESS', 'UNNECESSARY', 'UP')",NONE,NONE,11,USELESS,UNNECESSARY,UP,0.20611557,0.0,-0.501,0.0,-0.05110539,-0.04814382,UP,0.20611557
"('BOMBING', 'LEFT', 12, 'GOOD_HIGH', 'UNNECESSARY', 'BOMB')",BOMBING,LEFT,12,GOOD_HIGH,UNNECESSARY,BOMB,0.0,0.0,0.0,0.052521203,0.0,0.0,LEFT,0.052521203
"('COIN', 'LEFT', 14, 'UNAVAILABLE', 'UNNECESSARY', 'UP')",COIN,LEFT,14,UNAVAILABLE,UNNECESSARY,UP,0.0,0.76798457,0.0,0.14110619,-0.0969,0.0,RIGHT,0.76798457
"('COIN', 'LEFT', 14, 'UNAVAILABLE', 'UNNECESSARY', 'WAIT')",COIN,LEFT,14,UNAVAILABLE,UNNECESSARY,WAIT,0.0,0.0,0.0,0.0,0.0,-0.101,UP,0.0
"('COIN', 'LEFT', 14, 'GOOD_HIGH', 'UNNECESSARY', 'BOMB')",COIN,LEFT,14,GOOD_HIGH,UNNECESSARY,BOMB,0.0,0.0,0.0,0.0,-0.051,0.0,UP,0.0
"('COIN', 'LEFT', 9, 'UNAVAILABLE', 'UNNECESSARY', 'BOMB')",COIN,LEFT,9,UNAVAILABLE,UNNECESSARY,BOMB,0.0,0.0,-0.06410516,0.21970293,0.0,0.0,LEFT,0.21970293
"('ESCAPE', 'UP', 7, 'GOOD_HIGH', 'UNNECESSARY', 'DOWN')",ESCAPE,UP,7,GOOD_HIGH,UNNECESSARY,DOWN,-0.0038809672,0.18543258,0.0,-0.099837415,0.0,0.0,RIGHT,0.18543258
"('BOMBING', 'RIGHT', 8, 'USELESS', 'UNNECESSARY', 'LEFT')",BOMBING,RIGHT,8,USELESS,UNNECESSARY,LEFT,-0.101,-0.501,-0.101,0.56700355,-0.051,-0.033695117,LEFT,0.56700355
"('BOMBING', 'RIGHT', 8, 'ATTACK', 'UNNECESSARY', 'WAIT')",BOMBING,RIGHT,8,ATTACK,UNNECESSARY,WAIT,0.0,0.0,-0.09937607,0.153593,0.0,0.0,LEFT,0.153593
"('ESCAPE', 'LEFT', 10, 'USELESS', 'UNNECESSARY', 'LEFT')",ESCAPE,LEFT,10,USELESS,UNNECESSARY,LEFT,-0.101,0.005884131,-0.101,0.64059436,-0.051,0.0,LEFT,0.64059436
"('COIN', 'RIGHT', 3, 'UNAVAILABLE', 'UNNECESSARY', 'BOMB')",COIN,RIGHT,3,UNAVAILABLE,UNNECESSARY,BOMB,0.0,0.0,0.0,-0.101,-0.051,0.0,UP,0.0
"('COIN', 'RIGHT', 3, 'GOOD_LOW', 'UNNECESSARY', 'WAIT')",COIN,RIGHT,3,GOOD_LOW,UNNECESSARY,WAIT,0.1168568,0.0,-0.0830559,-0.101,0.0,0.0,UP,0.1168568
"('ESCAPE', 'DOWN', 12, 'UNAVAILABLE', 'UNNECESSARY', 'UP')",ESCAPE,DOWN,12,UNAVAILABLE,UNNECESSARY,UP,-0.101,0.0,0.10100113,0.0,-0.043401353,-0.101,DOWN,0.10100113
"('BOMBING', 'LEFT', 8, 'GOOD_HIGH', 'UNNECESSARY', 'LEFT')",BOMBING,LEFT,8,GOOD_HIGH,UNNECESSARY,LEFT,0.0,-0.501,-0.101,0.10305494,0.0,0.0,LEFT,0.10305494
"('ESCAPE', 'UP', 5, 'GOOD_HIGH', 'UNSAFE', 'UP')",ESCAPE,UP,5,GOOD_HIGH,UNSAFE,UP,0.5915573,-0.601,0.0,-0.601,0.0,0.0,UP,0.5915573
"('COIN', 'RIGHT', 15, 'GOOD_HIGH', 'UNNECESSARY', 'LEFT')",COIN,RIGHT,15,GOOD_HIGH,UNNECESSARY,LEFT,0.0,0.0,0.80243796,0.0,0.0,0.0,DOWN,0.80243796
"('ESCAPE', 'UP', 11, 'USELESS', 'UNNECESSARY', 'RIGHT')",ESCAPE,UP,11,USELESS,UNNECESSARY,RIGHT,0.5602465,0.0,-0.001,-0.001,0.0,-0.02926347,UP,0.5602465
"('COIN', 'DOWN', 9, 'UNAVAILABLE', 'UNNECESSARY', 'UP')",COIN,DOWN,9,UNAVAILABLE,UNNECESSARY,UP,0.0,0.0,0.0,0.9500526,0.0,0.0,LEFT,0.9500526
"('ESCAPE', 'UP', 13, 'ATTACK', 'UNNECESSARY', 'DOWN')",ESCAPE,UP,13,ATTACK,UNNECESSARY,DOWN,0.0,0.0,0.66861993,0.0,-0.051,0.0,DOWN,0.66861993
"('ESCAPE', 'UP', 5, 'ATTACK', 'UNSAFE', 'RIGHT')",ESCAPE,UP,5,ATTACK,UNSAFE,RIGHT,0.47682974,0.0,0.0,-0.501,-0.501,0.0,UP,0.47682974
"('COIN', 'LEFT', 11, 'UNAVAILABLE', 'UNNECESSARY', 'WAIT')",COIN,LEFT,11,UNAVAILABLE,UNNECESSARY,WAIT,0.0,-0.0010005317,-0.021433348,0.0,-0.025138801,0.0,UP,0.0
"('BOMBING', 'RIGHT', 11, 'GOOD_LOW', 'UNNECESSARY', 'LEFT')",BOMBING,RIGHT,11,GOOD_LOW,UNNECESSARY,LEFT,0.6530629,0.0,-0.10049277,-0.00843334,0.0,0.0,UP,0.6530629
"('ESCAPE', 'RIGHT', 14, 'ATTACK', 'UNNECESSARY', 'RIGHT')",ESCAPE,RIGHT,14,ATTACK,UNNECESSARY,RIGHT,0.0,0.0,0.0,-0.001,0.0,0.6260319,BOMB,0.6260319
"('COIN', 'RIGHT', 8, 'USELESS', 'UNNECESSARY', 'UP')",COIN,RIGHT,8,USELESS,UNNECESSARY,UP,0.0,-0.501,0.0,0.0,0.0,0.0,UP,0.0
"('COIN', 'RIGHT', 6, 'UNAVAILABLE', 'UNNECESSARY', 'BOMB')",COIN,RIGHT,6,UNAVAILABLE,UNNECESSARY,BOMB,-0.046487145,0.18149383,0.0,0.0,0.0,-0.101,RIGHT,0.18149383
"('COIN', 'RIGHT', 6, 'GOOD_HIGH', 'UNNECESSARY', 'BOMB')",COIN,RIGHT,6,GOOD_HIGH,UNNECESSARY,BOMB,0.0,0.1002186,0.0,0.0,0.0,0.0,RIGHT,0.1002186
"('BOMBING', 'HERE', 10, 'GOOD_LOW', 'UNNECESSARY', 'UP')",BOMBING,HERE,10,GOOD_LOW,UNNECESSARY,UP,0.0,0.0,0.0,0.09268887,-0.051,0.0,LEFT,0.09268887
"('ESCAPE', 'RIGHT', 11, 'GOOD_HIGH', 'UNNECESSARY', 'UP')",ESCAPE,RIGHT,11,GOOD_HIGH,UNNECESSARY,UP,0.0,0.0,0.0,0.0,0.0,0.55871934,BOMB,0.55871934
"('ESCAPE', 'UP', 15, 'ATTACK', 'UNNECESSARY', 'DOWN')",ESCAPE,UP,15,ATTACK,UNNECESSARY,DOWN,0.014408245,-0.001,0.0,0.6344059,-0.051,0.0,LEFT,0.6344059
"('ESCAPE', 'RIGHT', 10, 'USELESS', 'UNNECESSARY', 'RIGHT')",ESCAPE,RIGHT,10,USELESS,UNNECESSARY,RIGHT,-0.101,0.34748968,-0.101,-0.001,0.0,0.0,RIGHT,0.34748968
"('ESCAPE', 'RIGHT', 2, 'USELESS', 'UNSAFE', 'DOWN')",ESCAPE,RIGHT,2,USELESS,UNSAFE,DOWN,-0.23834452,0.0,-0.33863854,-0.501,-0.30231857,-0.48171443,RIGHT,0.0
"('BOMBING', 'RIGHT', 6, 'UNAVAILABLE', 'UNNECESSARY', 'UP')",BOMBING,RIGHT,6,UNAVAILABLE,UNNECESSARY,UP,-0.097615816,1.0916784,0.0,-0.091016084,-0.083725065,-0.101,RIGHT,1.0916784
"('BOMBING', 'UP', 13, 'ATTACK', 'UNNECESSARY', 'RIGHT')",BOMBING,UP,13,ATTACK,UNNECESSARY,RIGHT,0.0,-0.092884354,0.0,0.0,-0.051,1.249392,BOMB,1.249392
"('BOMBING', 'UP', 13, 'GOOD_HIGH', 'UNNECESSARY', 'WAIT')",BOMBING,UP,13,GOOD_HIGH,UNNECESSARY,WAIT,0.0,0.0,0.09765934,0.0,0.0,0.0,DOWN,0.09765934
"('BOMBING', 'RIGHT', 10, 'USELESS', 'UNNECESSARY', 'BOMB')",BOMBING,RIGHT,10,USELESS,UNNECESSARY,BOMB,-0.101,0.0,0.0,0.26057237,0.0,-0.027656097,LEFT,0.26057237
"('NONE', 'NONE', 14, 'UNAVAILABLE', 'UNNECESSARY', 'RIGHT')",NONE,NONE,14,UNAVAILABLE,UNNECESSARY,RIGHT,0.0,0.4924343,0.0,0.0,0.0,0.0,RIGHT,0.4924343
"('NONE', 'NONE', 14, 'USELESS', 'UNNECESSARY', 'RIGHT')",NONE,NONE,14,USELESS,UNNECESSARY,RIGHT,-0.15274042,0.52068305,-0.026756275,-0.027118752,-0.0969,-0.025302723,RIGHT,0.52068305
"('ESCAPE', 'UP', 13, 'USELESS', 'UNNECESSARY', 'DOWN')",ESCAPE,UP,13,USELESS,UNNECESSARY,DOWN,-0.001,-0.02895192,0.5242343,0.0,-0.051,-0.01740712,DOWN,0.5242343
"('COIN', 'DOWN', 13, 'UNAVAILABLE', 'UNNECESSARY', 'DOWN')",COIN,DOWN,13,UNAVAILABLE,UNNECESSARY,DOWN,0.0,0.0,0.0,1.5235013,0.0,0.0,LEFT,1.5235013
"('COIN', 'DOWN', 13, 'GOOD_LOW', 'UNNECESSARY', 'UP')",COIN,DOWN,13,GOOD_LOW,UNNECESSARY,UP,0.0,-0.09449491,0.73453134,0.0,0.0,0.0,DOWN,0.73453134
"('ESCAPE', 'RIGHT', 15, 'ATTACK', 'UNNECESSARY', 'LEFT')",ESCAPE,RIGHT,15,ATTACK,UNNECESSARY,LEFT,0.0,0.0,0.0,0.0,0.0,1.1599689,BOMB,1.1599689
"('COIN', 'UP', 7, 'UNAVAILABLE', 'UNNECESSARY', 'RIGHT')",COIN,UP,7,UNAVAILABLE,UNNECESSARY,RIGHT,1.2313659,0.0,0.0,-1.201,-0.12203708,-0.09202562,UP,1.2313659
"('BOMBING', 'DOWN', 0, 'UNAVAILABLE', 'NECESSARY', 'DOWN')",BOMBING,DOWN,0,UNAVAILABLE,NECESSARY,DOWN,0.0,0.0,-0.13190001,1.059906,0.0,0.0,LEFT,1.059906
"('ESCAPE', 'UP', 5, 'USELESS', 'UNSAFE', 'LEFT')",ESCAPE,UP,5,USELESS,UNSAFE,LEFT,0.48312315,0.0,0.0,-0.601,-0.501,-0.651,UP,0.48312315
"('COIN', 'UP', 9, 'ATTACK', 'UNNECESSARY', 'RIGHT')",COIN,UP,9,ATTACK,UNNECESSARY,RIGHT,0.0,-0.18898171,-0.08581091,0.5000591,0.0,0.0,LEFT,0.5000591
"('BOMBING', 'UP', 1, 'ATTACK', 'UNNECESSARY', 'WAIT')",BOMBING,UP,1,ATTACK,UNNECESSARY,WAIT,0.0,0.0,-0.501,0.0,0.0,0.6988548,BOMB,0.6988548
"('NONE', 'NONE', 5, 'UNAVAILABLE', 'UNNECESSARY', 'RIGHT')",NONE,NONE,5,UNAVAILABLE,UNNECESSARY,RIGHT,0.0,0.0,0.49796963,-0.16536592,-0.051,0.0,DOWN,0.49796963
"('NONE', 'NONE', 14, 'USELESS', 'UNNECESSARY', 'UP')",NONE,NONE,14,USELESS,UNNECESSARY,UP,-0.101,0.4559604,-0.050731704,-0.021491675,-0.051,-0.027265172,RIGHT,0.4559604
"('NONE', 'NONE', 14, 'USELESS', 'UNNECESSARY', 'LEFT')",NONE,NONE,14,USELESS,UNNECESSARY,LEFT,-0.10142795,-0.028515406,0.63247144,-0.027664043,-0.051,-0.029871741,DOWN,0.63247144
"('BOMBING', 'HERE', 2, 'UNAVAILABLE', 'UNNECESSARY', 'DOWN')",BOMBING,HERE,2,UNAVAILABLE,UNNECESSARY,DOWN,0.0,0.78564703,0.0,-0.07500344,0.0,0.0,RIGHT,0.78564703
"('BOMBING', 'RIGHT', 0, 'UNAVAILABLE', 'NECESSARY', 'UP')",BOMBING,RIGHT,0,UNAVAILABLE,NECESSARY,UP,-0.07008179,-1.101,-0.010916305,-0.014258417,0.0,-0.098933995,WAIT,0.0
"('BOMBING', 'DOWN', 1, 'UNAVAILABLE', 'UNNECESSARY', 'DOWN')",BOMBING,DOWN,1,UNAVAILABLE,UNNECESSARY,DOWN,0.7341712,-0.101,-0.501,-0.080592535,-0.051,-0.057011116,UP,0.7341712
"('ESCAPE', 'DOWN', 12, 'UNAVAILABLE', 'UNNECESSARY', 'DOWN')",ESCAPE,DOWN,12,UNAVAILABLE,UNNECESSARY,DOWN,-0.5280497,-0.17396016,-0.05953017,1.2031419,-0.044251215,-0.053487435,LEFT,1.2031419
"('BOMBING', 'UP', 1, 'GOOD_LOW', 'UNNECESSARY', 'UP')",BOMBING,UP,1,GOOD_LOW,UNNECESSARY,UP,0.78800637,-0.101,-0.501,0.0,0.0,0.0,UP,0.78800637
"('BOMBING', 'HERE', 11, 'GOOD_LOW', 'UNNECESSARY', 'RIGHT')",BOMBING,HERE,11,GOOD_LOW,UNNECESSARY,RIGHT,0.0,0.0,0.0,0.0,0.0,1.2508357,BOMB,1.2508357
"('NONE', 'NONE', 15, 'UNAVAILABLE', 'UNNECESSARY', 'WAIT')",NONE,NONE,15,UNAVAILABLE,UNNECESSARY,WAIT,-0.00109,0.07285928,-0.0014217031,0.0,0.0,0.0,RIGHT,0.07285928
"('COIN', 'DOWN', 3, 'GOOD_HIGH', 'UNNECESSARY', 'DOWN')",COIN,DOWN,3,GOOD_HIGH,UNNECESSARY,DOWN,0.0,0.0,0.0,-0.101,0.0,0.0,UP,0.0
"('COIN', 'DOWN', 3, 'GOOD_HIGH', 'UNNECESSARY', 'LEFT')",COIN,DOWN,3,GOOD_HIGH,UNNECESSARY,LEFT,0.0,0.0,0.0,0.0,0.0,0.084321715,BOMB,0.084321715
"('COIN', 'RIGHT', 8, 'GOOD_LOW', 'UNNECESSARY', 'RIGHT')",COIN,RIGHT,8,GOOD_LOW,UNNECESSARY,RIGHT,0.0,-0.501,-0.08725071,-0.036,-0.051,0.43079704,BOMB,0.43079704
"('COIN', 'RIGHT', 7, 'GOOD_HIGH', 'UNNECESSARY', 'LEFT')",COIN,RIGHT,7,GOOD_HIGH,UNNECESSARY,LEFT,0.0,1.0240322,0.0,0.0,0.0,0.0,RIGHT,1.0240322
"('ESCAPE', 'UP', 15, 'ATTACK', 'UNNECESSARY', 'RIGHT')",ESCAPE,UP,15,ATTACK,UNNECESSARY,RIGHT,0.09054627,0.0,0.0,0.0,0.0,1.119926,BOMB,1.119926
"('ESCAPE', 'RIGHT', 10, 'ATTACK', 'UNSAFE', 'LEFT')",ESCAPE,RIGHT,10,ATTACK,UNSAFE,LEFT,-0.501,0.26675949,0.0,-0.001,-0.501,0.0,RIGHT,0.26675949
"('BOMBING', 'DOWN', 1, 'ATTACK', 'UNNECESSARY', 'DOWN')",BOMBING,DOWN,1,ATTACK,UNNECESSARY,DOWN,0.0,0.0,0.0,0.0,0.0,1.1260527,BOMB,1.1260527
"('ESCAPE', 'UP', 1, 'USELESS', 'UNSAFE', 'WAIT')",ESCAPE,UP,1,USELESS,UNSAFE,WAIT,0.16264552,-0.601,-0.2531641,-0.601,-0.501,-0.651,UP,0.16264552
"('COIN', 'LEFT', 6, 'UNAVAILABLE', 'UNNECESSARY', 'RIGHT')",COIN,LEFT,6,UNAVAILABLE,UNNECESSARY,RIGHT,0.0,0.0,0.9978389,-1.201,0.0,0.0,DOWN,0.9978389
"('BOMBING', 'RIGHT', 14, 'GOOD_LOW', 'UNNECESSARY', 'RIGHT')",BOMBING,RIGHT,14,GOOD_LOW,UNNECESSARY,RIGHT,0.0,0.0,0.0,0.025977101,-0.051,1.3750639,BOMB,1.3750639
"('BOMBING', 'RIGHT', 14, 'GOOD_LOW', 'UNNECESSARY', 'WAIT')",BOMBING,RIGHT,14,GOOD_LOW,UNNECESSARY,WAIT,0.0,0.13880584,0.0,0.0,0.0,0.0,RIGHT,0.13880584
"('BOMBING', 'LEFT', 2, 'GOOD_HIGH', 'UNNECESSARY', 'RIGHT')",BOMBING,LEFT,2,GOOD_HIGH,UNNECESSARY,RIGHT,0.0,0.0,-0.08788816,-0.501,-0.051,0.0,UP,0.0
"('BOMBING', 'LEFT', 2, 'GOOD_HIGH', 'UNNECESSARY', 'WAIT')",BOMBING,LEFT,2,GOOD_HIGH,UNNECESSARY,WAIT,0.0,0.0,0.0,-0.501,0.0,0.0,UP,0.0
"('ESCAPE', 'RIGHT', 14, 'GOOD_LOW', 'UNNECESSARY', 'LEFT')",ESCAPE,RIGHT,14,GOOD_LOW,UNNECESSARY,LEFT,0.0,0.102539055,-0.001,0.0,-0.051,0.0,RIGHT,0.102539055
"('ESCAPE', 'DOWN', 5, 'GOOD_LOW', 'UNNECESSARY', 'DOWN')",ESCAPE,DOWN,5,GOOD_LOW,UNNECESSARY,DOWN,0.0,0.0,0.0,0.0,-0.051,0.0,UP,0.0
"('BOMBING', 'HERE', 3, 'UNAVAILABLE', 'UNNECESSARY', 'RIGHT')",BOMBING,HERE,3,UNAVAILABLE,UNNECESSARY,RIGHT,0.29723603,0.0,-0.07544979,0.0,0.0,0.0,UP,0.29723603
"('BOMBING', 'HERE', 3, 'UNAVAILABLE', 'UNNECESSARY', 'BOMB')",BOMBING,HERE,3,UNAVAILABLE,UNNECESSARY,BOMB,0.15986918,0.0,0.0,-0.101,0.0,0.0,UP,0.15986918
"('BOMBING', 'LEFT', 0, 'UNAVAILABLE', 'NECESSARY', 'WAIT')",BOMBING,LEFT,0,UNAVAILABLE,NECESSARY,WAIT,-0.0031196326,-0.04807707,0.01843486,-1.201,0.7768683,-0.091481894,WAIT,0.7768683
"('BOMBING', 'UP', 15, 'USELESS', 'UNNECESSARY', 'DOWN')",BOMBING,UP,15,USELESS,UNNECESSARY,DOWN,0.7104999,0.0,0.0,0.0920175,-0.051,0.0,UP,0.7104999
"('BOMBING', 'HERE', 10, 'UNAVAILABLE', 'UNNECESSARY', 'UP')",BOMBING,HERE,10,UNAVAILABLE,UNNECESSARY,UP,0.0,0.8448058,-0.102085724,0.0,-0.042366445,0.0,RIGHT,0.8448058
"('BOMBING', 'HERE', 3, 'ATTACK', 'UNNECESSARY', 'LEFT')",BOMBING,HERE,3,ATTACK,UNNECESSARY,LEFT,0.98940337,0.05247888,-0.101,-0.07651864,-0.04618426,-0.009191453,UP,0.98940337
"('BOMBING', 'UP', 15, 'ATTACK', 'UNNECESSARY', 'BOMB')",BOMBING,UP,15,ATTACK,UNNECESSARY,BOMB,0.0,0.0,0.0059402836,0.0,0.0,0.0,DOWN,0.0059402836
"('NONE', 'NONE', 14, 'ATTACK', 'UNNECESSARY', 'UP')",NONE,NONE,14,ATTACK,UNNECESSARY,UP,-0.090182215,0.0,-0.026368558,0.0,0.0,0.8660505,BOMB,0.8660505
"('NONE', 'NONE', 7, 'UNAVAILABLE', 'UNNECESSARY', 'DOWN')",NONE,NONE,7,UNAVAILABLE,UNNECESSARY,DOWN,0.06780908,-0.09152836,0.0,-0.21785516,-0.051,0.0,UP,0.06780908
"('ESCAPE', 'UP', 5, 'ATTACK', 'UNNECESSARY', 'WAIT')",ESCAPE,UP,5,ATTACK,UNNECESSARY,WAIT,-0.00130951,0.0,-0.0040836,0.0,-0.051,0.49296516,BOMB,0.49296516
"('NONE', 'NONE', 7, 'USELESS', 'UNNECESSARY', 'UP')",NONE,NONE,7,USELESS,UNNECESSARY,UP,0.080051795,0.52741486,-0.028651912,-0.20236474,-0.096058294,-0.10824433,RIGHT,0.52741486
"('NONE', 'NONE', 7, 'USELESS', 'UNNECESSARY', 'WAIT')",NONE,NONE,7,USELESS,UNNECESSARY,WAIT,-0.0017585058,0.33248904,-0.0019906578,-0.10212451,-0.051,-0.063612886,RIGHT,0.33248904
"('COIN', 'DOWN', 14, 'GOOD_HIGH', 'UNNECESSARY', 'LEFT')",COIN,DOWN,14,GOOD_HIGH,UNNECESSARY,LEFT,-0.101,-0.021600908,0.0,1.0666239,0.0,0.0,LEFT,1.0666239
"('ESCAPE', 'RIGHT', 10, 'ATTACK', 'UNNECESSARY', 'BOMB')",ESCAPE,RIGHT,10,ATTACK,UNNECESSARY,BOMB,0.0,0.0,-0.101,0.0,0.0,0.0,UP,0.0
"('BOMBING', 'RIGHT', 2, 'USELESS', 'UNNECESSARY', 'DOWN')",BOMBING,RIGHT,2,USELESS,UNNECESSARY,DOWN,0.0,0.114485115,0.0,-0.501,-0.035560157,0.0,RIGHT,0.114485115
"('ESCAPE', 'LEFT', 12, 'UNAVAILABLE', 'UNSAFE', 'BOMB')",ESCAPE,LEFT,12,UNAVAILABLE,UNSAFE,BOMB,0.0,0.0,0.45549917,0.0,0.0,0.0,DOWN,0.45549917
"('BOMBING', 'HERE', 7, 'GOOD_HIGH', 'UNNECESSARY', 'BOMB')",BOMBING,HERE,7,GOOD_HIGH,UNNECESSARY,BOMB,0.0,0.0,0.0,-0.04489631,0.0,0.0,UP,0.0
"('COIN', 'UP', 1, 'ATTACK', 'UNNECESSARY', 'LEFT')",COIN,UP,1,ATTACK,UNNECESSARY,LEFT,0.0,0.0,-0.021893298,0.0,-0.051,0.0,UP,0.0
"('ESCAPE', 'LEFT', 13, 'GOOD_HIGH', 'UNNECESSARY', 'UP')",ESCAPE,LEFT,13,GOOD_HIGH,UNNECESSARY,UP,0.0,0.0,-0.001,0.0,0.0,0.0,UP,0.0
"('ESCAPE', 'UP', 1, 'GOOD_LOW', 'UNSAFE', 'DOWN')",ESCAPE,UP,1,GOOD_LOW,UNSAFE,DOWN,0.056817845,-0.194771,-0.501,-0.501,-0.1810815,-0.1638297,UP,0.056817845
"('ESCAPE', 'LEFT', 10, 'UNAVAILABLE', 'UNNECESSARY', 'RIGHT')",ESCAPE,LEFT,10,UNAVAILABLE,UNNECESSARY,RIGHT,0.0,0.5628404,-0.101,-0.003891483,-0.051,-0.101,RIGHT,0.5628404
"('ESCAPE', 'LEFT', 8, 'GOOD_HIGH', 'UNNECESSARY', 'WAIT')",ESCAPE,LEFT,8,GOOD_HIGH,UNNECESSARY,WAIT,0.0,0.0,0.0,0.0,0.0,0.15865262,BOMB,0.15865262
"('ESCAPE', 'RIGHT', 15, 'UNAVAILABLE', 'UNNECESSARY', 'UP')",ESCAPE,RIGHT,15,UNAVAILABLE,UNNECESSARY,UP,0.0,0.0,0.0,0.6474779,0.0,0.0,LEFT,0.6474779
"('COIN', 'UP', 1, 'ATTACK', 'UNNECESSARY', 'WAIT')",COIN,UP,1,ATTACK,UNNECESSARY,WAIT,0.0,-0.101,0.0,0.0,0.0,0.47565255,BOMB,0.47565255
"('COIN', 'UP', 5, 'ATTACK', 'UNNECESSARY', 'RIGHT')",COIN,UP,5,ATTACK,UNNECESSARY,RIGHT,0.0,0.0,0.0,0.0,-0.051,0.24023014,BOMB,0.24023014
"('COIN', 'LEFT', 13, 'ATTACK', 'UNNECESSARY', 'DOWN')",COIN,LEFT,13,ATTACK,UNNECESSARY,DOWN,0.0,0.0,0.0,0.0,0.0,1.2795303,BOMB,1.2795303
"('ESCAPE', 'RIGHT', 10, 'GOOD_HIGH', 'UNSAFE', 'RIGHT')",ESCAPE,RIGHT,10,GOOD_HIGH,UNSAFE,RIGHT,-0.501,0.337847,-0.601,-0.0022539408,-0.501,-0.9519,RIGHT,0.337847
"('COIN', 'UP', 4, 'GOOD_LOW', 'UNNECESSARY', 'UP')",COIN,UP,4,GOOD_LOW,UNNECESSARY,UP,0.0,0.0,0.0,0.0,0.0,0.91803837,BOMB,0.91803837
"('COIN', 'UP', 13, 'ATTACK', 'UNNECESSARY', 'LEFT')",COIN,UP,13,ATTACK,UNNECESSARY,LEFT,0.0,0.0,0.0,0.0,-0.051,0.0,UP,0.0
"('BOMBING', 'RIGHT', 11, 'UNAVAILABLE', 'UNNECESSARY', 'DOWN')",BOMBING,RIGHT,11,UNAVAILABLE,UNNECESSARY,DOWN,0.0,0.0,0.0,0.902581,-0.051,0.0,LEFT,0.902581
"('ESCAPE', 'UP', 13, 'USELESS', 'UNNECESSARY', 'RIGHT')",ESCAPE,UP,13,USELESS,UNNECESSARY,RIGHT,0.0,0.0,0.46950307,0.0,0.0,-0.05991528,DOWN,0.46950307
"('COIN', 'LEFT', 9, 'UNSAFE', 'UNNECESSARY', 'DOWN')",COIN,LEFT,9,UNSAFE,UNNECESSARY,DOWN,-0.032245807,0.0,0.0,0.0,0.0,0.0,RIGHT,0.0
"('ESCAPE', 'RIGHT', 15, 'UNAVAILABLE', 'UNNECESSARY', 'LEFT')",ESCAPE,RIGHT,15,UNAVAILABLE,UNNECESSARY,LEFT,0.0,0.80102575,0.0,0.0,0.0,0.0,RIGHT,0.80102575
"('COIN', 'LEFT', 2, 'ATTACK', 'UNNECESSARY', 'UP')",COIN,LEFT,2,ATTACK,UNNECESSARY,UP,0.0,0.0,0.0,-0.501,0.0,0.0,UP,0.0
"('ESCAPE', 'LEFT', 8, 'ATTACK', 'UNNECESSARY', 'UP')",ESCAPE,LEFT,8,ATTACK,UNNECESSARY,UP,-0.101,-0.101,0.0,-0.001,-0.051,1.034669,BOMB,1.034669
"('ESCAPE', 'UP', 11, 'ATTACK', 'UNNECESSARY', 'LEFT')",ESCAPE,UP,11,ATTACK,UNNECESSARY,LEFT,1.0237159,-0.001,0.0,-0.001,0.0,0.0,UP,1.0237159
"('ESCAPE', 'LEFT', 10, 'USELESS', 'UNNECESSARY', 'UP')",ESCAPE,LEFT,10,USELESS,UNNECESSARY,UP,0.0,-0.001,0.0,0.0,-0.051,0.0,UP,0.0
"('ESCAPE', 'LEFT', 9, 'ATTACK', 'UNNECESSARY', 'RIGHT')",ESCAPE,LEFT,9,ATTACK,UNNECESSARY,RIGHT,0.0,0.0,0.0,0.33570763,0.0,0.0,LEFT,0.33570763
"('NONE', 'NONE', 1, 'USELESS', 'UNNECESSARY', 'DOWN')",NONE,NONE,1,USELESS,UNNECESSARY,DOWN,0.3076088,-0.101,-0.501,-0.10125345,-0.09109073,-0.09848018,UP,0.3076088
"('NONE', 'NONE', 1, 'UNAVAILABLE', 'UNNECESSARY', 'WAIT')",NONE,NONE,1,UNAVAILABLE,UNNECESSARY,WAIT,0.5469961,-0.101,0.0,0.0,0.0,0.0,UP,0.5469961
"('NONE', 'NONE', 15, 'UNAVAILABLE', 'UNNECESSARY', 'DOWN')",NONE,NONE,15,UNAVAILABLE,UNNECESSARY,DOWN,0.0,0.044111703,0.0,0.41552812,-0.08662183,0.0,LEFT,0.41552812
"('NONE', 'NONE', 13, 'ATTACK', 'UNNECESSARY', 'RIGHT')",NONE,NONE,13,ATTACK,UNNECESSARY,RIGHT,0.033023853,0.0,0.05646533,0.045450278,0.0,1.1551696,BOMB,1.1551696
"('NONE', 'NONE', 5, 'ATTACK', 'UNNECESSARY', 'DOWN')",NONE,NONE,5,ATTACK,UNNECESSARY,DOWN,0.1661325,-0.2520895,0.10408483,-0.25475585,0.0012167623,1.2780546,BOMB,1.2780546
"('NONE', 'NONE', 1, 'ATTACK', 'UNNECESSARY', 'LEFT')",NONE,NONE,1,ATTACK,UNNECESSARY,LEFT,0.0,0.0,0.0,0.0,0.0,1.0245048,BOMB,1.0245048
"('COIN', 'DOWN', 13, 'GOOD_HIGH', 'UNNECESSARY', 'UP')",COIN,DOWN,13,GOOD_HIGH,UNNECESSARY,UP,0.0,0.0,0.0,0.0,-0.040344894,1.2214128,BOMB,1.2214128
"('BOMBING', 'RIGHT', 7, 'ATTACK', 'UNNECESSARY', 'DOWN')",BOMBING,RIGHT,7,ATTACK,UNNECESSARY,DOWN,0.0,0.0,0.090271674,-0.10070296,0.0,1.2287027,BOMB,1.2287027
"('ESCAPE', 'UP', 13, 'GOOD_LOW', 'UNSAFE', 'UP')",ESCAPE,UP,13,GOOD_LOW,UNSAFE,UP,0.110985726,-0.501,-0.001,0.0,-0.501,-0.501,UP,0.110985726
"('ESCAPE', 'UP', 15, 'UNAVAILABLE', 'UNNECESSARY', 'DOWN')",ESCAPE,UP,15,UNAVAILABLE,UNNECESSARY,DOWN,1.1924181,-0.001,0.0,0.065259226,-0.0046004653,-0.084884904,UP,1.1924181
"('BOMBING', 'DOWN', 6, 'ATTACK', 'UNNECESSARY', 'LEFT')",BOMBING,DOWN,6,ATTACK,UNNECESSARY,LEFT,0.0,0.36569807,0.0,0.0,-0.051,0.0,RIGHT,0.36569807
"('ESCAPE', 'UP', 11, 'ATTACK', 'UNSAFE', 'RIGHT')",ESCAPE,UP,11,ATTACK,UNSAFE,RIGHT,-0.001,-0.001,0.0,0.29418606,-0.501,0.0,LEFT,0.29418606
"('COIN', 'LEFT', 0, 'UNSAFE', 'NECESSARY', 'DOWN')",COIN,LEFT,0,UNSAFE,NECESSARY,DOWN,0.0,-0.0062921653,-0.101,-0.501,0.0,0.0,UP,0.0
"('ESCAPE', 'LEFT', 13, 'ATTACK', 'UNNECESSARY', 'DOWN')",ESCAPE,LEFT,13,ATTACK,UNNECESSARY,DOWN,0.0,0.0,0.0,0.49803963,-0.051,0.0,LEFT,0.49803963
"('ESCAPE', 'LEFT', 13, 'ATTACK', 'UNNECESSARY', 'WAIT')",ESCAPE,LEFT,13,ATTACK,UNNECESSARY,WAIT,-0.001,0.0,0.0,0.0,0.0,0.0,RIGHT,0.0
"('ESCAPE', 'DOWN', 4, 'ATTACK', 'UNSAFE', 'UP')",ESCAPE,DOWN,4,ATTACK,UNSAFE,UP,-0.3307889,-0.601,0.019144792,-0.601,-0.07297452,-0.35322022,DOWN,0.019144792
"('BOMBING', 'HERE', 9, 'UNAVAILABLE', 'UNNECESSARY', 'LEFT')",BOMBING,HERE,9,UNAVAILABLE,UNNECESSARY,LEFT,0.0,-1.201,0.0,0.6352218,0.0,0.0,LEFT,0.6352218
"('COIN', 'DOWN', 10, 'UNAVAILABLE', 'UNNECESSARY', 'UP')",COIN,DOWN,10,UNAVAILABLE,UNNECESSARY,UP,0.0,0.0,0.0,1.0825295,0.0,-0.24716201,LEFT,1.0825295
"('COIN', 'DOWN', 14, 'UNAVAILABLE', 'UNNECESSARY', 'BOMB')",COIN,DOWN,14,UNAVAILABLE,UNNECESSARY,BOMB,0.0,0.0,0.0,0.25942075,0.0,0.0,LEFT,0.25942075
"('ESCAPE', 'RIGHT', 11, 'GOOD_LOW', 'UNNECESSARY', 'DOWN')",ESCAPE,RIGHT,11,GOOD_LOW,UNNECESSARY,DOWN,0.0,0.0,0.0,0.0,0.0,0.7320465,BOMB,0.7320465
"('COIN', 'DOWN', 1, 'UNAVAILABLE', 'UNNECESSARY', 'WAIT')",COIN,DOWN,1,UNAVAILABLE,UNNECESSARY,WAIT,0.0065090233,0.0,0.0,-0.09800068,0.2243114,0.0,WAIT,0.2243114
"('NONE', 'NONE', 11, 'USELESS', 'UNNECESSARY', 'DOWN')",NONE,NONE,11,USELESS,UNNECESSARY,DOWN,0.1492672,0.59814304,-0.11630002,0.23421188,-0.16455272,-0.18432468,RIGHT,0.59814304
"('NONE', 'NONE', 7, 'UNAVAILABLE', 'UNNECESSARY', 'UP')",NONE,NONE,7,UNAVAILABLE,UNNECESSARY,UP,0.43524298,0.0,0.009882995,-0.0021926342,-0.0969,-0.101,UP,0.43524298
"('NONE', 'NONE', 7, 'UNAVAILABLE', 'UNNECESSARY', 'WAIT')",NONE,NONE,7,UNAVAILABLE,UNNECESSARY,WAIT,-0.0015942894,0.0,0.0,0.0,0.0,0.0,RIGHT,0.0
"('NONE', 'NONE', 7, 'USELESS', 'UNNECESSARY', 'DOWN')",NONE,NONE,7,USELESS,UNNECESSARY,DOWN,-0.046008516,0.5656134,0.0023779497,-0.10144006,-0.07840358,-0.05882094,RIGHT,0.5656134
"('NONE', 'NONE', 7, 'USELESS', 'UNNECESSARY', 'LEFT')",NONE,NONE,7,USELESS,UNNECESSARY,LEFT,0.010909427,-0.052836806,0.4482631,-0.101,-0.18181603,-0.15886346,DOWN,0.4482631
"('NONE', 'NONE', 6, 'USELESS', 'UNNECESSARY', 'UP')",NONE,NONE,6,USELESS,UNNECESSARY,UP,-0.101,0.054350138,-0.053118672,-0.101,-0.051,-0.04876534,RIGHT,0.054350138
"('NONE', 'NONE', 14, 'USELESS', 'UNNECESSARY', 'WAIT')",NONE,NONE,14,USELESS,UNNECESSARY,WAIT,-0.07899178,-0.00242308,-0.0018963645,-0.0030867525,0.0,0.0,WAIT,0.0
"('ESCAPE', 'UP', 7, 'USELESS', 'UNNECESSARY', 'LEFT')",ESCAPE,UP,7,USELESS,UNNECESSARY,LEFT,0.0,0.021896783,0.55584836,0.0,0.0,-0.119543664,DOWN,0.55584836
"('BOMBING', 'DOWN', 5, 'ATTACK', 'UNNECESSARY', 'LEFT')",BOMBING,DOWN,5,ATTACK,UNNECESSARY,LEFT,0.0,-0.1007371,0.0,0.0,0.0,0.31290752,BOMB,0.31290752
"('BOMBING', 'HERE', 12, 'UNAVAILABLE', 'UNNECESSARY', 'DOWN')",BOMBING,HERE,12,UNAVAILABLE,UNNECESSARY,DOWN,-1.201,0.0,0.98824394,0.0,-0.051,0.0,DOWN,0.98824394
"('BOMBING', 'HERE', 13, 'UNAVAILABLE', 'UNNECESSARY', 'WAIT')",BOMBING,HERE,13,UNAVAILABLE,UNNECESSARY,WAIT,0.0,0.0,0.10398221,0.0,0.0,0.0,DOWN,0.10398221
"('COIN', 'UP', 1, 'USELESS', 'UNNECESSARY', 'UP')",COIN,UP,1,USELESS,UNNECESSARY,UP,1.2431052,-0.08047595,-0.501,0.0,0.093632035,-0.039962653,UP,1.2431052
"('BOMBING', 'HERE', 15, 'UNAVAILABLE', 'UNNECESSARY', 'DOWN')",BOMBING,HERE,15,UNAVAILABLE,UNNECESSARY,DOWN,0.0,0.0,0.8734163,0.0,0.0,-0.101,DOWN,0.8734163
"('BOMBING', 'HERE', 15, 'UNAVAILABLE', 'UNNECESSARY', 'WAIT')",BOMBING,HERE,15,UNAVAILABLE,UNNECESSARY,WAIT,0.0,0.0,0.0,0.0,0.0,-0.101,UP,0.0
"('BOMBING', 'HERE', 15, 'ATTACK', 'UNNECESSARY', 'BOMB')",BOMBING,HERE,15,ATTACK,UNNECESSARY,BOMB,0.0,0.0,0.0,0.0,0.0,0.16733634,BOMB,0.16733634
"('BOMBING', 'DOWN', 7, 'ATTACK', 'UNNECESSARY', 'WAIT')",BOMBING,DOWN,7,ATTACK,UNNECESSARY,WAIT,0.0,0.057029594,0.0,-0.101,0.0,0.0,RIGHT,0.057029594
"('BOMBING', 'HERE', 15, 'UNAVAILABLE', 'UNNECESSARY', 'LEFT')",BOMBING,HERE,15,UNAVAILABLE,UNNECESSARY,LEFT,0.0,0.0,0.8538376,0.0,0.0,0.0,DOWN,0.8538376
"('ESCAPE', 'LEFT', 9, 'ATTACK', 'UNNECESSARY', 'UP')",ESCAPE,LEFT,9,ATTACK,UNNECESSARY,UP,0.0091073485,0.0,0.0,-0.001,0.0,0.0,UP,0.0091073485
"('ESCAPE', 'LEFT', 8, 'ATTACK', 'UNNECESSARY', 'LEFT')",ESCAPE,LEFT,8,ATTACK,UNNECESSARY,LEFT,-0.059637785,-0.1083003,-0.14605416,0.07717382,-0.051,-0.4608815,LEFT,0.07717382
"('ESCAPE', 'UP', 7, 'GOOD_LOW', 'UNNECESSARY', 'LEFT')",ESCAPE,UP,7,GOOD_LOW,UNNECESSARY,LEFT,0.09745674,0.0,0.0,0.0,0.0,0.65127695,BOMB,0.65127695
"('BOMBING', 'DOWN', 1, 'GOOD_LOW', 'UNNECESSARY', 'DOWN')",BOMBING,DOWN,1,GOOD_LOW,UNNECESSARY,DOWN,0.13261998,-0.101,0.0,-0.101,0.0,0.0,UP,0.13261998
"('BOMBING', 'DOWN', 1, 'GOOD_LOW', 'UNNECESSARY', 'LEFT')",BOMBING,DOWN,1,GOOD_LOW,UNNECESSARY,LEFT,-0.011,0.0,0.0,0.0,0.0,0.0,RIGHT,0.0
"('BOMBING', 'DOWN', 15, 'GOOD_LOW', 'UNNECESSARY', 'UP')",BOMBING,DOWN,15,GOOD_LOW,UNNECESSARY,UP,0.0,0.0,0.71620405,0.0,-0.0470653,0.0,DOWN,0.71620405
"('NONE', 'NONE', 14, 'UNAVAILABLE', 'UNNECESSARY', 'UP')",NONE,NONE,14,UNAVAILABLE,UNNECESSARY,UP,-0.17855999,0.39762583,0.0,0.0,-0.051,0.0,RIGHT,0.39762583
"('NONE', 'NONE', 14, 'UNAVAILABLE', 'UNNECESSARY', 'WAIT')",NONE,NONE,14,UNAVAILABLE,UNNECESSARY,WAIT,0.0,0.0032055487,-0.0021944188,0.0,0.0,0.0,RIGHT,0.0032055487
"('NONE', 'NONE', 3, 'USELESS', 'UNNECESSARY', 'LEFT')",NONE,NONE,3,USELESS,UNNECESSARY,LEFT,0.3778577,0.07566844,-0.1952417,-0.13084011,-0.21219325,-0.056953795,UP,0.3778577
"('NONE', 'NONE', 10, 'UNAVAILABLE', 'UNNECESSARY', 'DOWN')",NONE,NONE,10,UNAVAILABLE,UNNECESSARY,DOWN,-1.201,0.5819386,-0.1011945,-0.0016958417,0.0,-0.101,RIGHT,0.5819386
"('NONE', 'NONE', 6, 'USELESS', 'UNNECESSARY', 'LEFT')",NONE,NONE,6,USELESS,UNNECESSARY,LEFT,-0.102162704,-0.028095288,0.07814944,-0.101,-0.051,-0.03841225,DOWN,0.07814944
"('COIN', 'UP', 7, 'USELESS', 'UNNECESSARY', 'BOMB')",COIN,UP,7,USELESS,UNNECESSARY,BOMB,0.0,0.0,0.0,0.0,-0.051,0.0,UP,0.0
"('ESCAPE', 'UP', 11, 'UNAVAILABLE', 'UNNECESSARY', 'LEFT')",ESCAPE,UP,11,UNAVAILABLE,UNNECESSARY,LEFT,0.0,0.0,-0.101,0.79292303,0.0,0.0,LEFT,0.79292303
"('ESCAPE', 'UP', 11, 'GOOD_HIGH', 'UNSAFE', 'DOWN')",ESCAPE,UP,11,GOOD_HIGH,UNSAFE,DOWN,0.0,0.0,0.0,0.0,0.0,-0.501,UP,0.0
"('NONE', 'NONE', 11, 'USELESS', 'UNNECESSARY', 'WAIT')",NONE,NONE,11,USELESS,UNNECESSARY,WAIT,0.27723268,0.0,-0.101,-0.0029465908,0.0,-0.03373174,UP,0.27723268
"('NONE', 'NONE', 7, 'UNAVAILABLE', 'UNNECESSARY', 'BOMB')",NONE,NONE,7,UNAVAILABLE,UNNECESSARY,BOMB,0.0,0.0,0.04322682,-0.0691162,-0.051,0.0,DOWN,0.04322682
"('NONE', 'NONE', 13, 'USELESS', 'UNNECESSARY', 'WAIT')",NONE,NONE,13,USELESS,UNNECESSARY,WAIT,0.0,-0.06947119,0.35439005,-0.0029252828,-0.051,-0.06616393,DOWN,0.35439005
"('NONE', 'NONE', 3, 'USELESS', 'UNNECESSARY', 'DOWN')",NONE,NONE,3,USELESS,UNNECESSARY,DOWN,-0.04902342,0.5746765,-0.19785486,-0.101,-0.051,-0.06588863,RIGHT,0.5746765
"('NONE', 'NONE', 3, 'USELESS', 'UNNECESSARY', 'WAIT')",NONE,NONE,3,USELESS,UNNECESSARY,WAIT,-0.0033565012,0.17459291,0.0,0.0,-0.051,-0.05982322,RIGHT,0.17459291
"('COIN', 'DOWN', 6, 'UNAVAILABLE', 'UNNECESSARY', 'WAIT')",COIN,DOWN,6,UNAVAILABLE,UNNECESSARY,WAIT,0.0,0.0018554309,0.0,0.0,0.0,0.0,RIGHT,0.0018554309
"('COIN', 'UP', 9, 'GOOD_HIGH', 'UNNECESSARY', 'DOWN')",COIN,UP,9,GOOD_HIGH,UNNECESSARY,DOWN,0.7629797,0.0,0.0,0.0,0.0,0.0,UP,0.7629797
"('BOMBING', 'RIGHT', 11, 'ATTACK', 'UNNECESSARY', 'DOWN')",BOMBING,RIGHT,11,ATTACK,UNNECESSARY,DOWN,0.0,0.0,-0.07383883,0.68691957,0.0,0.0,LEFT,0.68691957
"('ESCAPE', 'UP', 11, 'ATTACK', 'UNNECESSARY', 'DOWN')",ESCAPE,UP,11,ATTACK,UNNECESSARY,DOWN,0.0,0.0,0.0,0.0,0.0,0.98354083,BOMB,0.98354083
"('BOMBING', 'RIGHT', 14, 'GOOD_HIGH', 'UNNECESSARY', 'LEFT')",BOMBING,RIGHT,14,GOOD_HIGH,UNNECESSARY,LEFT,-0.09781432,0.44645748,0.0,0.0,0.0,0.0,RIGHT,0.44645748
"('COIN', 'LEFT', 12, 'UNAVAILABLE', 'UNNECESSARY', 'DOWN')",COIN,LEFT,12,UNAVAILABLE,UNNECESSARY,DOWN,0.0,0.0,0.7808544,0.0,0.0,0.0,DOWN,0.7808544
"('NONE', 'NONE', 14, 'UNAVAILABLE', 'UNNECESSARY', 'LEFT')",NONE,NONE,14,UNAVAILABLE,UNNECESSARY,LEFT,-0.15677036,0.18614006,0.0,0.38695905,-0.051,-0.101,LEFT,0.38695905
"('NONE', 'NONE', 6, 'USELESS', 'UNNECESSARY', 'WAIT')",NONE,NONE,6,USELESS,UNNECESSARY,WAIT,-0.10204192,0.0,0.0,0.0,-0.051,-0.012378299,RIGHT,0.0
"('ESCAPE', 'RIGHT', 6, 'UNAVAILABLE', 'UNSAFE', 'LEFT')",ESCAPE,RIGHT,6,UNAVAILABLE,UNSAFE,LEFT,-0.50079143,0.0,0.5870551,0.0,0.0,0.0,DOWN,0.5870551
"('COIN', 'LEFT', 0, 'UNAVAILABLE', 'NECESSARY', 'LEFT')",COIN,LEFT,0,UNAVAILABLE,NECESSARY,LEFT,-0.017568022,-1.201,-0.101,-0.501,1.768156,-0.058122464,WAIT,1.768156
"('ESCAPE', 'UP', 9, 'GOOD_HIGH', 'UNSAFE', 'LEFT')",ESCAPE,UP,9,GOOD_HIGH,UNSAFE,LEFT,0.0,0.0,0.0,-0.001,0.0,0.0,UP,0.0
"('BOMBING', 'RIGHT', 2, 'ATTACK', 'UNNECESSARY', 'DOWN')",BOMBING,RIGHT,2,ATTACK,UNNECESSARY,DOWN,0.0,0.0,-0.096297085,0.0,0.0,0.53148764,BOMB,0.53148764
"('BOMBING', 'HERE', 6, 'UNAVAILABLE', 'UNNECESSARY', 'UP')",BOMBING,HERE,6,UNAVAILABLE,UNNECESSARY,UP,-0.101,1.0456686,0.0,0.0,-0.04156811,0.0,RIGHT,1.0456686
"('BOMBING', 'HERE', 13, 'GOOD_HIGH', 'UNNECESSARY', 'BOMB')",BOMBING,HERE,13,GOOD_HIGH,UNNECESSARY,BOMB,0.0,0.0,0.0,0.17332444,0.0,0.0,LEFT,0.17332444
"('COIN', 'RIGHT', 14, 'GOOD_LOW', 'UNNECESSARY', 'LEFT')",COIN,RIGHT,14,GOOD_LOW,UNNECESSARY,LEFT,0.0,0.0,0.0,0.34821844,0.0,0.0,LEFT,0.34821844
"('NONE', 'NONE', 14, 'ATTACK', 'UNNECESSARY', 'RIGHT')",NONE,NONE,14,ATTACK,UNNECESSARY,RIGHT,0.0,0.0,1.167658,0.072454914,0.0,0.0,DOWN,1.167658
"('NONE', 'NONE', 11, 'UNAVAILABLE', 'UNNECESSARY', 'BOMB')",NONE,NONE,11,UNAVAILABLE,UNNECESSARY,BOMB,0.0,0.12634398,0.0,0.0,0.0,0.0,RIGHT,0.12634398
"('NONE', 'NONE', 11, 'ATTACK', 'UNNECESSARY', 'RIGHT')",NONE,NONE,11,ATTACK,UNNECESSARY,RIGHT,0.20487317,0.0053891838,-0.13278078,-0.02263383,-0.048924077,1.3860854,BOMB,1.3860854
"('NONE', 'NONE', 7, 'ATTACK', 'UNNECESSARY', 'LEFT')",NONE,NONE,7,ATTACK,UNNECESSARY,LEFT,0.02712295,0.0,-0.0042492803,0.024294026,-0.051,1.1432494,BOMB,1.1432494
"('NONE', 'NONE', 7, 'ATTACK', 'UNNECESSARY', 'WAIT')",NONE,NONE,7,ATTACK,UNNECESSARY,WAIT,0.0,0.0,0.114042684,-0.101,-0.051,0.0,DOWN,0.114042684
"('NONE', 'NONE', 3, 'ATTACK', 'UNNECESSARY', 'WAIT')",NONE,NONE,3,ATTACK,UNNECESSARY,WAIT,0.0,0.0,0.0,-0.101,-0.051,0.09830486,BOMB,0.09830486
"('BOMBING', 'DOWN', 1, 'UNAVAILABLE', 'UNNECESSARY', 'WAIT')",BOMBING,DOWN,1,UNAVAILABLE,UNNECESSARY,WAIT,0.6159999,-0.045288593,-1.201,-0.101,-0.006213748,-0.09995837,UP,0.6159999
"('ESCAPE', 'LEFT', 8, 'USELESS', 'UNSAFE', 'LEFT')",ESCAPE,LEFT,8,USELESS,UNSAFE,LEFT,-0.601,-0.501,-0.601,0.22246063,-0.055090003,-0.651,LEFT,0.22246063
"('BOMBING', 'RIGHT', 8, 'UNAVAILABLE', 'UNNECESSARY', 'RIGHT')",BOMBING,RIGHT,8,UNAVAILABLE,UNNECESSARY,RIGHT,-0.060661543,-0.9519,-0.05678314,0.56746054,-0.038746558,-0.09800651,LEFT,0.56746054
"('NONE', 'NONE', 2, 'UNAVAILABLE', 'UNNECESSARY', 'WAIT')",NONE,NONE,2,UNAVAILABLE,UNNECESSARY,WAIT,0.0,0.5271619,0.0,0.0,0.0,-0.030827845,RIGHT,0.5271619
"('NONE', 'NONE', 11, 'USELESS', 'UNNECESSARY', 'LEFT')",NONE,NONE,11,USELESS,UNNECESSARY,LEFT,0.0487879,0.16079314,-0.3637225,0.29255593,-0.25865445,-0.30386811,LEFT,0.29255593
"('NONE', 'NONE', 3, 'UNAVAILABLE', 'UNNECESSARY', 'DOWN')",NONE,NONE,3,UNAVAILABLE,UNNECESSARY,DOWN,-0.023273967,0.94080347,-0.027851552,-0.15666074,-0.0969,-0.1919,RIGHT,0.94080347
"('ESCAPE', 'RIGHT', 11, 'ATTACK', 'UNNECESSARY', 'RIGHT')",ESCAPE,RIGHT,11,ATTACK,UNNECESSARY,RIGHT,0.0,0.711344,0.0,-0.00089809875,0.0,0.0,RIGHT,0.711344
"('NONE', 'NONE', 12, 'USELESS', 'UNNECESSARY', 'RIGHT')",NONE,NONE,12,USELESS,UNNECESSARY,RIGHT,-0.101,0.0,0.6346637,-0.028714366,-0.09309397,0.0,DOWN,0.6346637
"('NONE', 'NONE', 12, 'USELESS', 'UNNECESSARY', 'WAIT')",NONE,NONE,12,USELESS,UNNECESSARY,WAIT,-0.101353236,-0.091618806,0.09063043,0.0,-0.051,-0.026843688,DOWN,0.09063043
"('COIN', 'RIGHT', 11, 'UNAVAILABLE', 'UNNECESSARY', 'LEFT')",COIN,RIGHT,11,UNAVAILABLE,UNNECESSARY,LEFT,0.0,0.0,0.0,0.84542876,0.0,0.0,LEFT,0.84542876
"('COIN', 'RIGHT', 15, 'ATTACK', 'UNNECESSARY', 'LEFT')",COIN,RIGHT,15,ATTACK,UNNECESSARY,LEFT,0.0,0.0,0.14762448,0.9015981,0.0,0.0,LEFT,0.9015981
"('NONE', 'NONE', 2, 'UNSAFE', 'UNNECESSARY', 'LEFT')",NONE,NONE,2,UNSAFE,UNNECESSARY,LEFT,-0.82935464,-0.5556519,-0.66460454,-0.9519,-0.73687553,-0.72429216,RIGHT,-0.5556519
"('NONE', 'NONE', 0, 'UNSAFE', 'NECESSARY', 'UP')",NONE,NONE,0,UNSAFE,NECESSARY,UP,0.15607959,-0.40373465,-0.14609,-0.26648435,-0.13521674,-1.0000403,UP,0.15607959
"('COIN', 'DOWN', 1, 'GOOD_LOW', 'UNNECESSARY', 'DOWN')",COIN,DOWN,1,GOOD_LOW,UNNECESSARY,DOWN,-0.031157432,-0.06835633,-0.501,-0.101,-0.051,0.11760852,BOMB,0.11760852
"('ESCAPE', 'RIGHT', 10, 'USELESS', 'UNSAFE', 'LEFT')",ESCAPE,RIGHT,10,USELESS,UNSAFE,LEFT,0.0,-0.001,-0.18309028,0.53737193,-0.501,0.0,LEFT,0.53737193
"('BOMBING', 'LEFT', 0, 'UNSAFE', 'NECESSARY', 'RIGHT')",BOMBING,LEFT,0,UNSAFE,NECESSARY,RIGHT,-0.4019484,-0.53432137,-0.25960422,-0.501,-0.2596099,-0.8740959,DOWN,-0.25960422
"('ESCAPE', 'DOWN', 14, 'GOOD_HIGH', 'UNNECESSARY', 'UP')",ESCAPE,DOWN,14,GOOD_HIGH,UNNECESSARY,UP,0.0,0.0,0.0,0.0,-0.051,0.0,UP,0.0
"('ESCAPE', 'DOWN', 12, 'GOOD_HIGH', 'UNNECESSARY', 'WAIT')",ESCAPE,DOWN,12,GOOD_HIGH,UNNECESSARY,WAIT,0.0,0.0,0.0,-0.001,0.0,0.0,UP,0.0
"('COIN', 'LEFT', 8, 'GOOD_LOW', 'UNNECESSARY', 'LEFT')",COIN,LEFT,8,GOOD_LOW,UNNECESSARY,LEFT,0.0,0.0,-0.101,0.0,0.0,0.45447552,BOMB,0.45447552
"('COIN', 'LEFT', 8, 'USELESS', 'UNNECESSARY', 'DOWN')",COIN,LEFT,8,USELESS,UNNECESSARY,DOWN,-0.09235294,0.0,0.0,0.0,0.0,0.0,RIGHT,0.0
"('ESCAPE', 'UP', 11, 'USELESS', 'UNSAFE', 'RIGHT')",ESCAPE,UP,11,USELESS,UNSAFE,RIGHT,-0.001,0.0,0.0,0.46205384,0.0,-0.651,LEFT,0.46205384
"('NONE', 'NONE', 9, 'UNAVAILABLE', 'UNNECESSARY', 'RIGHT')",NONE,NONE,9,UNAVAILABLE,UNNECESSARY,RIGHT,0.58804476,0.0,0.0,-0.019069657,-0.051,0.0,UP,0.58804476
"('BOMBING', 'LEFT', 13, 'UNAVAILABLE', 'UNNECESSARY', 'BOMB')",BOMBING,LEFT,13,UNAVAILABLE,UNNECESSARY,BOMB,0.0,-0.06666739,0.0,0.0,-0.044005595,0.0,UP,0.0
"('BOMBING', 'UP', 7, 'UNAVAILABLE', 'UNNECESSARY', 'RIGHT')",BOMBING,UP,7,UNAVAILABLE,UNNECESSARY,RIGHT,0.0,0.0,0.99443793,-1.201,-0.051,-0.101,DOWN,0.99443793
"('BOMBING', 'UP', 15, 'UNAVAILABLE', 'UNNECESSARY', 'BOMB')",BOMBING,UP,15,UNAVAILABLE,UNNECESSARY,BOMB,0.0,0.13165952,0.0,0.0,-0.046487074,0.0,RIGHT,0.13165952
"('NONE', 'NONE', 7, 'ATTACK', 'UNNECESSARY', 'DOWN')",NONE,NONE,7,ATTACK,UNNECESSARY,DOWN,-0.029145475,0.64648306,-0.004138568,-0.07994302,-0.095696375,0.12844132,RIGHT,0.64648306
"('NONE', 'NONE', 5, 'ATTACK', 'UNNECESSARY', 'LEFT')",NONE,NONE,5,ATTACK,UNNECESSARY,LEFT,0.30353278,-0.013261961,-0.004196757,0.0,-0.051,0.0,UP,0.30353278
"('NONE', 'NONE', 5, 'ATTACK', 'UNNECESSARY', 'UP')",NONE,NONE,5,ATTACK,UNNECESSARY,UP,0.0,-0.101,0.0,0.0,0.0,1.2488681,BOMB,1.2488681
"('NONE', 'NONE', 11, 'ATTACK', 'UNNECESSARY', 'LEFT')",NONE,NONE,11,ATTACK,UNNECESSARY,LEFT,0.036865704,0.025684305,-0.0710594,0.040642824,-0.007192089,1.2226048,BOMB,1.2226048
"('NONE', 'NONE', 2, 'USELESS', 'UNNECESSARY', 'RIGHT')",NONE,NONE,2,USELESS,UNNECESSARY,RIGHT,-0.101,0.55445147,-0.17312914,-0.501,-0.051261142,-0.59175974,RIGHT,0.55445147
"('NONE', 'NONE', 4, 'USELESS', 'UNNECESSARY', 'UP')",NONE,NONE,4,USELESS,UNNECESSARY,UP,-0.501,-0.099613816,0.2607631,-0.10109,-0.06601585,-0.021383656,DOWN,0.2607631
"('BOMBING', 'RIGHT', 14, 'ATTACK', 'UNNECESSARY', 'UP')",BOMBING,RIGHT,14,ATTACK,UNNECESSARY,UP,0.0,0.1019796,0.4940356,-0.011,0.0,0.0,DOWN,0.4940356
"('BOMBING', 'RIGHT', 2, 'USELESS', 'UNNECESSARY', 'LEFT')",BOMBING,RIGHT,2,USELESS,UNNECESSARY,LEFT,-0.047359075,0.075737834,-0.101,-0.501,-0.024657104,-0.04714665,RIGHT,0.075737834
"('BOMBING', 'RIGHT', 2, 'USELESS', 'UNNECESSARY', 'RIGHT')",BOMBING,RIGHT,2,USELESS,UNNECESSARY,RIGHT,-0.14389917,0.926152,-0.101,-0.9519,-0.12648845,-0.12926762,RIGHT,0.926152
"('BOMBING', 'UP', 13, 'ATTACK', 'UNNECESSARY', 'UP')",BOMBING,UP,13,ATTACK,UNNECESSARY,UP,0.0,0.0,0.0,0.69759184,-0.051,0.0711255,LEFT,0.69759184
"('ESCAPE', 'RIGHT', 10, 'ATTACK', 'UNSAFE', 'WAIT')",ESCAPE,RIGHT,10,ATTACK,UNSAFE,WAIT,0.0,0.0,0.0,-0.001,-0.501,-0.501,UP,0.0
"('NONE', 'NONE', 4, 'USELESS', 'UNNECESSARY', 'DOWN')",NONE,NONE,4,USELESS,UNNECESSARY,DOWN,0.0,0.0,0.4778555,-0.1929,-0.051,-0.0066925953,DOWN,0.4778555
"('BOMBING', 'HERE', 7, 'ATTACK', 'UNNECESSARY', 'DOWN')",BOMBING,HERE,7,ATTACK,UNNECESSARY,DOWN,0.0,0.0,0.8241434,0.0,0.0,0.0,DOWN,0.8241434
"('NONE', 'NONE', 0, 'UNSAFE', 'NECESSARY', 'RIGHT')",NONE,NONE,0,UNSAFE,NECESSARY,RIGHT,-1.0428214,-0.92461544,-0.8908931,-1.1123047,-0.9314239,-1.434262,DOWN,-0.8908931
"('NONE', 'NONE', 2, 'USELESS', 'UNNECESSARY', 'LEFT')",NONE,NONE,2,USELESS,UNNECESSARY,LEFT,-0.09989508,0.16545048,-0.101,-0.501,-0.04447152,-0.024788473,RIGHT,0.16545048
"('BOMBING', 'DOWN', 7, 'GOOD_HIGH', 'UNNECESSARY', 'WAIT')",BOMBING,DOWN,7,GOOD_HIGH,UNNECESSARY,WAIT,0.0,0.0,0.0,0.0,0.0,0.17075185,BOMB,0.17075185
"('ESCAPE', 'UP', 7, 'GOOD_LOW', 'UNNECESSARY', 'UP')",ESCAPE,UP,7,GOOD_LOW,UNNECESSARY,UP,0.11508035,0.0,0.0,0.0,0.0,0.0,UP,0.11508035
"('BOMBING', 'DOWN', 7, 'ATTACK', 'UNNECESSARY', 'UP')",BOMBING,DOWN,7,ATTACK,UNNECESSARY,UP,0.0,0.0,0.0,0.0,0.0,0.9832363,BOMB,0.9832363
"('BOMBING', 'HERE', 12, 'GOOD_LOW', 'UNNECESSARY', 'UP')",BOMBING,HERE,12,GOOD_LOW,UNNECESSARY,UP,0.0,-0.101,-0.0026259404,0.48640674,0.0,0.0,LEFT,0.48640674
"('BOMBING', 'HERE', 12, 'GOOD_LOW', 'UNNECESSARY', 'RIGHT')",BOMBING,HERE,12,GOOD_LOW,UNNECESSARY,RIGHT,-0.08766863,-0.101,0.0,-0.0240819,-0.051,0.6742803,BOMB,0.6742803
"('NONE', 'NONE', 9, 'UNAVAILABLE', 'UNNECESSARY', 'UP')",NONE,NONE,9,UNAVAILABLE,UNNECESSARY,UP,0.4467029,-0.04706229,-1.201,0.0,-0.09555866,0.0,UP,0.4467029
"('NONE', 'NONE', 13, 'UNAVAILABLE', 'UNNECESSARY', 'WAIT')",NONE,NONE,13,UNAVAILABLE,UNNECESSARY,WAIT,0.09476424,0.0,0.0,0.0,0.0,0.0,UP,0.09476424
"('NONE', 'NONE', 12, 'UNAVAILABLE', 'UNNECESSARY', 'BOMB')",NONE,NONE,12,UNAVAILABLE,UNNECESSARY,BOMB,0.0,0.0,0.0,0.0,-0.051,0.0,UP,0.0
"('NONE', 'NONE', 12, 'UNAVAILABLE', 'UNNECESSARY', 'WAIT')",NONE,NONE,12,UNAVAILABLE,UNNECESSARY,WAIT,0.0,0.0,0.0,-0.0036778508,0.0,0.0,UP,0.0
"('NONE', 'NONE', 11, 'ATTACK', 'UNNECESSARY', 'DOWN')",NONE,NONE,11,ATTACK,UNNECESSARY,DOWN,0.010314463,0.096500315,0.0,0.0,-0.030297825,1.1276233,BOMB,1.1276233
"('NONE', 'NONE', 3, 'UNAVAILABLE', 'UNNECESSARY', 'LEFT')",NONE,NONE,3,UNAVAILABLE,UNNECESSARY,LEFT,0.39018038,0.06143239,-0.101,0.0,-0.013692502,-0.101,UP,0.39018038
"('NONE', 'NONE', 3, 'UNAVAILABLE', 'UNNECESSARY', 'WAIT')",NONE,NONE,3,UNAVAILABLE,UNNECESSARY,WAIT,0.06703611,0.0,0.0,0.0,0.0,-0.101,UP,0.06703611
"('NONE', 'NONE', 11, 'UNAVAILABLE', 'UNNECESSARY', 'RIGHT')",NONE,NONE,11,UNAVAILABLE,UNNECESSARY,RIGHT,0.6535906,0.0,0.0,0.0,-0.051,-0.101,UP,0.6535906
"('NONE', 'NONE', 15, 'ATTACK', 'UNNECESSARY', 'BOMB')",NONE,NONE,15,ATTACK,UNNECESSARY,BOMB,0.0,0.0,0.0,0.0,0.0,0.123867504,BOMB,0.123867504
"('NONE', 'NONE', 3, 'ATTACK', 'UNNECESSARY', 'LEFT')",NONE,NONE,3,ATTACK,UNNECESSARY,LEFT,-0.0037978038,0.0,0.0,0.0,0.0,1.0987985,BOMB,1.0987985
"('NONE', 'NONE', 7, 'ATTACK', 'UNNECESSARY', 'UP')",NONE,NONE,7,ATTACK,UNNECESSARY,UP,0.0,0.0,0.0,0.0,0.0,1.1811529,BOMB,1.1811529
"('NONE', 'NONE', 9, 'USELESS', 'UNNECESSARY', 'RIGHT')",NONE,NONE,9,USELESS,UNNECESSARY,RIGHT,0.3571667,-0.41625032,-0.34800574,0.11399636,-0.28570288,-0.314348,UP,0.3571667
"('NONE', 'NONE', 13, 'UNAVAILABLE', 'UNNECESSARY', 'UP')",NONE,NONE,13,UNAVAILABLE,UNNECESSARY,UP,0.0,0.0,-0.019879978,0.43170035,-0.09271136,0.0,LEFT,0.43170035
"('COIN', 'LEFT', 12, 'UNAVAILABLE', 'UNNECESSARY', 'BOMB')",COIN,LEFT,12,UNAVAILABLE,UNNECESSARY,BOMB,0.0,0.0,0.0,0.10359906,0.0,0.0,LEFT,0.10359906
"('COIN', 'RIGHT', 8, 'USELESS', 'UNNECESSARY', 'RIGHT')",COIN,RIGHT,8,USELESS,UNNECESSARY,RIGHT,-0.101,-0.501,-0.101,0.5126944,-0.051,-0.059742592,LEFT,0.5126944
"('COIN', 'RIGHT', 11, 'GOOD_LOW', 'UNNECESSARY', 'LEFT')",COIN,RIGHT,11,GOOD_LOW,UNNECESSARY,LEFT,0.0,0.0,-0.09166406,0.0,0.0,0.282587,BOMB,0.282587
"('BOMBING', 'RIGHT', 13, 'UNAVAILABLE', 'UNNECESSARY', 'LEFT')",BOMBING,RIGHT,13,UNAVAILABLE,UNNECESSARY,LEFT,0.0,-1.201,0.96920764,0.0,-0.04751725,0.0,DOWN,0.96920764
"('ESCAPE', 'RIGHT', 14, 'ATTACK', 'UNSAFE', 'UP')",ESCAPE,RIGHT,14,ATTACK,UNSAFE,UP,0.0,0.0,-0.001,0.29543006,0.0,-0.501,LEFT,0.29543006
"('BOMBING', 'RIGHT', 3, 'ATTACK', 'UNNECESSARY', 'LEFT')",BOMBING,RIGHT,3,ATTACK,UNNECESSARY,LEFT,-0.011,0.0,0.0,0.0,-0.024024192,0.2724486,BOMB,0.2724486
"('BOMBING', 'DOWN', 4, 'GOOD_LOW', 'UNNECESSARY', 'DOWN')",BOMBING,DOWN,4,GOOD_LOW,UNNECESSARY,DOWN,-0.501,0.0,0.0,-0.0637947,-0.051,0.23403057,BOMB,0.23403057
"('BOMBING', 'UP', 4, 'GOOD_LOW', 'UNNECESSARY', 'WAIT')",BOMBING,UP,4,GOOD_LOW,UNNECESSARY,WAIT,0.0,0.0,0.0,-0.101,0.0,0.0,UP,0.0
"('BOMBING', 'UP', 0, 'UNSAFE', 'NECESSARY', 'LEFT')",BOMBING,UP,0,UNSAFE,NECESSARY,LEFT,0.0,0.0,0.0,-0.096957766,0.0,0.0,UP,0.0
"('ESCAPE', 'LEFT', 10, 'UNAVAILABLE', 'UNNECESSARY', 'LEFT')",ESCAPE,LEFT,10,UNAVAILABLE,UNNECESSARY,LEFT,0.0,0.0,0.0,-0.31252837,-0.051,0.119655065,BOMB,0.119655065
"('ESCAPE', 'RIGHT', 6, 'UNAVAILABLE', 'UNSAFE', 'RIGHT')",ESCAPE,RIGHT,6,UNAVAILABLE,UNSAFE,RIGHT,0.0,0.0,2.3818612,-2.1919,0.0,0.0,DOWN,2.3818612
"('BOMBING', 'DOWN', 13, 'GOOD_HIGH', 'UNNECESSARY', 'UP')",BOMBING,DOWN,13,GOOD_HIGH,UNNECESSARY,UP,0.0,0.0,0.42612505,0.0,0.0,0.0,DOWN,0.42612505
"('COIN', 'UP', 13, 'ATTACK', 'UNNECESSARY', 'UP')",COIN,UP,13,ATTACK,UNNECESSARY,UP,0.15014617,0.0,0.0029527023,0.69849205,0.0,0.0,LEFT,0.69849205
"('ESCAPE', 'UP', 5, 'USELESS', 'UNNECESSARY', 'UP')",ESCAPE,UP,5,USELESS,UNNECESSARY,UP,0.37516654,-0.1304839,-0.101,-0.19560769,-0.051,-0.0064429888,UP,0.37516654
"('ESCAPE', 'RIGHT', 15, 'ATTACK', 'UNNECESSARY', 'RIGHT')",ESCAPE,RIGHT,15,ATTACK,UNNECESSARY,RIGHT,0.0,0.0,0.42417234,0.0,-0.051,0.0,DOWN,0.42417234
"('BOMBING', 'DOWN', 12, 'UNAVAILABLE', 'UNNECESSARY', 'DOWN')",BOMBING,DOWN,12,UNAVAILABLE,UNNECESSARY,DOWN,-1.201,-0.501,0.77887714,0.0,-0.051,0.0,DOWN,0.77887714
"('ESCAPE', 'UP', 13, 'UNAVAILABLE', 'UNSAFE', 'DOWN')",ESCAPE,UP,13,UNAVAILABLE,UNSAFE,DOWN,0.0,-0.501,0.0,0.2250465,0.0,0.0,LEFT,0.2250465
"('BOMBING', 'UP', 4, 'GOOD_LOW', 'UNNECESSARY', 'RIGHT')",BOMBING,UP,4,GOOD_LOW,UNNECESSARY,RIGHT,0.0,0.0,0.0,-0.101,0.0,0.0,UP,0.0
"('BOMBING', 'UP', 4, 'USELESS', 'UNNECESSARY', 'LEFT')",BOMBING,UP,4,USELESS,UNNECESSARY,LEFT,0.0,0.0,0.017050177,0.0,0.0,0.0,DOWN,0.017050177
"('BOMBING', 'HERE', 7, 'ATTACK', 'UNNECESSARY', 'LEFT')",BOMBING,HERE,7,ATTACK,UNNECESSARY,LEFT,0.0,0.0,0.7956964,0.0,-0.051,0.0,DOWN,0.7956964
"('NONE', 'NONE', 13, 'UNAVAILABLE', 'UNNECESSARY', 'BOMB')",NONE,NONE,13,UNAVAILABLE,UNNECESSARY,BOMB,0.0,0.0,0.117039606,0.0,-0.051,0.0,DOWN,0.117039606
"('ESCAPE', 'UP', 9, 'USELESS', 'UNNECESSARY', 'RIGHT')",ESCAPE,UP,9,USELESS,UNNECESSARY,RIGHT,0.0,-0.092061624,0.0,0.17987037,0.0,-0.09257329,LEFT,0.17987037
"('ESCAPE', 'UP', 1, 'GOOD_HIGH', 'UNSAFE', 'DOWN')",ESCAPE,UP,1,GOOD_HIGH,UNSAFE,DOWN,0.10144532,-0.601,-0.601,-0.601,-0.501,-0.501,UP,0.10144532
"('BOMBING', 'LEFT', 13, 'UNAVAILABLE', 'UNNECESSARY', 'LEFT')",BOMBING,LEFT,13,UNAVAILABLE,UNNECESSARY,LEFT,0.0,0.0,0.88195956,0.0,0.0,0.0,DOWN,0.88195956
"('COIN', 'UP', 11, 'ATTACK', 'UNNECESSARY', 'DOWN')",COIN,UP,11,ATTACK,UNNECESSARY,DOWN,0.93834114,0.0,0.0,0.0,0.0,0.0,UP,0.93834114
"('NONE', 'NONE', 5, 'UNAVAILABLE', 'UNNECESSARY', 'WAIT')",NONE,NONE,5,UNAVAILABLE,UNNECESSARY,WAIT,0.08658059,-0.09339762,0.80593854,-0.18499057,-0.07279469,-0.1916287,DOWN,0.80593854
"('ESCAPE', 'RIGHT', 6, 'UNAVAILABLE', 'UNSAFE', 'DOWN')",ESCAPE,RIGHT,6,UNAVAILABLE,UNSAFE,DOWN,-0.501,3.0141878,0.0,-1.001,0.0,0.0,RIGHT,3.0141878
"('ESCAPE', 'UP', 13, 'GOOD_HIGH', 'UNNECESSARY', 'RIGHT')",ESCAPE,UP,13,GOOD_HIGH,UNNECESSARY,RIGHT,0.0,0.0,-0.001,0.0,-0.051,0.51121897,BOMB,0.51121897
"('BOMBING', 'UP', 4, 'GOOD_LOW', 'UNNECESSARY', 'DOWN')",BOMBING,UP,4,GOOD_LOW,UNNECESSARY,DOWN,0.0,0.0,0.2873371,0.0,0.0,0.0,DOWN,0.2873371
"('ESCAPE', 'DOWN', 5, 'GOOD_LOW', 'UNNECESSARY', 'UP')",ESCAPE,DOWN,5,GOOD_LOW,UNNECESSARY,UP,-0.001,-0.101,-0.001,-0.09768611,0.0,0.46680957,BOMB,0.46680957
"('ESCAPE', 'RIGHT', 2, 'UNSAFE', 'UNSAFE', 'UP')",ESCAPE,RIGHT,2,UNSAFE,UNSAFE,UP,0.0,0.0,0.0,0.0,0.0,-1.001,UP,0.0
"('COIN', 'UP', 10, 'GOOD_HIGH', 'UNNECESSARY', 'LEFT')",COIN,UP,10,GOOD_HIGH,UNNECESSARY,LEFT,-0.501,0.0,-0.09569517,0.09792645,-0.051,0.0,LEFT,0.09792645
"('ESCAPE', 'RIGHT', 14, 'UNAVAILABLE', 'UNNECESSARY', 'UP')",ESCAPE,RIGHT,14,UNAVAILABLE,UNNECESSARY,UP,0.0,0.0,0.0,0.8681974,-0.051,0.0,LEFT,0.8681974
"('COIN', 'DOWN', 5, 'UNSAFE', 'UNNECESSARY', 'DOWN')",COIN,DOWN,5,UNSAFE,UNNECESSARY,DOWN,0.0,-0.101,0.0,0.0,0.0,-0.40787396,UP,0.0
"('ESCAPE', 'DOWN', 4, 'GOOD_LOW', 'UNNECESSARY', 'RIGHT')",ESCAPE,DOWN,4,GOOD_LOW,UNNECESSARY,RIGHT,0.0,0.0,0.0,0.0,0.0,0.19911304,BOMB,0.19911304
"('BOMBING', 'HERE', 11, 'ATTACK', 'UNNECESSARY', 'LEFT')",BOMBING,HERE,11,ATTACK,UNNECESSARY,LEFT,0.0,0.0,0.0,0.0,0.0,1.2972963,BOMB,1.2972963
"('ESCAPE', 'DOWN', 5, 'USELESS', 'UNNECESSARY', 'DOWN')",ESCAPE,DOWN,5,USELESS,UNNECESSARY,DOWN,0.0,0.0,0.15725346,-0.101,0.0,0.0,DOWN,0.15725346
"('NONE', 'NONE', 13, 'ATTACK', 'UNNECESSARY', 'DOWN')",NONE,NONE,13,ATTACK,UNNECESSARY,DOWN,0.23494932,-0.09670754,0.11971233,0.15924492,-0.06035872,1.379302,BOMB,1.379302
"('ESCAPE', 'UP', 5, 'USELESS', 'UNSAFE', 'RIGHT')",ESCAPE,UP,5,USELESS,UNSAFE,RIGHT,-0.007979829,0.0,0.29302415,0.0,-0.501,-0.5046534,DOWN,0.29302415
"('COIN', 'DOWN', 13, 'ATTACK', 'UNNECESSARY', 'UP')",COIN,DOWN,13,ATTACK,UNNECESSARY,UP,0.0,-0.101,0.7076522,0.0,0.0,0.0,DOWN,0.7076522
"('BOMBING', 'LEFT', 13, 'ATTACK', 'UNNECESSARY', 'RIGHT')",BOMBING,LEFT,13,ATTACK,UNNECESSARY,RIGHT,0.0,0.0,0.3487153,0.0,0.0,0.0,DOWN,0.3487153
"('BOMBING', 'LEFT', 13, 'ATTACK', 'UNNECESSARY', 'UP')",BOMBING,LEFT,13,ATTACK,UNNECESSARY,UP,0.0,0.0,0.0,0.0,-0.051,1.1946849,BOMB,1.1946849
"('BOMBING', 'LEFT', 13, 'ATTACK', 'UNNECESSARY', 'WAIT')",BOMBING,LEFT,13,ATTACK,UNNECESSARY,WAIT,-0.101,0.0,0.0,0.0,0.0,0.25042936,BOMB,0.25042936
"('BOMBING', 'LEFT', 12, 'ATTACK', 'UNNECESSARY', 'UP')",BOMBING,LEFT,12,ATTACK,UNNECESSARY,UP,0.0,0.0,0.0,0.7304823,0.0,0.0,LEFT,0.7304823
"('BOMBING', 'HERE', 14, 'ATTACK', 'UNNECESSARY', 'UP')",BOMBING,HERE,14,ATTACK,UNNECESSARY,UP,-0.015121241,-0.06590174,-0.08585271,0.6358013,0.0,0.0,LEFT,0.6358013
"('ESCAPE', 'LEFT', 8, 'USELESS', 'UNSAFE', 'DOWN')",ESCAPE,LEFT,8,USELESS,UNSAFE,DOWN,-0.501,-0.601,0.0,0.32631063,-0.501,-0.651,LEFT,0.32631063
"('COIN', 'UP', 4, 'USELESS', 'UNNECESSARY', 'RIGHT')",COIN,UP,4,USELESS,UNNECESSARY,RIGHT,-0.501,0.0,0.0,0.0,0.0,0.0,RIGHT,0.0
"('BOMBING', 'RIGHT', 4, 'UNAVAILABLE', 'UNNECESSARY', 'LEFT')",BOMBING,RIGHT,4,UNAVAILABLE,UNNECESSARY,LEFT,0.0,-1.201,0.82411003,-0.101,-0.051,-0.09979174,DOWN,0.82411003
"('BOMBING', 'UP', 13, 'ATTACK', 'UNNECESSARY', 'LEFT')",BOMBING,UP,13,ATTACK,UNNECESSARY,LEFT,0.0,0.0,0.15122198,0.0,0.0,0.0,DOWN,0.15122198
"('BOMBING', 'UP', 1, 'USELESS', 'UNNECESSARY', 'DOWN')",BOMBING,UP,1,USELESS,UNNECESSARY,DOWN,0.72114563,0.0,0.0,-0.071387954,-0.041519437,0.0,UP,0.72114563
"('BOMBING', 'LEFT', 11, 'GOOD_LOW', 'UNNECESSARY', 'LEFT')",BOMBING,LEFT,11,GOOD_LOW,UNNECESSARY,LEFT,0.0969895,0.0,0.0,0.0,0.0,1.2194707,BOMB,1.2194707
"('ESCAPE', 'UP', 1, 'UNSAFE', 'UNSAFE', 'DOWN')",ESCAPE,UP,1,UNSAFE,UNSAFE,DOWN,0.08575203,-0.501,0.0,-0.601,0.0,0.0,UP,0.08575203
"('COIN', 'LEFT', 12, 'ATTACK', 'UNNECESSARY', 'UP')",COIN,LEFT,12,ATTACK,UNNECESSARY,UP,0.0,0.0,0.0,1.2705797,0.0,0.0,LEFT,1.2705797
"('NONE', 'NONE', 11, 'UNAVAILABLE', 'UNNECESSARY', 'WAIT')",NONE,NONE,11,UNAVAILABLE,UNNECESSARY,WAIT,0.0,0.15178242,0.0,0.0,0.0,0.0,RIGHT,0.15178242
"('NONE', 'NONE', 9, 'USELESS', 'UNNECESSARY', 'DOWN')",NONE,NONE,9,USELESS,UNNECESSARY,DOWN,-0.02468144,-0.17533988,-0.25238597,0.37944832,-0.14484431,-0.1301948,LEFT,0.37944832
"('NONE', 'NONE', 9, 'ATTACK', 'UNNECESSARY', 'DOWN')",NONE,NONE,9,ATTACK,UNNECESSARY,DOWN,0.11723798,0.0,-0.1041519,0.1076843,-0.07905311,1.3098326,BOMB,1.3098326
"('NONE', 'NONE', 4, 'ATTACK', 'UNNECESSARY', 'LEFT')",NONE,NONE,4,ATTACK,UNNECESSARY,LEFT,0.0,0.0,0.12724103,0.0,0.0,0.0,DOWN,0.12724103
"('ESCAPE', 'UP', 15, 'UNAVAILABLE', 'UNNECESSARY', 'RIGHT')",ESCAPE,UP,15,UNAVAILABLE,UNNECESSARY,RIGHT,0.0,0.812091,0.0,0.0,0.0,0.0,RIGHT,0.812091
"('COIN', 'RIGHT', 3, 'ATTACK', 'UNNECESSARY', 'LEFT')",COIN,RIGHT,3,ATTACK,UNNECESSARY,LEFT,0.0,0.14850734,0.0,0.0,0.0,0.0,RIGHT,0.14850734
"('BOMBING', 'HERE', 13, 'GOOD_LOW', 'UNNECESSARY', 'DOWN')",BOMBING,HERE,13,GOOD_LOW,UNNECESSARY,DOWN,0.0,0.0,0.0,-0.0058394033,-0.051,1.2233586,BOMB,1.2233586
"('COIN', 'UP', 7, 'GOOD_LOW', 'UNNECESSARY', 'DOWN')",COIN,UP,7,GOOD_LOW,UNNECESSARY,DOWN,0.0,0.0,0.6176657,-0.101,0.0,0.0,DOWN,0.6176657
"('COIN', 'UP', 7, 'GOOD_LOW', 'UNNECESSARY', 'LEFT')",COIN,UP,7,GOOD_LOW,UNNECESSARY,LEFT,0.0,0.6149655,0.0,-0.101,-0.051,0.0,RIGHT,0.6149655
"('COIN', 'UP', 7, 'GOOD_LOW', 'UNNECESSARY', 'WAIT')",COIN,UP,7,GOOD_LOW,UNNECESSARY,WAIT,0.0,0.0,0.0,0.0,0.0,0.082372405,BOMB,0.082372405
"('BOMBING', 'UP', 13, 'GOOD_LOW', 'UNNECESSARY', 'UP')",BOMBING,UP,13,GOOD_LOW,UNNECESSARY,UP,1.050398,-0.090399235,-0.017592715,0.0,-0.04185906,0.0,UP,1.050398
"('BOMBING', 'UP', 13, 'UNAVAILABLE', 'UNNECESSARY', 'LEFT')",BOMBING,UP,13,UNAVAILABLE,UNNECESSARY,LEFT,0.0,-1.201,0.1678527,0.938608,-0.09211053,0.042378984,LEFT,0.938608
"('BOMBING', 'UP', 6, 'UNAVAILABLE', 'UNNECESSARY', 'DOWN')",BOMBING,UP,6,UNAVAILABLE,UNNECESSARY,DOWN,0.0,0.8947964,0.0,0.0,0.0,0.0,RIGHT,0.8947964
"('BOMBING', 'DOWN', 1, 'USELESS', 'UNNECESSARY', 'DOWN')",BOMBING,DOWN,1,USELESS,UNNECESSARY,DOWN,0.35442314,-0.101,-0.501,-0.08988819,-0.051,-0.058560852,UP,0.35442314
"('COIN', 'LEFT', 9, 'UNAVAILABLE', 'UNNECESSARY', 'LEFT')",COIN,LEFT,9,UNAVAILABLE,UNNECESSARY,LEFT,0.0,0.0,0.0,1.1931283,0.0,-0.101,LEFT,1.1931283
"('COIN', 'LEFT', 11, 'UNAVAILABLE', 'UNNECESSARY', 'BOMB')",COIN,LEFT,11,UNAVAILABLE,UNNECESSARY,BOMB,0.0,0.0,0.0,0.38795114,0.0,0.0,LEFT,0.38795114
"('NONE', 'NONE', 9, 'USELESS', 'UNNECESSARY', 'WAIT')",NONE,NONE,9,USELESS,UNNECESSARY,WAIT,0.0,0.0,-0.101,0.22814178,-0.051,0.0,LEFT,0.22814178
"('ESCAPE', 'RIGHT', 14, 'GOOD_HIGH', 'UNNECESSARY', 'UP')",ESCAPE,RIGHT,14,GOOD_HIGH,UNNECESSARY,UP,-0.101,-0.001,0.0,0.0,-0.051,0.0,DOWN,0.0
"('BOMBING', 'RIGHT', 0, 'UNSAFE', 'NECESSARY', 'LEFT')",BOMBING,RIGHT,0,UNSAFE,NECESSARY,LEFT,-0.07188328,-0.501,-0.09247176,-0.28397948,0.0908136,-0.3771809,WAIT,0.0908136
"('BOMBING', 'UP', 14, 'USELESS', 'UNNECESSARY', 'UP')",BOMBING,UP,14,USELESS,UNNECESSARY,UP,0.0,0.0,0.0,0.3812777,0.0,0.0,LEFT,0.3812777
"('ESCAPE', 'RIGHT', 15, 'UNAVAILABLE', 'UNNECESSARY', 'RIGHT')",ESCAPE,RIGHT,15,UNAVAILABLE,UNNECESSARY,RIGHT,0.0,0.55095124,0.0,0.0,0.0,0.0,RIGHT,0.55095124
"('BOMBING', 'UP', 13, 'ATTACK', 'UNNECESSARY', 'DOWN')",BOMBING,UP,13,ATTACK,UNNECESSARY,DOWN,0.0,0.0,0.6036284,0.0,0.0,0.0,DOWN,0.6036284
"('ESCAPE', 'UP', 11, 'UNAVAILABLE', 'UNNECESSARY', 'UP')",ESCAPE,UP,11,UNAVAILABLE,UNNECESSARY,UP,0.0,0.71893257,0.0,0.0,-0.051,-0.101,RIGHT,0.71893257
"('ESCAPE', 'UP', 11, 'GOOD_HIGH', 'UNSAFE', 'WAIT')",ESCAPE,UP,11,GOOD_HIGH,UNSAFE,WAIT,0.0,-0.001,0.0,0.0,0.0,-0.501,UP,0.0
"('BOMBING', 'HERE', 6, 'UNAVAILABLE', 'UNNECESSARY', 'DOWN')",BOMBING,HERE,6,UNAVAILABLE,UNNECESSARY,DOWN,0.0,0.0,0.94197935,0.0,0.0,-0.101,DOWN,0.94197935
"('NONE', 'NONE', 2, 'ATTACK', 'UNNECESSARY', 'UP')",NONE,NONE,2,ATTACK,UNNECESSARY,UP,0.0,0.0,0.0,0.0,0.0,0.33989486,BOMB,0.33989486
"('ESCAPE', 'UP', 13, 'GOOD_LOW', 'UNNECESSARY', 'BOMB')",ESCAPE,UP,13,GOOD_LOW,UNNECESSARY,BOMB,0.0,-0.110035904,0.0,0.0,0.0,0.0,UP,0.0
"('COIN', 'LEFT', 14, 'GOOD_LOW', 'UNNECESSARY', 'WAIT')",COIN,LEFT,14,GOOD_LOW,UNNECESSARY,WAIT,0.0,0.0,0.0,0.0,0.0,0.29039538,BOMB,0.29039538
"('BOMBING', 'RIGHT', 11, 'UNAVAILABLE', 'UNNECESSARY', 'UP')",BOMBING,RIGHT,11,UNAVAILABLE,UNNECESSARY,UP,0.6731675,0.0,0.0,0.0,-0.047055528,-0.09980142,UP,0.6731675
"('BOMBING', 'LEFT', 2, 'ATTACK', 'UNNECESSARY', 'LEFT')",BOMBING,LEFT,2,ATTACK,UNNECESSARY,LEFT,-0.101,-0.098251075,-0.101,0.0,-0.051,0.11845687,BOMB,0.11845687
"('NONE', 'NONE', 10, 'ATTACK', 'UNNECESSARY', 'DOWN')",NONE,NONE,10,ATTACK,UNNECESSARY,DOWN,0.0,0.0,0.0,0.0,0.0,1.0137109,BOMB,1.0137109
"('ESCAPE', 'UP', 15, 'USELESS', 'UNNECESSARY', 'RIGHT')",ESCAPE,UP,15,USELESS,UNNECESSARY,RIGHT,0.0,0.0,0.62032664,0.0,-0.1479,0.0,DOWN,0.62032664
"('BOMBING', 'UP', 0, 'UNAVAILABLE', 'NECESSARY', 'UP')",BOMBING,UP,0,UNAVAILABLE,NECESSARY,UP,-0.401,-0.08022263,-1.201,-0.027873509,0.7339758,-0.0363858,WAIT,0.7339758
"('ESCAPE', 'UP', 15, 'UNAVAILABLE', 'UNNECESSARY', 'WAIT')",ESCAPE,UP,15,UNAVAILABLE,UNNECESSARY,WAIT,0.10947667,0.0,0.0,0.0,0.0,0.0,UP,0.10947667
"('COIN', 'DOWN', 14, 'ATTACK', 'UNNECESSARY', 'RIGHT')",COIN,DOWN,14,ATTACK,UNNECESSARY,RIGHT,-0.09118579,0.7454787,0.0,0.0,0.0,0.0,RIGHT,0.7454787
"('BOMBING', 'DOWN', 7, 'UNAVAILABLE', 'UNNECESSARY', 'UP')",BOMBING,DOWN,7,UNAVAILABLE,UNNECESSARY,UP,0.0,0.71276635,0.0,0.0,0.0,0.0,RIGHT,0.71276635
"('COIN', 'DOWN', 11, 'UNAVAILABLE', 'UNNECESSARY', 'RIGHT')",COIN,DOWN,11,UNAVAILABLE,UNNECESSARY,RIGHT,0.11580476,0.0,0.0,0.0,0.0,0.0,UP,0.11580476
"('COIN', 'DOWN', 1, 'ATTACK', 'UNNECESSARY', 'DOWN')",COIN,DOWN,1,ATTACK,UNNECESSARY,DOWN,0.0,-0.101,-0.501,-0.0862894,-0.051,0.6460494,BOMB,0.6460494
"('COIN', 'DOWN', 1, 'ATTACK', 'UNNECESSARY', 'WAIT')",COIN,DOWN,1,ATTACK,UNNECESSARY,WAIT,0.0,0.0,0.0,-0.101,0.0,0.0,UP,0.0
"('COIN', 'DOWN', 5, 'ATTACK', 'UNNECESSARY', 'LEFT')",COIN,DOWN,5,ATTACK,UNNECESSARY,LEFT,0.0,0.0,0.52559566,0.0,0.0,0.0,DOWN,0.52559566
"('ESCAPE', 'LEFT', 8, 'GOOD_HIGH', 'UNNECESSARY', 'RIGHT')",ESCAPE,LEFT,8,GOOD_HIGH,UNNECESSARY,RIGHT,0.0,0.0,-0.09689516,0.18816781,-0.051,0.0,LEFT,0.18816781
"('ESCAPE', 'LEFT', 8, 'GOOD_HIGH', 'UNSAFE', 'WAIT')",ESCAPE,LEFT,8,GOOD_HIGH,UNSAFE,WAIT,0.0,0.0,0.0,0.12895311,0.0,-0.31869832,LEFT,0.12895311
"('BOMBING', 'LEFT', 1, 'UNAVAILABLE', 'UNNECESSARY', 'RIGHT')",BOMBING,LEFT,1,UNAVAILABLE,UNNECESSARY,RIGHT,0.64760786,-0.08694198,-0.057017744,0.0,-0.046524685,-0.101,UP,0.64760786
"('COIN', 'LEFT', 14, 'ATTACK', 'UNNECESSARY', 'BOMB')",COIN,LEFT,14,ATTACK,UNNECESSARY,BOMB,0.0,0.0,0.0,0.10071874,0.0,0.0,LEFT,0.10071874
"('ESCAPE', 'RIGHT', 10, 'ATTACK', 'UNSAFE', 'DOWN')",ESCAPE,RIGHT,10,ATTACK,UNSAFE,DOWN,-0.501,-0.001,-0.501,0.4674053,0.0,-0.501,LEFT,0.4674053
"('BOMBING', 'HERE', 2, 'GOOD_LOW', 'UNNECESSARY', 'RIGHT')",BOMBING,HERE,2,GOOD_LOW,UNNECESSARY,RIGHT,-0.101,0.097027496,0.0,0.0,0.0,0.0,RIGHT,0.097027496
"('ESCAPE', 'RIGHT', 11, 'UNAVAILABLE', 'UNNECESSARY', 'RIGHT')",ESCAPE,RIGHT,11,UNAVAILABLE,UNNECESSARY,RIGHT,0.0,0.914855,0.0,0.0,0.0,-0.101,RIGHT,0.914855
"('ESCAPE', 'RIGHT', 11, 'GOOD_LOW', 'UNNECESSARY', 'BOMB')",ESCAPE,RIGHT,11,GOOD_LOW,UNNECESSARY,BOMB,0.0,0.0,0.0,-0.001,0.0,0.0,UP,0.0
"('NONE', 'NONE', 12, 'UNAVAILABLE', 'UNNECESSARY', 'UP')",NONE,NONE,12,UNAVAILABLE,UNNECESSARY,UP,0.0,0.0,0.0,0.3700934,-0.051,0.0,LEFT,0.3700934
"('ESCAPE', 'UP', 3, 'ATTACK', 'UNSAFE', 'DOWN')",ESCAPE,UP,3,ATTACK,UNSAFE,DOWN,-0.001,-0.03387767,-0.601,-0.501,-0.501,-0.501,UP,-0.001
"('COIN', 'DOWN', 1, 'GOOD_LOW', 'UNNECESSARY', 'UP')",COIN,DOWN,1,GOOD_LOW,UNNECESSARY,UP,0.33471859,-0.07202579,-0.501,0.0,-0.027940743,0.0,UP,0.33471859
"('COIN', 'DOWN', 7, 'GOOD_HIGH', 'UNNECESSARY', 'UP')",COIN,DOWN,7,GOOD_HIGH,UNNECESSARY,UP,1.0078185,0.0,0.0,-0.025431024,0.0,0.0,UP,1.0078185
"('NONE', 'NONE', 0, 'UNSAFE', 'NECESSARY', 'LEFT')",NONE,NONE,0,UNSAFE,NECESSARY,LEFT,-0.10118971,-0.501,-0.110107414,-0.48536232,-0.003947925,-0.84400666,WAIT,-0.003947925
"('ESCAPE', 'LEFT', 14, 'UNAVAILABLE', 'UNNECESSARY', 'DOWN')",ESCAPE,LEFT,14,UNAVAILABLE,UNNECESSARY,DOWN,0.0,-0.2360305,0.0,1.1050735,-0.009451957,0.0,LEFT,1.1050735
"('NONE', 'NONE', 9, 'UNAVAILABLE', 'UNNECESSARY', 'BOMB')",NONE,NONE,9,UNAVAILABLE,UNNECESSARY,BOMB,0.08529646,0.0,0.0,0.0,-0.051,-0.101,UP,0.08529646
"('COIN', 'DOWN', 6, 'UNAVAILABLE', 'UNNECESSARY', 'BOMB')",COIN,DOWN,6,UNAVAILABLE,UNNECESSARY,BOMB,0.0,0.0,0.13232039,0.0,0.0,0.0,DOWN,0.13232039
"('ESCAPE', 'UP', 5, 'USELESS', 'UNSAFE', 'UP')",ESCAPE,UP,5,USELESS,UNSAFE,UP,0.7294432,-0.601,-0.0011063867,-0.501,-0.501,-0.651,UP,0.7294432
"('NONE', 'NONE', 3, 'UNAVAILABLE', 'UNNECESSARY', 'RIGHT')",NONE,NONE,3,UNAVAILABLE,UNNECESSARY,RIGHT,0.45970708,0.0,0.0,-1.201,0.0,0.0,UP,0.45970708
"('BOMBING', 'DOWN', 12, 'USELESS', 'UNNECESSARY', 'BOMB')",BOMBING,DOWN,12,USELESS,UNNECESSARY,BOMB,0.0,0.0,0.0,0.07989446,0.0,0.0,LEFT,0.07989446
"('COIN', 'UP', 9, 'UNSAFE', 'UNNECESSARY', 'DOWN')",COIN,UP,9,UNSAFE,UNNECESSARY,DOWN,0.0,-0.101,0.0,0.0,0.0,0.0,UP,0.0
"('COIN', 'UP', 9, 'UNSAFE', 'UNNECESSARY', 'RIGHT')",COIN,UP,9,UNSAFE,UNNECESSARY,RIGHT,0.38586453,0.0,0.0,0.0,0.0,0.0,UP,0.38586453
"('ESCAPE', 'UP', 7, 'UNAVAILABLE', 'UNSAFE', 'DOWN')",ESCAPE,UP,7,UNAVAILABLE,UNSAFE,DOWN,0.0,0.55290353,0.0,0.0,0.0,0.0,RIGHT,0.55290353
"('ESCAPE', 'LEFT', 10, 'ATTACK', 'UNNECESSARY', 'LEFT')",ESCAPE,LEFT,10,ATTACK,UNNECESSARY,LEFT,-0.101,-0.00058407016,-0.091592446,0.40289044,-0.04225345,-0.08754426,LEFT,0.40289044
"('ESCAPE', 'DOWN', 14, 'UNAVAILABLE', 'UNNECESSARY', 'LEFT')",ESCAPE,DOWN,14,UNAVAILABLE,UNNECESSARY,LEFT,-0.101,0.8573358,0.0,0.0,0.0,-0.101,RIGHT,0.8573358
"('ESCAPE', 'LEFT', 12, 'ATTACK', 'UNNECESSARY', 'BOMB')",ESCAPE,LEFT,12,ATTACK,UNNECESSARY,BOMB,0.0,0.0,-0.001,0.0,0.0,0.0,UP,0.0
"('ESCAPE', 'DOWN', 4, 'ATTACK', 'UNNECESSARY', 'DOWN')",ESCAPE,DOWN,4,ATTACK,UNNECESSARY,DOWN,0.0,-0.08928453,-0.001,-0.101,-0.051,0.22739954,BOMB,0.22739954
"('BOMBING', 'DOWN', 0, 'UNAVAILABLE', 'NECESSARY', 'RIGHT')",BOMBING,DOWN,0,UNAVAILABLE,NECESSARY,RIGHT,0.0,-0.093890674,0.0,-0.101,0.046162203,0.0,WAIT,0.046162203
"('BOMBING', 'UP', 9, 'USELESS', 'UNNECESSARY', 'UP')",BOMBING,UP,9,USELESS,UNNECESSARY,UP,0.07876329,0.0,0.0,0.0,0.0,0.0,UP,0.07876329
"('COIN', 'DOWN', 14, 'UNAVAILABLE', 'UNNECESSARY', 'DOWN')",COIN,DOWN,14,UNAVAILABLE,UNNECESSARY,DOWN,0.0,0.0,1.5077472,0.0,0.0,0.0,DOWN,1.5077472
"('BOMBING', 'DOWN', 4, 'ATTACK', 'UNNECESSARY', 'RIGHT')",BOMBING,DOWN,4,ATTACK,UNNECESSARY,RIGHT,-0.087803796,0.0,0.0,0.0,0.0,0.53804505,BOMB,0.53804505
"('COIN', 'LEFT', 2, 'ATTACK', 'UNNECESSARY', 'RIGHT')",COIN,LEFT,2,ATTACK,UNNECESSARY,RIGHT,0.0,0.435033,0.0,0.0,0.0,-0.26062775,RIGHT,0.435033
"('ESCAPE', 'RIGHT', 15, 'USELESS', 'UNNECESSARY', 'RIGHT')",ESCAPE,RIGHT,15,USELESS,UNNECESSARY,RIGHT,-0.001,0.0,0.0,0.37928674,0.0,0.0,LEFT,0.37928674
"('BOMBING', 'HERE', 4, 'UNAVAILABLE', 'UNNECESSARY', 'LEFT')",BOMBING,HERE,4,UNAVAILABLE,UNNECESSARY,LEFT,0.0,0.0,0.7588427,0.0,0.0,-0.101,DOWN,0.7588427
"('NONE', 'NONE', 5, 'UNSAFE', 'UNNECESSARY', 'DOWN')",NONE,NONE,5,UNSAFE,UNNECESSARY,DOWN,-0.10952256,-0.101,0.04533448,-0.0938628,-0.30684677,-0.8813568,DOWN,0.04533448
"('NONE', 'NONE', 4, 'UNSAFE', 'UNNECESSARY', 'RIGHT')",NONE,NONE,4,UNSAFE,UNNECESSARY,RIGHT,0.0,0.0,0.0,-0.101,-0.051,0.0,UP,0.0
"('NONE', 'NONE', 5, 'UNSAFE', 'UNNECESSARY', 'LEFT')",NONE,NONE,5,UNSAFE,UNNECESSARY,LEFT,0.0,0.0,0.0,0.0,-0.051,0.0,UP,0.0
"('NONE', 'NONE', 4, 'UNSAFE', 'UNNECESSARY', 'WAIT')",NONE,NONE,4,UNSAFE,UNNECESSARY,WAIT,0.0,-0.101652116,-0.11545991,-0.101,-0.02589191,-1.0198486,UP,0.0
"('NONE', 'NONE', 4, 'UNSAFE', 'UNNECESSARY', 'LEFT')",NONE,NONE,4,UNSAFE,UNNECESSARY,LEFT,0.0,0.0,-0.001,0.0,-0.051,-0.8099834,UP,0.0
"('COIN', 'LEFT', 13, 'ATTACK', 'UNNECESSARY', 'UP')",COIN,LEFT,13,ATTACK,UNNECESSARY,UP,0.6995818,0.0,0.047226146,0.0,-0.051,0.0,UP,0.6995818
"('ESCAPE', 'UP', 13, 'ATTACK', 'UNNECESSARY', 'WAIT')",ESCAPE,UP,13,ATTACK,UNNECESSARY,WAIT,0.095846094,0.0,0.0,-0.0007749668,0.0,0.0,UP,0.095846094
"('ESCAPE', 'UP', 5, 'GOOD_LOW', 'UNNECESSARY', 'RIGHT')",ESCAPE,UP,5,GOOD_LOW,UNNECESSARY,RIGHT,0.0,0.0,0.0,-0.09109,0.0,0.94834834,BOMB,0.94834834
"('COIN', 'RIGHT', 10, 'ATTACK', 'UNNECESSARY', 'UP')",COIN,RIGHT,10,ATTACK,UNNECESSARY,UP,0.0,0.0,0.0,0.0,0.0,0.55931723,BOMB,0.55931723
"('COIN', 'LEFT', 2, 'GOOD_LOW', 'UNNECESSARY', 'DOWN')",COIN,LEFT,2,GOOD_LOW,UNNECESSARY,DOWN,-0.101,0.0,0.0,0.0,0.0,0.0,RIGHT,0.0
"('COIN', 'LEFT', 2, 'GOOD_LOW', 'UNNECESSARY', 'UP')",COIN,LEFT,2,GOOD_LOW,UNNECESSARY,UP,0.0,0.0,-0.101,0.0,0.0,0.0,UP,0.0
"('ESCAPE', 'RIGHT', 10, 'GOOD_LOW', 'UNNECESSARY', 'LEFT')",ESCAPE,RIGHT,10,GOOD_LOW,UNNECESSARY,LEFT,0.0,0.0,-0.101,-0.001,-0.051,0.6913655,BOMB,0.6913655
"('ESCAPE', 'RIGHT', 10, 'GOOD_LOW', 'UNSAFE', 'DOWN')",ESCAPE,RIGHT,10,GOOD_LOW,UNSAFE,DOWN,-0.501,-0.001,-0.501,0.15378205,-0.501,-0.501,LEFT,0.15378205
"('BOMBING', 'LEFT', 7, 'GOOD_HIGH', 'UNNECESSARY', 'LEFT')",BOMBING,LEFT,7,GOOD_HIGH,UNNECESSARY,LEFT,0.0,0.0,0.0,0.0,-0.051,0.0,UP,0.0
"('COIN', 'LEFT', 7, 'GOOD_LOW', 'UNNECESSARY', 'WAIT')",COIN,LEFT,7,GOOD_LOW,UNNECESSARY,WAIT,0.0,0.0,0.0,-0.501,0.0,0.0,UP,0.0
"('COIN', 'DOWN', 7, 'GOOD_HIGH', 'UNNECESSARY', 'WAIT')",COIN,DOWN,7,GOOD_HIGH,UNNECESSARY,WAIT,0.0,0.0,0.0,0.0,0.0,0.3276729,BOMB,0.3276729
"('ESCAPE', 'DOWN', 12, 'UNAVAILABLE', 'UNNECESSARY', 'RIGHT')",ESCAPE,DOWN,12,UNAVAILABLE,UNNECESSARY,RIGHT,0.0,0.0,-0.00199,0.67731404,-0.023239512,0.0,LEFT,0.67731404
"('BOMBING', 'UP', 9, 'UNAVAILABLE', 'UNNECESSARY', 'LEFT')",BOMBING,UP,9,UNAVAILABLE,UNNECESSARY,LEFT,0.999383,-1.201,-0.08836313,0.0,-0.051,0.0,UP,0.999383
"('BOMBING', 'HERE', 13, 'GOOD_LOW', 'UNNECESSARY', 'WAIT')",BOMBING,HERE,13,GOOD_LOW,UNNECESSARY,WAIT,0.0,0.0,0.0,0.0,0.0,0.16982386,BOMB,0.16982386
"('NONE', 'NONE', 1, 'ATTACK', 'UNNECESSARY', 'WAIT')",NONE,NONE,1,ATTACK,UNNECESSARY,WAIT,0.0,0.0,0.0,0.0,0.0,0.52024835,BOMB,0.52024835
"('NONE', 'NONE', 4, 'ATTACK', 'UNNECESSARY', 'UP')",NONE,NONE,4,ATTACK,UNNECESSARY,UP,-0.08283283,0.0,0.017898375,0.0,0.0,0.95849377,BOMB,0.95849377
"('NONE', 'NONE', 10, 'ATTACK', 'UNNECESSARY', 'UP')",NONE,NONE,10,ATTACK,UNNECESSARY,UP,0.0,0.38862777,0.0,0.0,0.0,0.0,RIGHT,0.38862777
"('BOMBING', 'DOWN', 12, 'UNAVAILABLE', 'UNNECESSARY', 'BOMB')",BOMBING,DOWN,12,UNAVAILABLE,UNNECESSARY,BOMB,0.0,0.0,0.0,0.008079455,0.0,0.0,LEFT,0.008079455
"('ESCAPE', 'UP', 13, 'UNAVAILABLE', 'UNNECESSARY', 'DOWN')",ESCAPE,UP,13,UNAVAILABLE,UNNECESSARY,DOWN,0.08610517,0.0,0.0,0.37165952,0.0,0.0,LEFT,0.37165952
"('COIN', 'UP', 13, 'GOOD_HIGH', 'UNNECESSARY', 'BOMB')",COIN,UP,13,GOOD_HIGH,UNNECESSARY,BOMB,0.0,0.0,0.108216904,0.0,0.0,0.0,DOWN,0.108216904
"('ESCAPE', 'RIGHT', 14, 'USELESS', 'UNNECESSARY', 'LEFT')",ESCAPE,RIGHT,14,USELESS,UNNECESSARY,LEFT,-0.12153948,0.104987085,0.0,0.0,-0.051,-0.151,RIGHT,0.104987085
"('ESCAPE', 'RIGHT', 10, 'GOOD_HIGH', 'UNNECESSARY', 'UP')",ESCAPE,RIGHT,10,GOOD_HIGH,UNNECESSARY,UP,0.0,0.0,-0.101,0.0,0.0,0.79866254,BOMB,0.79866254
"('ESCAPE', 'RIGHT', 11, 'GOOD_LOW', 'UNNECESSARY', 'UP')",ESCAPE,RIGHT,11,GOOD_LOW,UNNECESSARY,UP,0.0,0.0,0.0,0.0,0.0,1.0827674,BOMB,1.0827674
"('ESCAPE', 'LEFT', 13, 'UNAVAILABLE', 'UNSAFE', 'BOMB')",ESCAPE,LEFT,13,UNAVAILABLE,UNSAFE,BOMB,0.0,0.0,0.0,0.19058868,-0.501,0.0,LEFT,0.19058868
"('ESCAPE', 'RIGHT', 10, 'ATTACK', 'UNSAFE', 'UP')",ESCAPE,RIGHT,10,ATTACK,UNSAFE,UP,-0.501,0.0,-0.501,0.16569826,0.0,-0.501,LEFT,0.16569826
"('COIN', 'UP', 11, 'UNAVAILABLE', 'UNNECESSARY', 'RIGHT')",COIN,UP,11,UNAVAILABLE,UNNECESSARY,RIGHT,0.0,0.9698527,0.0,0.0,0.0,-0.101,RIGHT,0.9698527
"('ESCAPE', 'UP', 7, 'ATTACK', 'UNNECESSARY', 'DOWN')",ESCAPE,UP,7,ATTACK,UNNECESSARY,DOWN,0.59960353,0.0,0.0,0.0,0.0,0.0,UP,0.59960353
"('COIN', 'DOWN', 11, 'GOOD_LOW', 'UNNECESSARY', 'DOWN')",COIN,DOWN,11,GOOD_LOW,UNNECESSARY,DOWN,0.0,0.0,-0.501,0.0,0.0,0.0,UP,0.0
"('NONE', 'NONE', 8, 'USELESS', 'UNNECESSARY', 'RIGHT')",NONE,NONE,8,USELESS,UNNECESSARY,RIGHT,-0.101,-0.9519,-0.081078716,0.097227104,-0.051,-0.050387226,LEFT,0.097227104
"('ESCAPE', 'LEFT', 13, 'UNAVAILABLE', 'UNNECESSARY', 'UP')",ESCAPE,LEFT,13,UNAVAILABLE,UNNECESSARY,UP,0.0,0.0,0.0,0.36112568,0.0,0.0,LEFT,0.36112568
"('ESCAPE', 'LEFT', 9, 'ATTACK', 'UNNECESSARY', 'DOWN')",ESCAPE,LEFT,9,ATTACK,UNNECESSARY,DOWN,0.0,0.0,0.0,0.0,0.0,0.9361291,BOMB,0.9361291
"('NONE', 'NONE', 9, 'UNAVAILABLE', 'UNNECESSARY', 'DOWN')",NONE,NONE,9,UNAVAILABLE,UNNECESSARY,DOWN,0.20493886,-0.16680953,-0.101,0.02228742,0.04023605,-0.101,UP,0.20493886
"('COIN', 'DOWN', 12, 'UNAVAILABLE', 'UNNECESSARY', 'DOWN')",COIN,DOWN,12,UNAVAILABLE,UNNECESSARY,DOWN,-1.201,0.0,0.0,0.90258,0.0,0.0,LEFT,0.90258
"('COIN', 'UP', 11, 'ATTACK', 'UNNECESSARY', 'LEFT')",COIN,UP,11,ATTACK,UNNECESSARY,LEFT,1.4975688,0.0,-0.09586387,0.0,0.0,0.0,UP,1.4975688
"('ESCAPE', 'UP', 13, 'USELESS', 'UNNECESSARY', 'UP')",ESCAPE,UP,13,USELESS,UNNECESSARY,UP,0.6861637,-0.15322231,-0.00791928,-0.001,0.0,-0.1088102,UP,0.6861637
"('BOMBING', 'HERE', 8, 'GOOD_LOW', 'UNNECESSARY', 'LEFT')",BOMBING,HERE,8,GOOD_LOW,UNNECESSARY,LEFT,-0.09593394,-0.501,0.0,0.0,0.0,0.28978112,BOMB,0.28978112
"('COIN', 'RIGHT', 8, 'USELESS', 'UNNECESSARY', 'DOWN')",COIN,RIGHT,8,USELESS,UNNECESSARY,DOWN,-0.097480625,0.0,0.0,0.0,0.0,-0.06041822,RIGHT,0.0
"('COIN', 'RIGHT', 3, 'UNAVAILABLE', 'UNNECESSARY', 'WAIT')",COIN,RIGHT,3,UNAVAILABLE,UNNECESSARY,WAIT,0.0,0.0,-0.07758037,0.0,0.0,-0.101,UP,0.0
"('COIN', 'RIGHT', 3, 'GOOD_HIGH', 'UNNECESSARY', 'BOMB')",COIN,RIGHT,3,GOOD_HIGH,UNNECESSARY,BOMB,0.09889422,0.0,0.0,0.0,0.0,0.0,UP,0.09889422
"('BOMBING', 'DOWN', 13, 'UNAVAILABLE', 'UNNECESSARY', 'UP')",BOMBING,DOWN,13,UNAVAILABLE,UNNECESSARY,UP,0.0,0.0,0.0,0.9710165,0.0,0.0,LEFT,0.9710165
"('BOMBING', 'RIGHT', 11, 'UNAVAILABLE', 'UNNECESSARY', 'LEFT')",BOMBING,RIGHT,11,UNAVAILABLE,UNNECESSARY,LEFT,0.08196921,0.5740903,-0.079186626,0.0,0.0,0.0,RIGHT,0.5740903
"('NONE', 'NONE', 14, 'ATTACK', 'UNNECESSARY', 'LEFT')",NONE,NONE,14,ATTACK,UNNECESSARY,LEFT,0.0,0.0,0.9228294,0.0,0.0,0.0,DOWN,0.9228294
"('NONE', 'NONE', 9, 'UNAVAILABLE', 'UNNECESSARY', 'WAIT')",NONE,NONE,9,UNAVAILABLE,UNNECESSARY,WAIT,0.0,-0.07219474,0.0,0.0,0.0,-0.101,UP,0.0
"('NONE', 'NONE', 1, 'ATTACK', 'UNNECESSARY', 'BOMB')",NONE,NONE,1,ATTACK,UNNECESSARY,BOMB,0.0,0.0,0.0,-0.08371224,0.0,0.0,UP,0.0
"('COIN', 'DOWN', 4, 'GOOD_HIGH', 'UNNECESSARY', 'DOWN')",COIN,DOWN,4,GOOD_HIGH,UNNECESSARY,DOWN,0.0,0.0,0.03221103,0.0,0.0,0.0,DOWN,0.03221103
"('BOMBING', 'UP', 13, 'USELESS', 'UNNECESSARY', 'DOWN')",BOMBING,UP,13,USELESS,UNNECESSARY,DOWN,0.0,0.0,0.0,0.69291097,0.0,0.0,LEFT,0.69291097
"('BOMBING', 'UP', 9, 'UNAVAILABLE', 'UNNECESSARY', 'BOMB')",BOMBING,UP,9,UNAVAILABLE,UNNECESSARY,BOMB,0.16257325,0.0,0.0,0.0,0.0,0.0,UP,0.16257325
"('ESCAPE', 'RIGHT', 2, 'USELESS', 'UNSAFE', 'RIGHT')",ESCAPE,RIGHT,2,USELESS,UNSAFE,RIGHT,-0.601,-0.001,-0.601,-0.501,-0.501,-0.5339799,RIGHT,-0.001
"('COIN', 'LEFT', 15, 'GOOD_HIGH', 'UNNECESSARY', 'RIGHT')",COIN,LEFT,15,GOOD_HIGH,UNNECESSARY,RIGHT,0.0,0.0,0.0,1.188584,0.0,0.119964056,LEFT,1.188584
"('ESCAPE', 'LEFT', 8, 'ATTACK', 'UNSAFE', 'DOWN')",ESCAPE,LEFT,8,ATTACK,UNSAFE,DOWN,0.0,-0.11553006,0.0,0.22013521,-0.501,-0.501,LEFT,0.22013521
"('BOMBING', 'LEFT', 2, 'USELESS', 'UNNECESSARY', 'UP')",BOMBING,LEFT,2,USELESS,UNNECESSARY,UP,0.0,0.0,-0.091735,0.0,0.0,0.0,UP,0.0
"('BOMBING', 'UP', 13, 'ATTACK', 'UNNECESSARY', 'WAIT')",BOMBING,UP,13,ATTACK,UNNECESSARY,WAIT,0.0,0.0,0.0,0.0,0.0,0.22071788,BOMB,0.22071788
"('ESCAPE', 'RIGHT', 11, 'GOOD_LOW', 'UNNECESSARY', 'RIGHT')",ESCAPE,RIGHT,11,GOOD_LOW,UNNECESSARY,RIGHT,0.0,0.0,-0.055090003,0.0,0.0,0.74977916,BOMB,0.74977916
"('ESCAPE', 'UP', 13, 'GOOD_LOW', 'UNNECESSARY', 'UP')",ESCAPE,UP,13,GOOD_LOW,UNNECESSARY,UP,0.0,0.0,0.0,0.0,-0.051,0.66117704,BOMB,0.66117704
"('ESCAPE', 'UP', 13, 'GOOD_LOW', 'UNSAFE', 'WAIT')",ESCAPE,UP,13,GOOD_LOW,UNSAFE,WAIT,0.0,0.0,-0.001,0.0,0.0,0.0,UP,0.0
"('COIN', 'UP', 4, 'GOOD_HIGH', 'UNNECESSARY', 'UP')",COIN,UP,4,GOOD_HIGH,UNNECESSARY,UP,0.0,0.0,0.0,0.0,-0.0493881,0.17876017,BOMB,0.17876017
"('ESCAPE', 'UP', 11, 'USELESS', 'UNSAFE', 'BOMB')",ESCAPE,UP,11,USELESS,UNSAFE,BOMB,0.0,-0.001,0.0,0.0,0.0,0.0,UP,0.0
"('NONE', 'NONE', 9, 'UNSAFE', 'UNNECESSARY', 'DOWN')",NONE,NONE,9,UNSAFE,UNNECESSARY,DOWN,-0.21296,-0.15672211,-0.22287247,0.08968776,-0.13821,-0.66441774,LEFT,0.08968776
"('NONE', 'NONE', 9, 'UNSAFE', 'UNNECESSARY', 'RIGHT')",NONE,NONE,9,UNSAFE,UNNECESSARY,RIGHT,0.35923737,-0.101,-0.06921897,0.0,-0.051,-0.9414096,UP,0.35923737
"('ESCAPE', 'LEFT', 8, 'GOOD_LOW', 'UNSAFE', 'RIGHT')",ESCAPE,LEFT,8,GOOD_LOW,UNSAFE,RIGHT,-0.301,-0.501,-0.2870155,0.16082174,-0.501,-0.501,LEFT,0.16082174
"('COIN', 'LEFT', 14, 'ATTACK', 'UNNECESSARY', 'RIGHT')",COIN,LEFT,14,ATTACK,UNNECESSARY,RIGHT,-0.0051868698,0.67162156,0.0,0.0,0.0,0.0,RIGHT,0.67162156
"('ESCAPE', 'DOWN', 14, 'ATTACK', 'UNNECESSARY', 'LEFT')",ESCAPE,DOWN,14,ATTACK,UNNECESSARY,LEFT,-0.101,0.0,0.0,-0.001,0.0,1.2147608,BOMB,1.2147608
"('NONE', 'NONE', 9, 'UNAVAILABLE', 'UNNECESSARY', 'LEFT')",NONE,NONE,9,UNAVAILABLE,UNNECESSARY,LEFT,0.05603317,-1.201,-0.043461215,0.3174303,-0.047518883,-0.18101948,LEFT,0.3174303
"('BOMBING', 'RIGHT', 11, 'ATTACK', 'UNNECESSARY', 'WAIT')",BOMBING,RIGHT,11,ATTACK,UNNECESSARY,WAIT,0.17857368,0.0,0.0,0.0,0.0,0.0,UP,0.17857368
"('COIN', 'DOWN', 12, 'UNAVAILABLE', 'UNNECESSARY', 'WAIT')",COIN,DOWN,12,UNAVAILABLE,UNNECESSARY,WAIT,0.0,0.0,0.2269113,0.0,0.0,0.0,DOWN,0.2269113
"('BOMBING', 'DOWN', 13, 'USELESS', 'UNNECESSARY', 'WAIT')",BOMBING,DOWN,13,USELESS,UNNECESSARY,WAIT,0.0,0.0,0.0,0.07678992,0.0,0.0,LEFT,0.07678992
"('BOMBING', 'HERE', 11, 'UNAVAILABLE', 'UNNECESSARY', 'LEFT')",BOMBING,HERE,11,UNAVAILABLE,UNNECESSARY,LEFT,0.0,0.0,0.0,1.0094172,-0.045615286,-0.101,LEFT,1.0094172
"('BOMBING', 'HERE', 11, 'GOOD_HIGH', 'UNNECESSARY', 'BOMB')",BOMBING,HERE,11,GOOD_HIGH,UNNECESSARY,BOMB,0.0,0.0,0.0,0.0,0.0,0.10317318,BOMB,0.10317318
"('BOMBING', 'UP', 0, 'UNSAFE', 'NECESSARY', 'BOMB')",BOMBING,UP,0,UNSAFE,NECESSARY,BOMB,0.0,0.0,0.0,-0.101,-0.001,0.0,UP,0.0
"('COIN', 'RIGHT', 14, 'ATTACK', 'UNNECESSARY', 'LEFT')",COIN,RIGHT,14,ATTACK,UNNECESSARY,LEFT,0.0,0.0,0.0,0.0,0.0,1.0244074,BOMB,1.0244074
"('ESCAPE', 'UP', 9, 'ATTACK', 'UNNECESSARY', 'RIGHT')",ESCAPE,UP,9,ATTACK,UNNECESSARY,RIGHT,0.5861287,0.0,-0.101,-0.073758356,-0.051,0.0,UP,0.5861287
"('ESCAPE', 'UP', 9, 'ATTACK', 'UNNECESSARY', 'WAIT')",ESCAPE,UP,9,ATTACK,UNNECESSARY,WAIT,0.0,0.0,0.0,0.0,0.0,0.178401,BOMB,0.178401
"('ESCAPE', 'UP', 15, 'GOOD_LOW', 'UNNECESSARY', 'LEFT')",ESCAPE,UP,15,GOOD_LOW,UNNECESSARY,LEFT,0.0,0.0,0.63507247,0.0,0.0,0.0,DOWN,0.63507247
"('NONE', 'NONE', 5, 'UNAVAILABLE', 'UNNECESSARY', 'LEFT')",NONE,NONE,5,UNAVAILABLE,UNNECESSARY,LEFT,0.009743474,-0.10109,0.48168522,-0.08566289,-0.051,-0.098789036,DOWN,0.48168522
"('COIN', 'DOWN', 12, 'UNAVAILABLE', 'UNNECESSARY', 'BOMB')",COIN,DOWN,12,UNAVAILABLE,UNNECESSARY,BOMB,-0.096410826,0.0,0.0,0.0,0.0,0.0,RIGHT,0.0
"('COIN', 'RIGHT', 7, 'ATTACK', 'UNNECESSARY', 'LEFT')",COIN,RIGHT,7,ATTACK,UNNECESSARY,LEFT,0.0,0.0,0.47820333,0.0,0.0,0.0,DOWN,0.47820333
"('BOMBING', 'UP', 15, 'GOOD_LOW', 'UNNECESSARY', 'WAIT')",BOMBING,UP,15,GOOD_LOW,UNNECESSARY,WAIT,0.0,0.11976212,0.0,0.0,0.0,0.0,RIGHT,0.11976212
"('BOMBING', 'HERE', 11, 'GOOD_LOW', 'UNNECESSARY', 'DOWN')",BOMBING,HERE,11,GOOD_LOW,UNNECESSARY,DOWN,-0.0235519,0.0,-0.101,0.5559608,-0.051,0.0,LEFT,0.5559608
"('BOMBING', 'HERE', 11, 'GOOD_LOW', 'UNNECESSARY', 'WAIT')",BOMBING,HERE,11,GOOD_LOW,UNNECESSARY,WAIT,0.0,0.0,-0.101,0.0,0.0,0.14472857,BOMB,0.14472857
"('ESCAPE', 'RIGHT', 6, 'UNAVAILABLE', 'UNNECESSARY', 'RIGHT')",ESCAPE,RIGHT,6,UNAVAILABLE,UNNECESSARY,RIGHT,-0.5357216,0.0,0.82104313,-0.41284406,0.0,0.0,DOWN,0.82104313
"('COIN', 'RIGHT', 6, 'GOOD_HIGH', 'UNNECESSARY', 'LEFT')",COIN,RIGHT,6,GOOD_HIGH,UNNECESSARY,LEFT,0.0,0.0,0.0,0.0,0.0,0.9030417,BOMB,0.9030417
"('ESCAPE', 'RIGHT', 10, 'GOOD_LOW', 'UNSAFE', 'LEFT')",ESCAPE,RIGHT,10,GOOD_LOW,UNSAFE,LEFT,-0.501,0.0,-0.501,0.4274594,0.0,-0.501,LEFT,0.4274594
"('COIN', 'RIGHT', 14, 'USELESS', 'UNNECESSARY', 'BOMB')",COIN,RIGHT,14,USELESS,UNNECESSARY,BOMB,0.0,0.0,0.0,0.0,0.0,-0.026501568,UP,0.0
"('BOMBING', 'UP', 9, 'UNAVAILABLE', 'UNNECESSARY', 'UP')",BOMBING,UP,9,UNAVAILABLE,UNNECESSARY,UP,0.0,0.0,0.0,0.68076473,0.0,0.0,LEFT,0.68076473
"('COIN', 'RIGHT', 3, 'GOOD_HIGH', 'UNNECESSARY', 'LEFT')",COIN,RIGHT,3,GOOD_HIGH,UNNECESSARY,LEFT,0.0,0.5055968,-0.044458583,-0.101,-0.035636187,0.0,RIGHT,0.5055968
"('ESCAPE', 'RIGHT', 2, 'USELESS', 'UNSAFE', 'WAIT')",ESCAPE,RIGHT,2,USELESS,UNSAFE,WAIT,-0.5455142,-0.2648668,-0.601,-0.5284966,-0.5173626,-0.45740923,RIGHT,-0.2648668
"('ESCAPE', 'RIGHT', 10, 'UNAVAILABLE', 'UNNECESSARY', 'LEFT')",ESCAPE,RIGHT,10,UNAVAILABLE,UNNECESSARY,LEFT,-0.1294818,0.7975656,0.0,0.0,0.0045495625,0.114196636,RIGHT,0.7975656
"('BOMBING', 'HERE', 9, 'GOOD_LOW', 'UNNECESSARY', 'RIGHT')",BOMBING,HERE,9,GOOD_LOW,UNNECESSARY,RIGHT,0.0,-0.101,0.0,0.0,-0.051,1.0078534,BOMB,1.0078534
"('BOMBING', 'LEFT', 0, 'UNAVAILABLE', 'NECESSARY', 'LEFT')",BOMBING,LEFT,0,UNAVAILABLE,NECESSARY,LEFT,1.356385,0.0,0.0,0.0,0.0,-0.001,UP,1.356385
"('NONE', 'NONE', 1, 'USELESS', 'UNNECESSARY', 'WAIT')",NONE,NONE,1,USELESS,UNNECESSARY,WAIT,0.0,0.0,0.0,-0.501,-0.04774366,0.0,UP,0.0
"('ESCAPE', 'RIGHT', 14, 'GOOD_HIGH', 'UNSAFE', 'RIGHT')",ESCAPE,RIGHT,14,GOOD_HIGH,UNSAFE,RIGHT,0.0,-0.001,0.0,0.0,0.0,-0.501,UP,0.0
"('ESCAPE', 'UP', 3, 'UNAVAILABLE', 'UNSAFE', 'BOMB')",ESCAPE,UP,3,UNAVAILABLE,UNSAFE,BOMB,0.0,1.0756022,-0.6667324,-0.4728886,0.0,0.0,RIGHT,1.0756022
"('ESCAPE', 'UP', 13, 'GOOD_LOW', 'UNNECESSARY', 'LEFT')",ESCAPE,UP,13,GOOD_LOW,UNNECESSARY,LEFT,0.0,0.0,0.0,0.0,0.0,0.75851643,BOMB,0.75851643
"('NONE', 'NONE', 0, 'UNSAFE', 'NECESSARY', 'WAIT')",NONE,NONE,0,UNSAFE,NECESSARY,WAIT,-0.6487669,-0.3105188,-0.5369153,-0.32609022,-0.3808311,-0.82607746,RIGHT,-0.3105188
"('COIN', 'LEFT', 7, 'GOOD_HIGH', 'UNNECESSARY', 'LEFT')",COIN,LEFT,7,GOOD_HIGH,UNNECESSARY,LEFT,0.0,-0.013876705,0.0,0.0,0.0,0.0,UP,0.0
"('ESCAPE', 'UP', 13, 'ATTACK', 'UNNECESSARY', 'LEFT')",ESCAPE,UP,13,ATTACK,UNNECESSARY,LEFT,0.48549023,-0.101,0.0,-0.001,-0.051,0.0,UP,0.48549023
"('BOMBING', 'UP', 3, 'UNAVAILABLE', 'UNNECESSARY', 'RIGHT')",BOMBING,UP,3,UNAVAILABLE,UNNECESSARY,RIGHT,0.0,0.88771296,-0.01564614,-1.201,0.0,0.0,RIGHT,0.88771296
"('NONE', 'NONE', 3, 'UNSAFE', 'UNNECESSARY', 'DOWN')",NONE,NONE,3,UNSAFE,UNNECESSARY,DOWN,-0.026,0.52938884,0.0,0.0,-0.051,-0.81517303,RIGHT,0.52938884
"('COIN', 'DOWN', 12, 'UNAVAILABLE', 'UNNECESSARY', 'LEFT')",COIN,DOWN,12,UNAVAILABLE,UNNECESSARY,LEFT,0.0,-1.201,1.3371177,0.0,0.0,-0.096342236,DOWN,1.3371177
"('COIN', 'UP', 3, 'UNAVAILABLE', 'UNNECESSARY', 'RIGHT')",COIN,UP,3,UNAVAILABLE,UNNECESSARY,RIGHT,0.1899779,1.122186,0.0,0.0,0.0,0.0,RIGHT,1.122186
"('BOMBING', 'HERE', 2, 'ATTACK', 'UNNECESSARY', 'DOWN')",BOMBING,HERE,2,ATTACK,UNNECESSARY,DOWN,0.0,0.035888866,0.0,0.0,0.0,0.0,RIGHT,0.035888866
"('ESCAPE', 'UP', 9, 'ATTACK', 'UNNECESSARY', 'DOWN')",ESCAPE,UP,9,ATTACK,UNNECESSARY,DOWN,0.06298624,-0.101,-0.101,-0.001,0.0,0.7765646,BOMB,0.7765646
"('ESCAPE', 'DOWN', 4, 'UNSAFE', 'UNSAFE', 'RIGHT')",ESCAPE,DOWN,4,UNSAFE,UNSAFE,RIGHT,0.0,-0.601,0.0,0.0,0.0,0.0,UP,0.0
"('ESCAPE', 'LEFT', 10, 'USELESS', 'UNNECESSARY', 'RIGHT')",ESCAPE,LEFT,10,USELESS,UNNECESSARY,RIGHT,-0.17546421,0.0,-0.101,0.4086053,0.0,0.03319343,LEFT,0.4086053
"('ESCAPE', 'LEFT', 10, 'USELESS', 'UNNECESSARY', 'DOWN')",ESCAPE,LEFT,10,USELESS,UNNECESSARY,DOWN,-0.101,0.0,0.0,0.0,0.0,0.0,RIGHT,0.0
"('BOMBING', 'RIGHT', 6, 'ATTACK', 'UNNECESSARY', 'LEFT')",BOMBING,RIGHT,6,ATTACK,UNNECESSARY,LEFT,0.0,0.0,0.5259278,0.0,-0.051,0.0,DOWN,0.5259278
"('ESCAPE', 'RIGHT', 6, 'ATTACK', 'UNNECESSARY', 'WAIT')",ESCAPE,RIGHT,6,ATTACK,UNNECESSARY,WAIT,0.0,0.0,0.0,0.0,0.0,0.109799705,BOMB,0.109799705
"('BOMBING', 'RIGHT', 8, 'GOOD_HIGH', 'UNNECESSARY', 'RIGHT')",BOMBING,RIGHT,8,GOOD_HIGH,UNNECESSARY,RIGHT,0.0,0.0,0.0,0.15401879,-0.051,0.0,LEFT,0.15401879
"('BOMBING', 'LEFT', 8, 'USELESS', 'UNNECESSARY', 'WAIT')",BOMBING,LEFT,8,USELESS,UNNECESSARY,WAIT,0.0,0.0,0.0,0.4608437,0.0,0.0,LEFT,0.4608437
"('ESCAPE', 'UP', 7, 'GOOD_HIGH', 'UNNECESSARY', 'UP')",ESCAPE,UP,7,GOOD_HIGH,UNNECESSARY,UP,0.0,0.0,0.0,0.0,0.0,0.4713653,BOMB,0.4713653
"('BOMBING', 'UP', 4, 'USELESS', 'UNNECESSARY', 'RIGHT')",BOMBING,UP,4,USELESS,UNNECESSARY,RIGHT,0.0,0.0,0.0,0.0,-0.032597464,0.0,UP,0.0
"('ESCAPE', 'RIGHT', 11, 'UNAVAILABLE', 'UNNECESSARY', 'LEFT')",ESCAPE,RIGHT,11,UNAVAILABLE,UNNECESSARY,LEFT,0.0,0.8620018,0.0,0.0,-0.051,0.0,RIGHT,0.8620018
"('COIN', 'DOWN', 1, 'USELESS', 'UNNECESSARY', 'UP')",COIN,DOWN,1,USELESS,UNNECESSARY,UP,0.85323685,0.0,-0.501,-0.07200843,-0.07485783,-0.0019748472,UP,0.85323685
"('ESCAPE', 'RIGHT', 11, 'GOOD_HIGH', 'UNNECESSARY', 'LEFT')",ESCAPE,RIGHT,11,GOOD_HIGH,UNNECESSARY,LEFT,0.0,0.21608214,0.0,0.0,0.0,0.0,RIGHT,0.21608214
"('ESCAPE', 'RIGHT', 7, 'ATTACK', 'UNNECESSARY', 'DOWN')",ESCAPE,RIGHT,7,ATTACK,UNNECESSARY,DOWN,0.0,0.0,0.0,0.0,0.0,0.89132124,BOMB,0.89132124
"('ESCAPE', 'UP', 13, 'UNAVAILABLE', 'UNNECESSARY', 'UP')",ESCAPE,UP,13,UNAVAILABLE,UNNECESSARY,UP,0.10843679,-0.09884942,-0.00018993071,0.80175924,-0.051,-0.101,LEFT,0.80175924
"('ESCAPE', 'UP', 13, 'UNAVAILABLE', 'UNNECESSARY', 'WAIT')",ESCAPE,UP,13,UNAVAILABLE,UNNECESSARY,WAIT,0.0,0.0,0.03873932,0.0,0.0,0.0,DOWN,0.03873932
"('ESCAPE', 'UP', 7, 'GOOD_HIGH', 'UNNECESSARY', 'LEFT')",ESCAPE,UP,7,GOOD_HIGH,UNNECESSARY,LEFT,0.0,0.0,0.0,0.0,0.0,0.95417786,BOMB,0.95417786
"('ESCAPE', 'UP', 15, 'USELESS', 'UNNECESSARY', 'LEFT')",ESCAPE,UP,15,USELESS,UNNECESSARY,LEFT,0.0,0.0,0.64511216,0.0,0.0,-0.043580737,DOWN,0.64511216
"('BOMBING', 'RIGHT', 8, 'GOOD_LOW', 'UNNECESSARY', 'RIGHT')",BOMBING,RIGHT,8,GOOD_LOW,UNNECESSARY,RIGHT,0.0,0.0,0.0,-0.025069598,0.0,0.795674,BOMB,0.795674
"('BOMBING', 'DOWN', 4, 'USELESS', 'UNNECESSARY', 'LEFT')",BOMBING,DOWN,4,USELESS,UNNECESSARY,LEFT,0.0,0.0,0.031503163,0.0,0.0,0.0,DOWN,0.031503163
"('ESCAPE', 'RIGHT', 10, 'USELESS', 'UNNECESSARY', 'LEFT')",ESCAPE,RIGHT,10,USELESS,UNNECESSARY,LEFT,0.0,0.1486067,0.0,0.0,0.0,0.00647939,RIGHT,0.1486067
"('ESCAPE', 'UP', 3, 'UNAVAILABLE', 'UNNECESSARY', 'LEFT')",ESCAPE,UP,3,UNAVAILABLE,UNNECESSARY,LEFT,0.45975864,0.0,0.0,0.0,0.0,0.0,UP,0.45975864
"('BOMBING', 'RIGHT', 8, 'USELESS', 'UNNECESSARY', 'WAIT')",BOMBING,RIGHT,8,USELESS,UNNECESSARY,WAIT,-0.09423557,-0.501,0.0,0.2332393,-0.018325357,-0.006445349,LEFT,0.2332393
"('COIN', 'RIGHT', 8, 'GOOD_LOW', 'UNNECESSARY', 'WAIT')",COIN,RIGHT,8,GOOD_LOW,UNNECESSARY,WAIT,-0.10019,0.0,0.0,0.0,0.0,0.0,RIGHT,0.0
"('ESCAPE', 'RIGHT', 10, 'ATTACK', 'UNSAFE', 'RIGHT')",ESCAPE,RIGHT,10,ATTACK,UNSAFE,RIGHT,-0.34972692,0.16703306,-0.601,-0.25743234,-0.501,-0.501,RIGHT,0.16703306
"('COIN', 'RIGHT', 6, 'USELESS', 'UNNECESSARY', 'WAIT')",COIN,RIGHT,6,USELESS,UNNECESSARY,WAIT,0.0,0.0,0.024102142,0.0,0.0,0.0,DOWN,0.024102142
"('COIN', 'LEFT', 8, 'ATTACK', 'UNNECESSARY', 'LEFT')",COIN,LEFT,8,ATTACK,UNNECESSARY,LEFT,0.0,0.0,0.0,0.48407242,0.0,0.0,LEFT,0.48407242
"('ESCAPE', 'RIGHT', 11, 'UNAVAILABLE', 'UNNECESSARY', 'DOWN')",ESCAPE,RIGHT,11,UNAVAILABLE,UNNECESSARY,DOWN,0.0,0.5553332,-0.006807761,0.0,0.0,0.0,RIGHT,0.5553332
"('NONE', 'NONE', 7, 'UNAVAILABLE', 'UNNECESSARY', 'RIGHT')",NONE,NONE,7,UNAVAILABLE,UNNECESSARY,RIGHT,0.0,0.0,0.10564248,0.0,0.0,0.0,DOWN,0.10564248
"('ESCAPE', 'RIGHT', 14, 'UNAVAILABLE', 'UNNECESSARY', 'WAIT')",ESCAPE,RIGHT,14,UNAVAILABLE,UNNECESSARY,WAIT,-0.084123455,0.0,0.0,0.16835904,0.0,0.0,LEFT,0.16835904
"('COIN', 'UP', 6, 'GOOD_LOW', 'UNNECESSARY', 'LEFT')",COIN,UP,6,GOOD_LOW,UNNECESSARY,LEFT,0.0,0.045230288,0.0,0.0,0.0,0.0,RIGHT,0.045230288
"('BOMBING', 'RIGHT', 13, 'USELESS', 'UNNECESSARY', 'UP')",BOMBING,RIGHT,13,USELESS,UNNECESSARY,UP,0.47353333,-0.501,-0.0005956698,0.0,0.0,0.0,UP,0.47353333
"('ESCAPE', 'UP', 5, 'GOOD_LOW', 'UNSAFE', 'RIGHT')",ESCAPE,UP,5,GOOD_LOW,UNSAFE,RIGHT,-0.00109,-0.601,-0.009355053,-0.501,-0.501,-0.501,UP,-0.00109
"('NONE', 'NONE', 3, 'UNAVAILABLE', 'UNNECESSARY', 'BOMB')",NONE,NONE,3,UNAVAILABLE,UNNECESSARY,BOMB,0.0,0.0,0.0,0.0,-0.051,0.0,UP,0.0
"('BOMBING', 'UP', 11, 'ATTACK', 'UNNECESSARY', 'LEFT')",BOMBING,UP,11,ATTACK,UNNECESSARY,LEFT,0.0,0.0,0.0,0.052888416,-0.051,1.3842288,BOMB,1.3842288
"('BOMBING', 'UP', 11, 'ATTACK', 'UNNECESSARY', 'WAIT')",BOMBING,UP,11,ATTACK,UNNECESSARY,WAIT,0.0,0.12107621,0.0,0.0,0.0,0.0,RIGHT,0.12107621
"('BOMBING', 'RIGHT', 2, 'UNSAFE', 'UNNECESSARY', 'LEFT')",BOMBING,RIGHT,2,UNSAFE,UNNECESSARY,LEFT,-0.101,-0.29441926,-0.101,-0.101,-0.3187273,-0.822971,UP,-0.101
"('BOMBING', 'RIGHT', 2, 'UNSAFE', 'UNNECESSARY', 'UP')",BOMBING,RIGHT,2,UNSAFE,UNNECESSARY,UP,0.0,0.0,-0.08802881,0.0,-0.051,0.0,UP,0.0
"('BOMBING', 'DOWN', 4, 'ATTACK', 'UNNECESSARY', 'WAIT')",BOMBING,DOWN,4,ATTACK,UNNECESSARY,WAIT,0.0,0.0,0.0,-0.0790502,-0.038303506,0.3624222,BOMB,0.3624222
"('BOMBING', 'DOWN', 5, 'ATTACK', 'UNNECESSARY', 'BOMB')",BOMBING,DOWN,5,ATTACK,UNNECESSARY,BOMB,0.0,0.0,0.0,0.0,-0.050211094,0.0,UP,0.0
"('ESCAPE', 'UP', 9, 'USELESS', 'UNSAFE', 'RIGHT')",ESCAPE,UP,9,USELESS,UNSAFE,RIGHT,0.27658027,0.0,-0.501,-0.001,-0.501,0.0,UP,0.27658027
"('NONE', 'NONE', 8, 'USELESS', 'UNNECESSARY', 'LEFT')",NONE,NONE,8,USELESS,UNNECESSARY,LEFT,-0.09467214,-0.501,-0.091945305,0.49242353,-0.09666165,-0.054971784,LEFT,0.49242353
"('ESCAPE', 'RIGHT', 2, 'USELESS', 'UNSAFE', 'LEFT')",ESCAPE,RIGHT,2,USELESS,UNSAFE,LEFT,-0.601,0.07243157,-0.601,-0.21676166,-0.501,-0.651,RIGHT,0.07243157
"('ESCAPE', 'RIGHT', 11, 'USELESS', 'UNNECESSARY', 'LEFT')",ESCAPE,RIGHT,11,USELESS,UNNECESSARY,LEFT,0.0,0.0,0.0,0.3322144,0.0,0.0,LEFT,0.3322144
"('BOMBING', 'HERE', 11, 'ATTACK', 'UNNECESSARY', 'RIGHT')",BOMBING,HERE,11,ATTACK,UNNECESSARY,RIGHT,0.0,0.0,0.0,0.0,0.0,1.161149,BOMB,1.161149
"('ESCAPE', 'RIGHT', 14, 'GOOD_LOW', 'UNSAFE', 'RIGHT')",ESCAPE,RIGHT,14,GOOD_LOW,UNSAFE,RIGHT,0.0,0.0,-0.001,0.0,0.0,0.0,UP,0.0
"('BOMBING', 'UP', 4, 'GOOD_LOW', 'UNNECESSARY', 'UP')",BOMBING,UP,4,GOOD_LOW,UNNECESSARY,UP,-0.501,0.0,-0.033198573,-0.101,0.0,0.78037757,BOMB,0.78037757
"('BOMBING', 'RIGHT', 7, 'UNAVAILABLE', 'UNNECESSARY', 'RIGHT')",BOMBING,RIGHT,7,UNAVAILABLE,UNNECESSARY,RIGHT,0.0,0.7514758,0.0,0.0,0.0,0.0,RIGHT,0.7514758
"('BOMBING', 'UP', 14, 'USELESS', 'UNNECESSARY', 'LEFT')",BOMBING,UP,14,USELESS,UNNECESSARY,LEFT,0.0,0.0,0.027314534,0.0,0.0,0.0,DOWN,0.027314534
"('ESCAPE', 'RIGHT', 15, 'USELESS', 'UNNECESSARY', 'DOWN')",ESCAPE,RIGHT,15,USELESS,UNNECESSARY,DOWN,0.0,0.0,0.18907003,0.0,-0.051,0.0,DOWN,0.18907003
"('COIN', 'DOWN', 9, 'GOOD_HIGH', 'UNNECESSARY', 'UP')",COIN,DOWN,9,GOOD_HIGH,UNNECESSARY,UP,0.0,0.0,-0.501,0.0,0.0,0.0,UP,0.0
"('COIN', 'DOWN', 1, 'GOOD_HIGH', 'UNNECESSARY', 'UP')",COIN,DOWN,1,GOOD_HIGH,UNNECESSARY,UP,0.0,0.0,0.0,0.0,0.0,0.28672835,BOMB,0.28672835
"('BOMBING', 'DOWN', 11, 'USELESS', 'UNNECESSARY', 'LEFT')",BOMBING,DOWN,11,USELESS,UNNECESSARY,LEFT,0.0,0.0,-0.501,0.30625063,0.0,0.0,LEFT,0.30625063
"('ESCAPE', 'UP', 13, 'USELESS', 'UNSAFE', 'UP')",ESCAPE,UP,13,USELESS,UNSAFE,UP,0.0,0.0,0.0,0.7719232,0.0,0.0,LEFT,0.7719232
"('BOMBING', 'DOWN', 1, 'ATTACK', 'UNNECESSARY', 'WAIT')",BOMBING,DOWN,1,ATTACK,UNNECESSARY,WAIT,0.005650608,0.0,0.0,0.0,0.0,0.0,UP,0.005650608
"('ESCAPE', 'UP', 1, 'ATTACK', 'UNNECESSARY', 'UP')",ESCAPE,UP,1,ATTACK,UNNECESSARY,UP,0.0,0.0,0.0,0.0,0.0,0.7280558,BOMB,0.7280558
"('BOMBING', 'LEFT', 2, 'USELESS', 'UNNECESSARY', 'DOWN')",BOMBING,LEFT,2,USELESS,UNNECESSARY,DOWN,0.0,0.0029830167,0.0,0.0,0.0,0.0,RIGHT,0.0029830167
"('BOMBING', 'UP', 12, 'UNAVAILABLE', 'UNNECESSARY', 'UP')",BOMBING,UP,12,UNAVAILABLE,UNNECESSARY,UP,0.0,0.0,0.0,0.0720632,0.0,0.0,LEFT,0.0720632
"('ESCAPE', 'RIGHT', 10, 'GOOD_HIGH', 'UNSAFE', 'WAIT')",ESCAPE,RIGHT,10,GOOD_HIGH,UNSAFE,WAIT,0.0,0.0,-0.501,0.0,0.0,-0.501,UP,0.0
"('COIN', 'RIGHT', 8, 'ATTACK', 'UNNECESSARY', 'DOWN')",COIN,RIGHT,8,ATTACK,UNNECESSARY,DOWN,0.0,0.0,0.0,0.0,0.0,0.13094252,BOMB,0.13094252
"('BOMBING', 'RIGHT', 8, 'UNSAFE', 'UNNECESSARY', 'RIGHT')",BOMBING,RIGHT,8,UNSAFE,UNNECESSARY,RIGHT,0.0,0.0,0.0,0.0,0.0,-0.77110195,UP,0.0
"('BOMBING', 'UP', 1, 'ATTACK', 'UNNECESSARY', 'BOMB')",BOMBING,UP,1,ATTACK,UNNECESSARY,BOMB,0.0,0.0,0.0,0.0,-0.03398821,0.0,UP,0.0
"('ESCAPE', 'DOWN', 6, 'UNAVAILABLE', 'UNNECESSARY', 'UP')",ESCAPE,DOWN,6,UNAVAILABLE,UNNECESSARY,UP,-0.07710596,0.0,0.0,0.0,-0.0070357295,0.0,RIGHT,0.0
"('BOMBING', 'LEFT', 11, 'GOOD_LOW', 'UNNECESSARY', 'DOWN')",BOMBING,LEFT,11,GOOD_LOW,UNNECESSARY,DOWN,0.63212097,0.0,0.0,0.0,0.0,0.0,UP,0.63212097
"('COIN', 'LEFT', 5, 'USELESS', 'UNNECESSARY', 'RIGHT')",COIN,LEFT,5,USELESS,UNNECESSARY,RIGHT,0.0,-0.0101378625,0.0,0.0,0.0,-0.062440958,UP,0.0
"('COIN', 'LEFT', 11, 'GOOD_LOW', 'UNNECESSARY', 'RIGHT')",COIN,LEFT,11,GOOD_LOW,UNNECESSARY,RIGHT,0.0,0.0,0.0,0.5698523,0.0,0.0,LEFT,0.5698523
"('ESCAPE', 'UP', 9, 'UNAVAILABLE', 'UNSAFE', 'DOWN')",ESCAPE,UP,9,UNAVAILABLE,UNSAFE,DOWN,0.6924187,-0.46797028,0.0,-0.001,0.0,0.0,UP,0.6924187
"('BOMBING', 'LEFT', 8, 'GOOD_LOW', 'UNNECESSARY', 'LEFT')",BOMBING,LEFT,8,GOOD_LOW,UNNECESSARY,LEFT,-0.074053615,-0.501,-0.089272484,0.19512293,-0.027161658,0.0,LEFT,0.19512293
"('COIN', 'RIGHT', 8, 'ATTACK', 'UNNECESSARY', 'LEFT')",COIN,RIGHT,8,ATTACK,UNNECESSARY,LEFT,0.0,-0.501,-0.0824207,0.51489353,0.0,0.0,LEFT,0.51489353
"('ESCAPE', 'DOWN', 12, 'GOOD_HIGH', 'UNNECESSARY', 'UP')",ESCAPE,DOWN,12,GOOD_HIGH,UNNECESSARY,UP,0.0,0.0,0.0,0.0,0.0,0.7105633,BOMB,0.7105633
"('ESCAPE', 'UP', 5, 'GOOD_HIGH', 'UNNECESSARY', 'LEFT')",ESCAPE,UP,5,GOOD_HIGH,UNNECESSARY,LEFT,0.0,-0.22707106,-0.0009552224,-0.101,-0.051,0.0,UP,0.0
"('ESCAPE', 'UP', 5, 'GOOD_HIGH', 'UNSAFE', 'LEFT')",ESCAPE,UP,5,GOOD_HIGH,UNSAFE,LEFT,0.10373231,-0.501,-0.001,-0.601,-0.501,-0.501,UP,0.10373231
"('ESCAPE', 'LEFT', 13, 'USELESS', 'UNNECESSARY', 'UP')",ESCAPE,LEFT,13,USELESS,UNNECESSARY,UP,0.0,0.0,0.0,0.03370336,0.0,0.0,LEFT,0.03370336
"('NONE', 'NONE', 4, 'ATTACK', 'UNNECESSARY', 'BOMB')",NONE,NONE,4,ATTACK,UNNECESSARY,BOMB,0.0,0.0,0.045340396,0.0,0.0,0.0,DOWN,0.045340396
"('COIN', 'LEFT', 6, 'ATTACK', 'UNNECESSARY', 'UP')",COIN,LEFT,6,ATTACK,UNNECESSARY,UP,0.0,0.0,0.0,-0.501,0.0,0.0,UP,0.0
"('BOMBING', 'UP', 15, 'UNSAFE', 'UNNECESSARY', 'RIGHT')",BOMBING,UP,15,UNSAFE,UNNECESSARY,RIGHT,0.0,0.0,0.0,0.0,-0.04902521,0.0,UP,0.0
"('BOMBING', 'HERE', 8, 'ATTACK', 'UNNECESSARY', 'UP')",BOMBING,HERE,8,ATTACK,UNNECESSARY,UP,-0.083468236,0.0,-0.07794083,0.0,-0.026010685,0.0,RIGHT,0.0
"('ESCAPE', 'RIGHT', 2, 'ATTACK', 'UNSAFE', 'DOWN')",ESCAPE,RIGHT,2,ATTACK,UNSAFE,DOWN,0.0,0.008939083,0.0,-0.601,0.0,-0.501,RIGHT,0.008939083
"('ESCAPE', 'LEFT', 14, 'UNAVAILABLE', 'UNNECESSARY', 'LEFT')",ESCAPE,LEFT,14,UNAVAILABLE,UNNECESSARY,LEFT,0.0,0.0,0.0,0.06868112,0.0,0.0,LEFT,0.06868112
"('BOMBING', 'LEFT', 13, 'GOOD_LOW', 'UNNECESSARY', 'RIGHT')",BOMBING,LEFT,13,GOOD_LOW,UNNECESSARY,RIGHT,0.0,0.0,0.0,0.48663244,0.0,0.0,LEFT,0.48663244
"('BOMBING', 'LEFT', 5, 'UNAVAILABLE', 'UNNECESSARY', 'RIGHT')",BOMBING,LEFT,5,UNAVAILABLE,UNNECESSARY,RIGHT,0.40342337,0.0,0.0,0.0,0.0,0.0,UP,0.40342337
"('COIN', 'RIGHT', 13, 'USELESS', 'UNNECESSARY', 'RIGHT')",COIN,RIGHT,13,USELESS,UNNECESSARY,RIGHT,0.0,0.0,0.22740862,0.0,0.0,0.0,DOWN,0.22740862
"('ESCAPE', 'DOWN', 5, 'UNAVAILABLE', 'UNSAFE', 'DOWN')",ESCAPE,DOWN,5,UNAVAILABLE,UNSAFE,DOWN,-0.4553544,-0.64024234,2.1477048,-0.5851794,-0.39127025,-0.25350225,DOWN,2.1477048
"('ESCAPE', 'DOWN', 4, 'GOOD_HIGH', 'UNNECESSARY', 'RIGHT')",ESCAPE,DOWN,4,GOOD_HIGH,UNNECESSARY,RIGHT,0.0,-0.101,0.0,-0.1469205,-0.051,0.0,UP,0.0
"('ESCAPE', 'DOWN', 12, 'ATTACK', 'UNSAFE', 'RIGHT')",ESCAPE,DOWN,12,ATTACK,UNSAFE,RIGHT,0.0,0.0,0.0,-0.001,0.0,0.0,UP,0.0
"('BOMBING', 'RIGHT', 3, 'ATTACK', 'UNNECESSARY', 'DOWN')",BOMBING,RIGHT,3,ATTACK,UNNECESSARY,DOWN,0.0,0.82627064,-0.501,0.0,0.0,0.0,RIGHT,0.82627064
"('COIN', 'RIGHT', 2, 'USELESS', 'UNNECESSARY', 'LEFT')",COIN,RIGHT,2,USELESS,UNNECESSARY,LEFT,0.0,0.15635191,0.0,0.0,-0.051,-0.03233079,RIGHT,0.15635191
"('COIN', 'LEFT', 0, 'UNSAFE', 'NECESSARY', 'WAIT')",COIN,LEFT,0,UNSAFE,NECESSARY,WAIT,-0.0983559,-0.004787754,-0.101,-0.501,0.0,-0.3699616,WAIT,0.0
"('COIN', 'RIGHT', 8, 'USELESS', 'UNNECESSARY', 'WAIT')",COIN,RIGHT,8,USELESS,UNNECESSARY,WAIT,-0.07644239,0.0,-0.027101247,-0.010149605,0.0,0.0,RIGHT,0.0
"('ESCAPE', 'UP', 9, 'ATTACK', 'UNSAFE', 'DOWN')",ESCAPE,UP,9,ATTACK,UNSAFE,DOWN,0.0,0.0,0.0,0.19010566,-0.501,-0.501,LEFT,0.19010566
"('NONE', 'NONE', 2, 'USELESS', 'UNNECESSARY', 'UP')",NONE,NONE,2,USELESS,UNNECESSARY,UP,0.0,0.06646873,0.0,0.0,0.0,0.0,RIGHT,0.06646873
"('BOMBING', 'UP', 15, 'GOOD_HIGH', 'UNNECESSARY', 'WAIT')",BOMBING,UP,15,GOOD_HIGH,UNNECESSARY,WAIT,0.0,0.06878973,0.0,0.0,-0.051,0.0,RIGHT,0.06878973
"('ESCAPE', 'RIGHT', 11, 'USELESS', 'UNNECESSARY', 'WAIT')",ESCAPE,RIGHT,11,USELESS,UNNECESSARY,WAIT,0.0,0.0,0.0,0.0,0.0,-0.02618747,UP,0.0
"('ESCAPE', 'RIGHT', 14, 'GOOD_LOW', 'UNSAFE', 'LEFT')",ESCAPE,RIGHT,14,GOOD_LOW,UNSAFE,LEFT,0.0,0.0,0.0,0.0,-0.501,0.0,UP,0.0
"('ESCAPE', 'UP', 9, 'UNAVAILABLE', 'UNNECESSARY', 'RIGHT')",ESCAPE,UP,9,UNAVAILABLE,UNNECESSARY,RIGHT,0.0,0.0,0.0,0.18609868,0.0,0.0,LEFT,0.18609868
"('NONE', 'NONE', 9, 'ATTACK', 'UNNECESSARY', 'WAIT')",NONE,NONE,9,ATTACK,UNNECESSARY,WAIT,0.30494478,0.0,0.0,-0.0016991146,-0.019496994,0.0,UP,0.30494478
"('BOMBING', 'HERE', 7, 'ATTACK', 'UNNECESSARY', 'WAIT')",BOMBING,HERE,7,ATTACK,UNNECESSARY,WAIT,0.0,0.0,0.0,0.0,-0.051,0.0,UP,0.0
"('BOMBING', 'HERE', 5, 'ATTACK', 'UNNECESSARY', 'WAIT')",BOMBING,HERE,5,ATTACK,UNNECESSARY,WAIT,0.031421915,0.0,0.0,0.0,0.0,0.0,UP,0.031421915
"('ESCAPE', 'UP', 5, 'GOOD_LOW', 'UNSAFE', 'UP')",ESCAPE,UP,5,GOOD_LOW,UNSAFE,UP,0.0,-0.501,0.046642233,-0.501,0.0,0.0,DOWN,0.046642233
"('COIN', 'UP', 12, 'GOOD_HIGH', 'UNNECESSARY', 'UP')",COIN,UP,12,GOOD_HIGH,UNNECESSARY,UP,0.0,0.0,0.0,-0.0053025577,0.0,0.0,UP,0.0
"('COIN', 'LEFT', 7, 'USELESS', 'UNNECESSARY', 'RIGHT')",COIN,LEFT,7,USELESS,UNNECESSARY,RIGHT,0.0,0.0,0.0,-0.9519,0.0,0.0,UP,0.0
"('ESCAPE', 'UP', 7, 'USELESS', 'UNNECESSARY', 'RIGHT')",ESCAPE,UP,7,USELESS,UNNECESSARY,RIGHT,0.0,0.0,0.52818197,0.0,-0.051,0.0,DOWN,0.52818197
"('ESCAPE', 'UP', 7, 'ATTACK', 'UNSAFE', 'WAIT')",ESCAPE,UP,7,ATTACK,UNSAFE,WAIT,0.0,0.0,0.0063273734,0.0,0.0,0.0,DOWN,0.0063273734
"('BOMBING', 'LEFT', 11, 'ATTACK', 'UNNECESSARY', 'RIGHT')",BOMBING,LEFT,11,ATTACK,UNNECESSARY,RIGHT,0.0,0.5999177,0.0,0.0,-0.051,0.0,RIGHT,0.5999177
"('BOMBING', 'LEFT', 10, 'ATTACK', 'UNNECESSARY', 'WAIT')",BOMBING,LEFT,10,ATTACK,UNNECESSARY,WAIT,-0.101,0.0,-0.09148583,0.27072674,0.0,0.0,LEFT,0.27072674
"('ESCAPE', 'RIGHT', 10, 'ATTACK', 'UNNECESSARY', 'UP')",ESCAPE,RIGHT,10,ATTACK,UNNECESSARY,UP,-0.101,0.0,-0.08572904,-0.001,-0.051,0.9132517,BOMB,0.9132517
"('BOMBING', 'LEFT', 12, 'UNAVAILABLE', 'UNNECESSARY', 'LEFT')",BOMBING,LEFT,12,UNAVAILABLE,UNNECESSARY,LEFT,0.0,-1.201,0.40131453,0.0,-0.051,-0.101,DOWN,0.40131453
"('BOMBING', 'LEFT', 14, 'UNAVAILABLE', 'UNNECESSARY', 'WAIT')",BOMBING,LEFT,14,UNAVAILABLE,UNNECESSARY,WAIT,-0.086143136,0.0,0.0,0.0,0.0,0.0,RIGHT,0.0
"('BOMBING', 'UP', 0, 'UNSAFE', 'NECESSARY', 'DOWN')",BOMBING,UP,0,UNSAFE,NECESSARY,DOWN,-0.501,-0.0907993,0.11056244,0.0,-0.11530003,-0.3224793,DOWN,0.11056244
"('ESCAPE', 'UP', 1, 'GOOD_LOW', 'UNNECESSARY', 'WAIT')",ESCAPE,UP,1,GOOD_LOW,UNNECESSARY,WAIT,0.0,0.0,0.0,0.0,0.0,0.5266686,BOMB,0.5266686
"('ESCAPE', 'UP', 11, 'USELESS', 'UNSAFE', 'DOWN')",ESCAPE,UP,11,USELESS,UNSAFE,DOWN,0.0,-0.0011464811,-0.501,0.0,-0.501,-0.651,UP,0.0
"('ESCAPE', 'RIGHT', 14, 'UNAVAILABLE', 'UNSAFE', 'WAIT')",ESCAPE,RIGHT,14,UNAVAILABLE,UNSAFE,WAIT,0.0,0.0,0.0,1.1298192,0.0,0.0,LEFT,1.1298192
"('BOMBING', 'LEFT', 8, 'ATTACK', 'UNNECESSARY', 'WAIT')",BOMBING,LEFT,8,ATTACK,UNNECESSARY,WAIT,-0.098173656,-0.017071368,0.0,0.0,-0.051,0.0,DOWN,0.0
"('ESCAPE', 'RIGHT', 11, 'GOOD_LOW', 'UNNECESSARY', 'LEFT')",ESCAPE,RIGHT,11,GOOD_LOW,UNNECESSARY,LEFT,0.0,0.113136664,0.0,0.0,0.0,0.0,RIGHT,0.113136664
"('ESCAPE', 'RIGHT', 10, 'USELESS', 'UNSAFE', 'DOWN')",ESCAPE,RIGHT,10,USELESS,UNSAFE,DOWN,-0.501,-0.109485716,-0.501,0.48559403,-0.501,-0.651,LEFT,0.48559403
"('NONE', 'NONE', 8, 'ATTACK', 'UNNECESSARY', 'LEFT')",NONE,NONE,8,ATTACK,UNNECESSARY,LEFT,-0.08440615,0.0,0.0,0.09353465,-0.04195047,-0.29482728,LEFT,0.09353465
"('NONE', 'NONE', 0, 'UNSAFE', 'NECESSARY', 'DOWN')",NONE,NONE,0,UNSAFE,NECESSARY,DOWN,-0.5339166,-0.5446548,-0.3886218,-0.31160992,-0.25215662,-0.7890793,WAIT,-0.25215662
"('BOMBING', 'LEFT', 2, 'GOOD_LOW', 'UNNECESSARY', 'LEFT')",BOMBING,LEFT,2,GOOD_LOW,UNNECESSARY,LEFT,0.0,0.15527788,0.0,-0.501,0.0,0.0,RIGHT,0.15527788
"('BOMBING', 'UP', 4, 'GOOD_LOW', 'UNNECESSARY', 'LEFT')",BOMBING,UP,4,GOOD_LOW,UNNECESSARY,LEFT,0.0,0.0,0.0,0.0,-0.03236348,0.0,UP,0.0
"('COIN', 'UP', 9, 'UNAVAILABLE', 'UNNECESSARY', 'LEFT')",COIN,UP,9,UNAVAILABLE,UNNECESSARY,LEFT,0.0,0.0,-0.07772405,1.0372012,0.0,0.0,LEFT,1.0372012
"('BOMBING', 'LEFT', 3, 'UNAVAILABLE', 'UNNECESSARY', 'RIGHT')",BOMBING,LEFT,3,UNAVAILABLE,UNNECESSARY,RIGHT,0.28847802,0.0,-0.04825379,0.0,0.0,0.0,UP,0.28847802
"('ESCAPE', 'LEFT', 9, 'UNAVAILABLE', 'UNNECESSARY', 'DOWN')",ESCAPE,LEFT,9,UNAVAILABLE,UNNECESSARY,DOWN,0.0,-0.04517149,-0.083022505,0.4373665,-0.04647859,0.0,LEFT,0.4373665
"('COIN', 'RIGHT', 8, 'UNSAFE', 'UNNECESSARY', 'LEFT')",COIN,RIGHT,8,UNSAFE,UNNECESSARY,LEFT,0.0,0.0,0.0,0.0,0.0,-0.7722649,UP,0.0
"('BOMBING', 'LEFT', 7, 'GOOD_LOW', 'UNNECESSARY', 'LEFT')",BOMBING,LEFT,7,GOOD_LOW,UNNECESSARY,LEFT,0.0,0.016007336,0.0,0.0,0.0,0.0,RIGHT,0.016007336
"('COIN', 'UP', 3, 'UNSAFE', 'UNNECESSARY', 'DOWN')",COIN,UP,3,UNSAFE,UNNECESSARY,DOWN,0.44849944,0.0,0.0,0.0,0.0,-0.79022837,UP,0.44849944
"('COIN', 'UP', 1, 'ATTACK', 'UNNECESSARY', 'UP')",COIN,UP,1,ATTACK,UNNECESSARY,UP,0.43632746,-0.101,0.0,0.0,-0.051,0.0,UP,0.43632746
"('COIN', 'DOWN', 12, 'UNSAFE', 'UNNECESSARY', 'UP')",COIN,DOWN,12,UNSAFE,UNNECESSARY,UP,0.0,0.0,0.09608667,0.0,0.0,0.0,DOWN,0.09608667
"('ESCAPE', 'UP', 5, 'GOOD_LOW', 'UNNECESSARY', 'BOMB')",ESCAPE,UP,5,GOOD_LOW,UNNECESSARY,BOMB,0.0,0.0,-0.001,0.0,0.0,0.0,UP,0.0
"('COIN', 'UP', 4, 'USELESS', 'UNNECESSARY', 'WAIT')",COIN,UP,4,USELESS,UNNECESSARY,WAIT,0.0,0.015471119,0.0,-0.030101286,-0.034487486,-0.04119574,RIGHT,0.015471119
"('NONE', 'NONE', 3, 'USELESS', 'UNNECESSARY', 'BOMB')",NONE,NONE,3,USELESS,UNNECESSARY,BOMB,0.008943513,0.0,0.0,0.0,0.0,0.0,UP,0.008943513
"('ESCAPE', 'DOWN', 12, 'GOOD_LOW', 'UNNECESSARY', 'UP')",ESCAPE,DOWN,12,GOOD_LOW,UNNECESSARY,UP,0.0,0.0,0.0,0.0,-0.051,0.0,UP,0.0
"('ESCAPE', 'DOWN', 12, 'GOOD_LOW', 'UNSAFE', 'WAIT')",ESCAPE,DOWN,12,GOOD_LOW,UNSAFE,WAIT,0.0,0.0,0.0,0.0,0.0,-0.501,UP,0.0
"('ESCAPE', 'UP', 11, 'UNAVAILABLE', 'UNSAFE', 'DOWN')",ESCAPE,UP,11,UNAVAILABLE,UNSAFE,DOWN,0.85027945,-0.001,-0.64186305,0.0,-0.55695045,0.0,UP,0.85027945
"('ESCAPE', 'LEFT', 9, 'GOOD_LOW', 'UNNECESSARY', 'RIGHT')",ESCAPE,LEFT,9,GOOD_LOW,UNNECESSARY,RIGHT,0.0,0.0,0.0,0.0,0.0,0.15177263,BOMB,0.15177263
"('ESCAPE', 'UP', 7, 'UNAVAILABLE', 'UNNECESSARY', 'DOWN')",ESCAPE,UP,7,UNAVAILABLE,UNNECESSARY,DOWN,0.6730414,0.0,0.0,0.0,0.0,-0.101,UP,0.6730414
"('ESCAPE', 'UP', 7, 'GOOD_LOW', 'UNNECESSARY', 'BOMB')",ESCAPE,UP,7,GOOD_LOW,UNNECESSARY,BOMB,0.0,-0.001,0.0,0.0,0.0,0.0,UP,0.0
"('BOMBING', 'LEFT', 2, 'USELESS', 'UNNECESSARY', 'WAIT')",BOMBING,LEFT,2,USELESS,UNNECESSARY,WAIT,-0.07673748,0.096425645,-0.05899995,0.0,0.0,0.0,RIGHT,0.096425645
"('COIN', 'LEFT', 7, 'USELESS', 'UNNECESSARY', 'DOWN')",COIN,LEFT,7,USELESS,UNNECESSARY,DOWN,0.0,0.0,0.0,-0.501,0.0,0.0,UP,0.0
"('BOMBING', 'HERE', 11, 'UNAVAILABLE', 'UNNECESSARY', 'UP')",BOMBING,HERE,11,UNAVAILABLE,UNNECESSARY,UP,0.0,0.6689584,0.0,0.0,-0.043803487,0.0,RIGHT,0.6689584
"('BOMBING', 'HERE', 2, 'GOOD_LOW', 'UNNECESSARY', 'LEFT')",BOMBING,HERE,2,GOOD_LOW,UNNECESSARY,LEFT,-0.101,-0.008805029,-0.101,-0.101,-0.051,0.24021164,BOMB,0.24021164
"('BOMBING', 'HERE', 2, 'GOOD_LOW', 'UNNECESSARY', 'UP')",BOMBING,HERE,2,GOOD_LOW,UNNECESSARY,UP,0.0,0.0,0.0,0.0,-0.051,0.0,UP,0.0
"('BOMBING', 'HERE', 2, 'GOOD_LOW', 'UNNECESSARY', 'WAIT')",BOMBING,HERE,2,GOOD_LOW,UNNECESSARY,WAIT,0.0,0.0,0.0,-0.101,-0.051,0.12687078,BOMB,0.12687078
"('BOMBING', 'HERE', 4, 'GOOD_LOW', 'UNNECESSARY', 'UP')",BOMBING,HERE,4,GOOD_LOW,UNNECESSARY,UP,-0.101,-0.101,-0.015935838,0.0,-0.051,0.26024184,BOMB,0.26024184
"('BOMBING', 'HERE', 4, 'GOOD_LOW', 'UNNECESSARY', 'WAIT')",BOMBING,HERE,4,GOOD_LOW,UNNECESSARY,WAIT,0.0,-0.101,-0.011,0.0,-0.051,0.0,UP,0.0
"('NONE', 'NONE', 1, 'UNSAFE', 'UNNECESSARY', 'WAIT')",NONE,NONE,1,UNSAFE,UNNECESSARY,WAIT,-0.098107286,-0.09328136,-0.30445808,-0.0777629,-0.010712899,-0.38108826,WAIT,-0.010712899
"('BOMBING', 'HERE', 12, 'GOOD_LOW', 'UNNECESSARY', 'WAIT')",BOMBING,HERE,12,GOOD_LOW,UNNECESSARY,WAIT,0.0,-0.101,0.0,0.0,0.0,0.0,UP,0.0
"('COIN', 'LEFT', 12, 'GOOD_LOW', 'UNNECESSARY', 'RIGHT')",COIN,LEFT,12,GOOD_LOW,UNNECESSARY,RIGHT,0.0,0.0,0.7459412,0.0,0.0,0.0,DOWN,0.7459412
"('BOMBING', 'DOWN', 12, 'USELESS', 'UNNECESSARY', 'UP')",BOMBING,DOWN,12,USELESS,UNNECESSARY,UP,-0.101,0.0,0.60654867,0.0,0.0,0.0,DOWN,0.60654867
"('ESCAPE', 'UP', 5, 'GOOD_LOW', 'UNSAFE', 'DOWN')",ESCAPE,UP,5,GOOD_LOW,UNSAFE,DOWN,0.2589692,0.0,-0.001,0.0,0.0,0.0,UP,0.2589692
"('ESCAPE', 'DOWN', 12, 'GOOD_HIGH', 'UNSAFE', 'LEFT')",ESCAPE,DOWN,12,GOOD_HIGH,UNSAFE,LEFT,0.0,0.0,0.0,0.0,-0.501,0.0,UP,0.0
"('ESCAPE', 'UP', 11, 'GOOD_HIGH', 'UNNECESSARY', 'WAIT')",ESCAPE,UP,11,GOOD_HIGH,UNNECESSARY,WAIT,0.0,0.0,0.0,0.0,-0.051,0.0,UP,0.0
"('BOMBING', 'LEFT', 2, 'GOOD_LOW', 'UNNECESSARY', 'RIGHT')",BOMBING,LEFT,2,GOOD_LOW,UNNECESSARY,RIGHT,-0.08668466,0.025748517,0.0,-0.501,-0.051,0.0,RIGHT,0.025748517
"('COIN', 'RIGHT', 6, 'GOOD_HIGH', 'UNNECESSARY', 'WAIT')",COIN,RIGHT,6,GOOD_HIGH,UNNECESSARY,WAIT,0.0,0.73857677,0.0,0.0,0.0,0.0,RIGHT,0.73857677
"('ESCAPE', 'RIGHT', 2, 'GOOD_HIGH', 'UNNECESSARY', 'LEFT')",ESCAPE,RIGHT,2,GOOD_HIGH,UNNECESSARY,LEFT,0.0,0.0,0.0,0.0,0.0,1.4228634,BOMB,1.4228634
"('ESCAPE', 'UP', 5, 'GOOD_HIGH', 'UNNECESSARY', 'UP')",ESCAPE,UP,5,GOOD_HIGH,UNNECESSARY,UP,0.80662966,0.0,-0.00381423,0.0,0.0,-0.001,UP,0.80662966
"('NONE', 'NONE', 12, 'ATTACK', 'UNNECESSARY', 'RIGHT')",NONE,NONE,12,ATTACK,UNNECESSARY,RIGHT,0.0,0.0,-0.0071880594,0.13203438,0.0,0.0,LEFT,0.13203438
"('ESCAPE', 'LEFT', 10, 'GOOD_HIGH', 'UNNECESSARY', 'BOMB')",ESCAPE,LEFT,10,GOOD_HIGH,UNNECESSARY,BOMB,0.0,0.0,0.0,0.0,-0.051,0.0,UP,0.0
"('ESCAPE', 'LEFT', 10, 'GOOD_HIGH', 'UNNECESSARY', 'WAIT')",ESCAPE,LEFT,10,GOOD_HIGH,UNNECESSARY,WAIT,0.0,0.0,-0.101,0.0,0.0,0.0,UP,0.0
"('ESCAPE', 'LEFT', 8, 'GOOD_HIGH', 'UNSAFE', 'DOWN')",ESCAPE,LEFT,8,GOOD_HIGH,UNSAFE,DOWN,0.0,0.0,0.0,0.12813465,0.0,0.0,LEFT,0.12813465
"('ESCAPE', 'UP', 7, 'USELESS', 'UNSAFE', 'UP')",ESCAPE,UP,7,USELESS,UNSAFE,UP,0.48614764,0.0,0.0,0.0,0.0,-0.651,UP,0.48614764
"('COIN', 'DOWN', 1, 'ATTACK', 'UNNECESSARY', 'UP')",COIN,DOWN,1,ATTACK,UNNECESSARY,UP,0.5973798,0.0,0.0,0.0,0.0,0.0,UP,0.5973798
"('ESCAPE', 'RIGHT', 2, 'USELESS', 'UNNECESSARY', 'UP')",ESCAPE,RIGHT,2,USELESS,UNNECESSARY,UP,-0.101,0.08000177,0.0,0.0,0.0,0.0,RIGHT,0.08000177
"('ESCAPE', 'UP', 7, 'GOOD_LOW', 'UNNECESSARY', 'RIGHT')",ESCAPE,UP,7,GOOD_LOW,UNNECESSARY,RIGHT,0.0,-0.001,-0.001733036,-0.2254209,-0.051,0.5750158,BOMB,0.5750158
"('ESCAPE', 'UP', 5, 'GOOD_LOW', 'UNSAFE', 'WAIT')",ESCAPE,UP,5,GOOD_LOW,UNSAFE,WAIT,0.0,-0.501,-0.001,0.0,0.0,0.0,UP,0.0
"('BOMBING', 'DOWN', 4, 'ATTACK', 'UNNECESSARY', 'DOWN')",BOMBING,DOWN,4,ATTACK,UNNECESSARY,DOWN,0.0,-0.10031886,0.0,0.0,-0.051,0.0,UP,0.0
"('ESCAPE', 'UP', 7, 'GOOD_HIGH', 'UNSAFE', 'UP')",ESCAPE,UP,7,GOOD_HIGH,UNSAFE,UP,0.0,-0.001,-0.001,0.0,0.0,0.0,UP,0.0
"('BOMBING', 'LEFT', 14, 'GOOD_LOW', 'UNNECESSARY', 'BOMB')",BOMBING,LEFT,14,GOOD_LOW,UNNECESSARY,BOMB,0.0,0.0,0.0,0.0,-0.051,0.0,UP,0.0
"('ESCAPE', 'LEFT', 9, 'GOOD_LOW', 'UNNECESSARY', 'UP')",ESCAPE,LEFT,9,GOOD_LOW,UNNECESSARY,UP,0.0,0.0,0.0,0.0,-0.051,0.0,UP,0.0
"('ESCAPE', 'LEFT', 8, 'GOOD_LOW', 'UNSAFE', 'WAIT')",ESCAPE,LEFT,8,GOOD_LOW,UNSAFE,WAIT,0.0,-0.601,-0.601,0.0,0.0,0.0,UP,0.0
"('COIN', 'DOWN', 0, 'UNAVAILABLE', 'NECESSARY', 'LEFT')",COIN,DOWN,0,UNAVAILABLE,NECESSARY,LEFT,-1.201,0.0,0.0,-0.085378475,0.12451297,-0.06775894,WAIT,0.12451297
"('ESCAPE', 'LEFT', 10, 'ATTACK', 'UNNECESSARY', 'DOWN')",ESCAPE,LEFT,10,ATTACK,UNNECESSARY,DOWN,0.0,0.0,-0.06904794,0.0,0.0,0.0,UP,0.0
"('COIN', 'DOWN', 15, 'GOOD_HIGH', 'UNNECESSARY', 'UP')",COIN,DOWN,15,GOOD_HIGH,UNNECESSARY,UP,0.0,0.0,0.0,0.0,0.0,0.6018535,BOMB,0.6018535
"('ESCAPE', 'RIGHT', 2, 'USELESS', 'UNSAFE', 'UP')",ESCAPE,RIGHT,2,USELESS,UNSAFE,UP,-0.13151297,0.0,-0.21135494,-0.2731225,-0.501,-0.5172681,RIGHT,0.0
"('ESCAPE', 'UP', 7, 'GOOD_LOW', 'UNNECESSARY', 'DOWN')",ESCAPE,UP,7,GOOD_LOW,UNNECESSARY,DOWN,0.1672332,0.0,0.0,0.0,-0.051,0.0,UP,0.1672332
"('BOMBING', 'RIGHT', 8, 'USELESS', 'UNNECESSARY', 'UP')",BOMBING,RIGHT,8,USELESS,UNNECESSARY,UP,0.0,0.0,-0.101,0.0,0.0,-0.020130709,UP,0.0
"('NONE', 'NONE', 2, 'USELESS', 'UNNECESSARY', 'WAIT')",NONE,NONE,2,USELESS,UNNECESSARY,WAIT,0.0,-0.0039820536,-0.08327521,0.0,-0.027734261,0.0,UP,0.0
"('BOMBING', 'HERE', 6, 'ATTACK', 'UNNECESSARY', 'UP')",BOMBING,HERE,6,ATTACK,UNNECESSARY,UP,0.0,0.5191499,0.0,0.0,0.0,0.0,RIGHT,0.5191499
"('BOMBING', 'DOWN', 7, 'USELESS', 'UNNECESSARY', 'RIGHT')",BOMBING,DOWN,7,USELESS,UNNECESSARY,RIGHT,0.0,0.13204637,0.0,0.0,-0.04348247,-0.046013974,RIGHT,0.13204637
"('ESCAPE', 'RIGHT', 14, 'USELESS', 'UNNECESSARY', 'RIGHT')",ESCAPE,RIGHT,14,USELESS,UNNECESSARY,RIGHT,-0.09109,-0.0035397697,-0.001,0.39562532,-0.047295682,-0.151,LEFT,0.39562532
"('ESCAPE', 'DOWN', 4, 'USELESS', 'UNSAFE', 'DOWN')",ESCAPE,DOWN,4,USELESS,UNSAFE,DOWN,-0.2447895,-0.601,0.0,0.0,-0.501,0.0,DOWN,0.0
"('ESCAPE', 'UP', 9, 'UNAVAILABLE', 'UNSAFE', 'WAIT')",ESCAPE,UP,9,UNAVAILABLE,UNSAFE,WAIT,0.9111807,0.0,0.0,0.0,0.0,0.0,UP,0.9111807
"('BOMBING', 'DOWN', 9, 'UNAVAILABLE', 'UNNECESSARY', 'UP')",BOMBING,DOWN,9,UNAVAILABLE,UNNECESSARY,UP,0.0,0.0,-1.201,0.7106594,0.0,-0.09844469,LEFT,0.7106594
"('BOMBING', 'DOWN', 0, 'UNAVAILABLE', 'NECESSARY', 'LEFT')",BOMBING,DOWN,0,UNAVAILABLE,NECESSARY,LEFT,0.0,-0.045668036,-1.201,0.0,0.1883625,0.0,WAIT,0.1883625
"('ESCAPE', 'LEFT', 9, 'USELESS', 'UNNECESSARY', 'UP')",ESCAPE,LEFT,9,USELESS,UNNECESSARY,UP,-0.001,-0.101,-0.119971246,-0.001,-0.051,0.2756326,BOMB,0.2756326
"('NONE', 'NONE', 4, 'UNSAFE', 'UNNECESSARY', 'UP')",NONE,NONE,4,UNSAFE,UNNECESSARY,UP,-0.8055108,-0.8017522,-0.78114784,-0.84313864,-0.759058,-1.0903506,WAIT,-0.759058
"('ESCAPE', 'LEFT', 9, 'UNAVAILABLE', 'UNSAFE', 'UP')",ESCAPE,LEFT,9,UNAVAILABLE,UNSAFE,UP,1.3720127,-0.601,0.0,0.0,-0.501,0.0,UP,1.3720127
"('ESCAPE', 'UP', 1, 'USELESS', 'UNNECESSARY', 'BOMB')",ESCAPE,UP,1,USELESS,UNNECESSARY,BOMB,0.18265852,0.0,0.0,0.0,0.0,0.0,UP,0.18265852
"('NONE', 'NONE', 8, 'ATTACK', 'UNNECESSARY', 'DOWN')",NONE,NONE,8,ATTACK,UNNECESSARY,DOWN,-0.09911611,-0.03773341,-0.073177,0.38220233,0.0,0.0,LEFT,0.38220233
"('ESCAPE', 'DOWN', 5, 'UNAVAILABLE', 'UNSAFE', 'UP')",ESCAPE,DOWN,5,UNAVAILABLE,UNSAFE,UP,0.0,0.0,0.0,0.0,-0.4548591,-1.201,UP,0.0
"('BOMBING', 'RIGHT', 13, 'USELESS', 'UNNECESSARY', 'RIGHT')",BOMBING,RIGHT,13,USELESS,UNNECESSARY,RIGHT,0.09009341,0.0,0.0,0.0,0.0,0.0,UP,0.09009341
"('ESCAPE', 'UP', 3, 'USELESS', 'UNSAFE', 'DOWN')",ESCAPE,UP,3,USELESS,UNSAFE,DOWN,0.0,0.21726322,0.0,0.0,0.0,-0.651,RIGHT,0.21726322
"('ESCAPE', 'DOWN', 5, 'GOOD_HIGH', 'UNNECESSARY', 'RIGHT')",ESCAPE,DOWN,5,GOOD_HIGH,UNNECESSARY,RIGHT,0.0,0.0,0.0,0.0,0.0,0.10057393,BOMB,0.10057393
"('COIN', 'LEFT', 2, 'ATTACK', 'UNNECESSARY', 'LEFT')",COIN,LEFT,2,ATTACK,UNNECESSARY,LEFT,0.0,0.0,0.0,0.0,-0.051,0.23451558,BOMB,0.23451558
"('ESCAPE', 'UP', 1, 'GOOD_HIGH', 'UNSAFE', 'UP')",ESCAPE,UP,1,GOOD_HIGH,UNSAFE,UP,0.13295425,-0.601,0.0,-0.601,0.0,-0.501,UP,0.13295425
"('NONE', 'NONE', 9, 'UNSAFE', 'UNNECESSARY', 'WAIT')",NONE,NONE,9,UNSAFE,UNNECESSARY,WAIT,0.11185194,0.0,-0.020322576,0.0,0.0,0.0,UP,0.11185194
"('ESCAPE', 'UP', 9, 'USELESS', 'UNSAFE', 'UP')",ESCAPE,UP,9,USELESS,UNSAFE,UP,0.0,0.0,0.0,0.034483787,-0.501,-0.651,LEFT,0.034483787
"('BOMBING', 'LEFT', 9, 'ATTACK', 'UNNECESSARY', 'RIGHT')",BOMBING,LEFT,9,ATTACK,UNNECESSARY,RIGHT,0.0,0.0,0.041111536,0.0,0.0,0.0,DOWN,0.041111536
"('BOMBING', 'LEFT', 15, 'ATTACK', 'UNNECESSARY', 'WAIT')",BOMBING,LEFT,15,ATTACK,UNNECESSARY,WAIT,0.0,0.40290716,0.0,0.0,0.0,0.0,RIGHT,0.40290716
"('ESCAPE', 'UP', 9, 'ATTACK', 'UNNECESSARY', 'UP')",ESCAPE,UP,9,ATTACK,UNNECESSARY,UP,0.0,-0.101,0.0,0.0,0.0,0.0,UP,0.0
"('ESCAPE', 'UP', 9, 'ATTACK', 'UNSAFE', 'RIGHT')",ESCAPE,UP,9,ATTACK,UNSAFE,RIGHT,0.13579603,0.0,0.0,0.0,0.0,0.0,UP,0.13579603
"('BOMBING', 'HERE', 3, 'ATTACK', 'UNNECESSARY', 'DOWN')",BOMBING,HERE,3,ATTACK,UNNECESSARY,DOWN,0.6281921,0.0,-0.101,0.0,0.0,0.0,UP,0.6281921
"('BOMBING', 'RIGHT', 11, 'USELESS', 'UNNECESSARY', 'UP')",BOMBING,RIGHT,11,USELESS,UNNECESSARY,UP,0.0,0.0,0.0,0.20934877,0.0,0.0,LEFT,0.20934877
"('ESCAPE', 'UP', 5, 'GOOD_LOW', 'UNNECESSARY', 'DOWN')",ESCAPE,UP,5,GOOD_LOW,UNNECESSARY,DOWN,0.0,-0.101,0.0,0.0,-0.051,0.70467275,BOMB,0.70467275
"('BOMBING', 'HERE', 4, 'ATTACK', 'UNNECESSARY', 'UP')",BOMBING,HERE,4,ATTACK,UNNECESSARY,UP,0.0,0.0,0.0,0.0,0.0,1.1258405,BOMB,1.1258405
"('NONE', 'NONE', 4, 'ATTACK', 'UNNECESSARY', 'WAIT')",NONE,NONE,4,ATTACK,UNNECESSARY,WAIT,0.0,0.0,0.058037005,0.0,0.0,0.0,DOWN,0.058037005
"('ESCAPE', 'LEFT', 12, 'ATTACK', 'UNNECESSARY', 'UP')",ESCAPE,LEFT,12,ATTACK,UNNECESSARY,UP,-0.101,0.0,0.119862966,0.0,0.0,0.0,DOWN,0.119862966
"('ESCAPE', 'RIGHT', 14, 'GOOD_HIGH', 'UNNECESSARY', 'RIGHT')",ESCAPE,RIGHT,14,GOOD_HIGH,UNNECESSARY,RIGHT,0.0,0.0,0.0,0.43584052,-0.051,0.0,LEFT,0.43584052
"('ESCAPE', 'RIGHT', 14, 'GOOD_HIGH', 'UNNECESSARY', 'WAIT')",ESCAPE,RIGHT,14,GOOD_HIGH,UNNECESSARY,WAIT,-0.101,0.0,0.0,0.0,0.0,0.0,RIGHT,0.0
"('BOMBING', 'RIGHT', 8, 'ATTACK', 'UNNECESSARY', 'UP')",BOMBING,RIGHT,8,ATTACK,UNNECESSARY,UP,0.0,0.0,0.0,0.11056803,0.0,0.0,LEFT,0.11056803
"('COIN', 'RIGHT', 0, 'UNSAFE', 'NECESSARY', 'UP')",COIN,RIGHT,0,UNSAFE,NECESSARY,UP,-0.06774832,0.0,0.0,0.0,0.0,0.0,RIGHT,0.0
"('COIN', 'UP', 4, 'UNSAFE', 'UNNECESSARY', 'UP')",COIN,UP,4,UNSAFE,UNNECESSARY,UP,-0.501,0.0,0.0,0.0,0.0,0.0,RIGHT,0.0
"('ESCAPE', 'DOWN', 5, 'UNAVAILABLE', 'UNSAFE', 'BOMB')",ESCAPE,DOWN,5,UNAVAILABLE,UNSAFE,BOMB,0.41637304,0.0,0.0,0.0,0.0,0.0,UP,0.41637304
"('BOMBING', 'LEFT', 15, 'GOOD_HIGH', 'UNNECESSARY', 'RIGHT')",BOMBING,LEFT,15,GOOD_HIGH,UNNECESSARY,RIGHT,0.0,0.0,0.0,0.3685172,0.0,0.0,LEFT,0.3685172
"('COIN', 'DOWN', 6, 'UNAVAILABLE', 'UNNECESSARY', 'DOWN')",COIN,DOWN,6,UNAVAILABLE,UNNECESSARY,DOWN,-1.201,0.0,1.1047711,0.0,0.0,-0.09813448,DOWN,1.1047711
"('BOMBING', 'RIGHT', 8, 'GOOD_LOW', 'UNNECESSARY', 'LEFT')",BOMBING,RIGHT,8,GOOD_LOW,UNNECESSARY,LEFT,-0.101,0.0,-0.101,0.0,-0.044240166,0.5541217,BOMB,0.5541217
"('COIN', 'RIGHT', 13, 'USELESS', 'UNNECESSARY', 'LEFT')",COIN,RIGHT,13,USELESS,UNNECESSARY,LEFT,0.0,0.0,0.0,0.5258028,0.0,-0.073448285,LEFT,0.5258028
"('NONE', 'NONE', 11, 'UNAVAILABLE', 'UNNECESSARY', 'UP')",NONE,NONE,11,UNAVAILABLE,UNNECESSARY,UP,0.16191232,0.49275246,-2.2819,0.05460972,-0.09484324,-0.101,RIGHT,0.49275246
"('BOMBING', 'DOWN', 10, 'USELESS', 'UNNECESSARY', 'UP')",BOMBING,DOWN,10,USELESS,UNNECESSARY,UP,-0.052223545,0.0,0.0,0.19054888,0.0,0.0,LEFT,0.19054888
"('BOMBING', 'UP', 4, 'UNSAFE', 'UNNECESSARY', 'UP')",BOMBING,UP,4,UNSAFE,UNNECESSARY,UP,0.0,0.0,-0.02510171,-0.101,-0.051,0.0,UP,0.0
"('BOMBING', 'UP', 4, 'UNSAFE', 'UNNECESSARY', 'WAIT')",BOMBING,UP,4,UNSAFE,UNNECESSARY,WAIT,0.0,0.0,0.10945698,-0.089959376,0.0,0.0,DOWN,0.10945698
"('ESCAPE', 'LEFT', 11, 'UNAVAILABLE', 'UNNECESSARY', 'UP')",ESCAPE,LEFT,11,UNAVAILABLE,UNNECESSARY,UP,0.0,-0.4532746,0.0,0.9071668,0.0,0.0,LEFT,0.9071668
"('COIN', 'LEFT', 13, 'ATTACK', 'UNNECESSARY', 'RIGHT')",COIN,LEFT,13,ATTACK,UNNECESSARY,RIGHT,0.0,0.0,0.0,0.8298844,0.0,0.0,LEFT,0.8298844
"('ESCAPE', 'DOWN', 4, 'UNSAFE', 'UNNECESSARY', 'UP')",ESCAPE,DOWN,4,UNSAFE,UNNECESSARY,UP,0.0,0.0,0.0,0.0,-0.051,0.0,UP,0.0
"('ESCAPE', 'DOWN', 4, 'UNSAFE', 'UNSAFE', 'WAIT')",ESCAPE,DOWN,4,UNSAFE,UNSAFE,WAIT,-0.501,0.0,0.0,0.0,0.0,0.0,RIGHT,0.0
"('COIN', 'RIGHT', 6, 'ATTACK', 'UNNECESSARY', 'LEFT')",COIN,RIGHT,6,ATTACK,UNNECESSARY,LEFT,0.0,0.0,0.18997647,0.0,0.0,0.0,DOWN,0.18997647
"('BOMBING', 'HERE', 6, 'GOOD_LOW', 'UNNECESSARY', 'WAIT')",BOMBING,HERE,6,GOOD_LOW,UNNECESSARY,WAIT,0.0,0.0,0.0,-0.045419395,0.0,0.0,UP,0.0
"('NONE', 'NONE', 9, 'ATTACK', 'UNNECESSARY', 'UP')",NONE,NONE,9,ATTACK,UNNECESSARY,UP,0.0,0.0,0.0,0.08905495,0.0,0.0,LEFT,0.08905495
"('ESCAPE', 'DOWN', 14, 'ATTACK', 'UNNECESSARY', 'UP')",ESCAPE,DOWN,14,ATTACK,UNNECESSARY,UP,0.0,0.0,0.0,0.0,0.0,0.43855184,BOMB,0.43855184
"('NONE', 'NONE', 8, 'UNSAFE', 'UNNECESSARY', 'RIGHT')",NONE,NONE,8,UNSAFE,UNNECESSARY,RIGHT,-0.27401865,-0.681891,-0.23617384,-0.47471952,-0.24119551,-0.83289295,DOWN,-0.23617384
"('BOMBING', 'UP', 13, 'GOOD_LOW', 'UNNECESSARY', 'RIGHT')",BOMBING,UP,13,GOOD_LOW,UNNECESSARY,RIGHT,0.0,-0.101,0.0,0.0,-0.051,1.16376,BOMB,1.16376
"('BOMBING', 'UP', 13, 'GOOD_LOW', 'UNNECESSARY', 'WAIT')",BOMBING,UP,13,GOOD_LOW,UNNECESSARY,WAIT,0.0,0.0,0.0,0.0,0.0,0.10875587,BOMB,0.10875587
"('NONE', 'NONE', 14, 'UNAVAILABLE', 'UNNECESSARY', 'BOMB')",NONE,NONE,14,UNAVAILABLE,UNNECESSARY,BOMB,0.0,0.0,0.034360055,0.0,0.0,-0.101,DOWN,0.034360055
"('NONE', 'NONE', 14, 'ATTACK', 'UNNECESSARY', 'BOMB')",NONE,NONE,14,ATTACK,UNNECESSARY,BOMB,-0.09207611,0.0,0.0,0.0,0.0,0.0,RIGHT,0.0
"('NONE', 'NONE', 10, 'UNSAFE', 'UNNECESSARY', 'LEFT')",NONE,NONE,10,UNSAFE,UNNECESSARY,LEFT,-0.101,-0.026,-0.101,-0.023809467,-0.051,-1.0206529,LEFT,-0.023809467
"('COIN', 'RIGHT', 10, 'UNSAFE', 'UNNECESSARY', 'UP')",COIN,RIGHT,10,UNSAFE,UNNECESSARY,UP,-0.101,0.0,0.0,0.0,0.0,0.0,RIGHT,0.0
"('NONE', 'NONE', 10, 'UNSAFE', 'UNNECESSARY', 'UP')",NONE,NONE,10,UNSAFE,UNNECESSARY,UP,0.0,0.0,0.0,0.0,0.0,-0.8808656,UP,0.0
"('ESCAPE', 'RIGHT', 15, 'GOOD_LOW', 'UNNECESSARY', 'RIGHT')",ESCAPE,RIGHT,15,GOOD_LOW,UNNECESSARY,RIGHT,0.0,0.0,0.0,0.0,0.0,0.10604864,BOMB,0.10604864
"('NONE', 'NONE', 1, 'ATTACK', 'UNNECESSARY', 'RIGHT')",NONE,NONE,1,ATTACK,UNNECESSARY,RIGHT,0.0,0.0,0.19990861,-0.05593299,0.0,-0.05012253,DOWN,0.19990861
"('ESCAPE', 'RIGHT', 2, 'USELESS', 'UNNECESSARY', 'WAIT')",ESCAPE,RIGHT,2,USELESS,UNNECESSARY,WAIT,0.0,0.3051969,-0.101,-0.10037708,0.0,-0.6051599,RIGHT,0.3051969
"('NONE', 'NONE', 8, 'USELESS', 'UNNECESSARY', 'WAIT')",NONE,NONE,8,USELESS,UNNECESSARY,WAIT,0.0,-0.501,0.0,0.19641754,-0.051,-0.032505337,LEFT,0.19641754
"('ESCAPE', 'RIGHT', 3, 'UNAVAILABLE', 'UNSAFE', 'UP')",ESCAPE,RIGHT,3,UNAVAILABLE,UNSAFE,UP,0.0,0.53929716,0.0,-0.601,0.0,0.0,RIGHT,0.53929716
"('NONE', 'NONE', 6, 'ATTACK', 'UNNECESSARY', 'LEFT')",NONE,NONE,6,ATTACK,UNNECESSARY,LEFT,0.0,0.0,0.0,-0.101,0.0,0.35866028,BOMB,0.35866028
"('ESCAPE', 'DOWN', 4, 'USELESS', 'UNSAFE', 'LEFT')",ESCAPE,DOWN,4,USELESS,UNSAFE,LEFT,-0.3405041,-0.501,-0.0058138506,-0.601,-0.501,-0.58529264,DOWN,-0.0058138506
"('BOMBING', 'HERE', 3, 'UNAVAILABLE', 'UNNECESSARY', 'UP')",BOMBING,HERE,3,UNAVAILABLE,UNNECESSARY,UP,0.6444154,0.0,0.0,-0.045399953,0.0,-0.09941849,UP,0.6444154
"('ESCAPE', 'UP', 13, 'GOOD_HIGH', 'UNSAFE', 'DOWN')",ESCAPE,UP,13,GOOD_HIGH,UNSAFE,DOWN,0.067915656,-0.501,0.0,-0.001,0.0,0.0,UP,0.067915656
"('ESCAPE', 'DOWN', 4, 'ATTACK', 'UNSAFE', 'WAIT')",ESCAPE,DOWN,4,ATTACK,UNSAFE,WAIT,0.0,-0.30895945,0.2028294,0.0,-0.501,0.0,DOWN,0.2028294
"('COIN', 'UP', 4, 'GOOD_LOW', 'UNNECESSARY', 'RIGHT')",COIN,UP,4,GOOD_LOW,UNNECESSARY,RIGHT,0.0,0.0,0.008721242,0.0,0.0,0.0,DOWN,0.008721242
"('BOMBING', 'DOWN', 9, 'UNAVAILABLE', 'UNNECESSARY', 'DOWN')",BOMBING,DOWN,9,UNAVAILABLE,UNNECESSARY,DOWN,0.0,-0.101,0.0,0.0,0.0,0.0,UP,0.0
"('BOMBING', 'DOWN', 9, 'UNAVAILABLE', 'UNNECESSARY', 'RIGHT')",BOMBING,DOWN,9,UNAVAILABLE,UNNECESSARY,RIGHT,0.0,-0.09442789,0.0,0.0,0.0,0.0,UP,0.0
"('COIN', 'DOWN', 5, 'ATTACK', 'UNNECESSARY', 'RIGHT')",COIN,DOWN,5,ATTACK,UNNECESSARY,RIGHT,0.0,0.0,0.31950003,0.0,-0.03424082,0.0,DOWN,0.31950003
"('BOMBING', 'DOWN', 11, 'USELESS', 'UNNECESSARY', 'DOWN')",BOMBING,DOWN,11,USELESS,UNNECESSARY,DOWN,0.0,0.0,0.0,0.4322867,0.0,0.0,LEFT,0.4322867
"('ESCAPE', 'UP', 9, 'USELESS', 'UNNECESSARY', 'DOWN')",ESCAPE,UP,9,USELESS,UNNECESSARY,DOWN,0.20732132,-0.20668632,-0.101,0.0,-0.051,0.0,UP,0.20732132
"('ESCAPE', 'UP', 9, 'USELESS', 'UNSAFE', 'DOWN')",ESCAPE,UP,9,USELESS,UNSAFE,DOWN,0.23905261,-1.0518999,0.0,0.0,0.0,0.0,UP,0.23905261
"('NONE', 'NONE', 4, 'ATTACK', 'UNNECESSARY', 'DOWN')",NONE,NONE,4,ATTACK,UNNECESSARY,DOWN,-0.501,-0.07235041,0.15339991,0.0,0.0,0.0,DOWN,0.15339991
"('BOMBING', 'RIGHT', 7, 'ATTACK', 'UNNECESSARY', 'UP')",BOMBING,RIGHT,7,ATTACK,UNNECESSARY,UP,0.0,0.0,0.36720687,-0.05573695,0.0,0.0,DOWN,0.36720687
"('ESCAPE', 'LEFT', 15, 'UNAVAILABLE', 'UNNECESSARY', 'BOMB')",ESCAPE,LEFT,15,UNAVAILABLE,UNNECESSARY,BOMB,0.0,0.0,0.0,0.16246715,0.0,0.0,LEFT,0.16246715
"('ESCAPE', 'DOWN', 4, 'GOOD_HIGH', 'UNNECESSARY', 'UP')",ESCAPE,DOWN,4,GOOD_HIGH,UNNECESSARY,UP,-0.08725355,-0.101,0.16447443,0.0,-0.0969,0.0,DOWN,0.16447443
"('ESCAPE', 'DOWN', 4, 'GOOD_HIGH', 'UNSAFE', 'RIGHT')",ESCAPE,DOWN,4,GOOD_HIGH,UNSAFE,RIGHT,-0.3769577,-0.601,0.0,0.0,0.0,0.0,DOWN,0.0
"('ESCAPE', 'RIGHT', 14, 'GOOD_HIGH', 'UNSAFE', 'WAIT')",ESCAPE,RIGHT,14,GOOD_HIGH,UNSAFE,WAIT,0.0,0.0,0.0,-0.001,0.0,0.0,UP,0.0
"('COIN', 'RIGHT', 0, 'UNSAFE', 'NECESSARY', 'LEFT')",COIN,RIGHT,0,UNSAFE,NECESSARY,LEFT,-0.08979504,-0.501,-0.04213908,-0.101,0.23293339,-0.90263677,WAIT,0.23293339
"('ESCAPE', 'UP', 13, 'ATTACK', 'UNSAFE', 'UP')",ESCAPE,UP,13,ATTACK,UNSAFE,UP,-0.001,-0.501,0.0,0.34760353,0.0,-0.501,LEFT,0.34760353
"('ESCAPE', 'DOWN', 15, 'UNAVAILABLE', 'UNNECESSARY', 'BOMB')",ESCAPE,DOWN,15,UNAVAILABLE,UNNECESSARY,BOMB,0.0,0.0,1.0811379,0.0,0.0,-0.031325564,DOWN,1.0811379
"('ESCAPE', 'UP', 13, 'UNAVAILABLE', 'UNSAFE', 'WAIT')",ESCAPE,UP,13,UNAVAILABLE,UNSAFE,WAIT,0.4942438,0.0,0.0,0.0,0.0,0.0,UP,0.4942438
"('ESCAPE', 'RIGHT', 10, 'GOOD_LOW', 'UNNECESSARY', 'RIGHT')",ESCAPE,RIGHT,10,GOOD_LOW,UNNECESSARY,RIGHT,0.0,0.5555271,0.0,0.0,0.0,0.0,RIGHT,0.5555271
"('NONE', 'NONE', 2, 'UNSAFE', 'UNNECESSARY', 'DOWN')",NONE,NONE,2,UNSAFE,UNNECESSARY,DOWN,-0.101,0.0,0.0,-0.101,-0.051,0.0,RIGHT,0.0
"('NONE', 'NONE', 8, 'ATTACK', 'UNNECESSARY', 'UP')",NONE,NONE,8,ATTACK,UNNECESSARY,UP,-0.101,0.0,0.0,0.28014344,-0.051,0.0,LEFT,0.28014344
"('ESCAPE', 'DOWN', 5, 'ATTACK', 'UNNECESSARY', 'LEFT')",ESCAPE,DOWN,5,ATTACK,UNNECESSARY,LEFT,0.0,0.0,0.0,0.0,0.0,0.2276892,BOMB,0.2276892
"('ESCAPE', 'UP', 9, 'ATTACK', 'UNSAFE', 'UP')",ESCAPE,UP,9,ATTACK,UNSAFE,UP,0.1535768,-0.601,0.0,0.0,0.0,-0.501,UP,0.1535768
"('ESCAPE', 'DOWN', 12, 'ATTACK', 'UNSAFE', 'WAIT')",ESCAPE,DOWN,12,ATTACK,UNSAFE,WAIT,-0.601,0.0,0.0,0.0,0.0,0.0,RIGHT,0.0
"('BOMBING', 'LEFT', 7, 'USELESS', 'UNNECESSARY', 'LEFT')",BOMBING,LEFT,7,USELESS,UNNECESSARY,LEFT,0.0,0.0,0.18703736,0.0,0.0,0.0,DOWN,0.18703736
"('BOMBING', 'DOWN', 13, 'USELESS', 'UNNECESSARY', 'LEFT')",BOMBING,DOWN,13,USELESS,UNNECESSARY,LEFT,0.049787443,-0.501,0.0,0.0,-0.037592635,0.0,UP,0.049787443
"('BOMBING', 'UP', 12, 'UNAVAILABLE', 'UNNECESSARY', 'DOWN')",BOMBING,UP,12,UNAVAILABLE,UNNECESSARY,DOWN,0.0,0.0,0.0,0.7003245,0.0,0.0,LEFT,0.7003245
"('BOMBING', 'UP', 1, 'ATTACK', 'UNNECESSARY', 'UP')",BOMBING,UP,1,ATTACK,UNNECESSARY,UP,0.0,0.0,0.0,0.0,0.0,1.0093281,BOMB,1.0093281
"('BOMBING', 'DOWN', 11, 'UNAVAILABLE', 'UNNECESSARY', 'LEFT')",BOMBING,DOWN,11,UNAVAILABLE,UNNECESSARY,LEFT,0.0,0.0,0.0,0.18490218,0.0,0.0,LEFT,0.18490218
"('ESCAPE', 'LEFT', 8, 'USELESS', 'UNNECESSARY', 'UP')",ESCAPE,LEFT,8,USELESS,UNNECESSARY,UP,0.0,0.0,-0.11749397,0.24272788,0.0,0.0,LEFT,0.24272788
"('BOMBING', 'UP', 0, 'UNSAFE', 'NECESSARY', 'RIGHT')",BOMBING,UP,0,UNSAFE,NECESSARY,RIGHT,0.0,0.0,0.0,0.0,-0.001,0.0,UP,0.0
"('BOMBING', 'LEFT', 8, 'USELESS', 'UNNECESSARY', 'RIGHT')",BOMBING,LEFT,8,USELESS,UNNECESSARY,RIGHT,-0.101,0.0,-0.07752445,0.64288884,-0.030977143,-0.03007693,LEFT,0.64288884
"('ESCAPE', 'UP', 11, 'UNAVAILABLE', 'UNSAFE', 'WAIT')",ESCAPE,UP,11,UNAVAILABLE,UNSAFE,WAIT,0.0,2.364322,-0.5845511,0.0,-0.65861106,0.0,RIGHT,2.364322
"('COIN', 'RIGHT', 13, 'ATTACK', 'UNNECESSARY', 'DOWN')",COIN,RIGHT,13,ATTACK,UNNECESSARY,DOWN,0.080312975,0.0,0.0,0.0,0.0,0.0,UP,0.080312975
"('ESCAPE', 'UP', 3, 'USELESS', 'UNNECESSARY', 'DOWN')",ESCAPE,UP,3,USELESS,UNNECESSARY,DOWN,0.0,-0.001,0.0,-0.15421051,0.0,0.0,UP,0.0
"('NONE', 'NONE', 1, 'UNSAFE', 'UNNECESSARY', 'LEFT')",NONE,NONE,1,UNSAFE,UNNECESSARY,LEFT,-0.009104954,-0.088843934,-0.00916111,0.0655228,-0.003856974,-0.3738548,LEFT,0.0655228
"('ESCAPE', 'LEFT', 10, 'UNAVAILABLE', 'UNSAFE', 'DOWN')",ESCAPE,LEFT,10,UNAVAILABLE,UNSAFE,DOWN,0.0,0.0,-1.301,0.0,-1.101,0.0,UP,0.0
"('ESCAPE', 'RIGHT', 15, 'GOOD_LOW', 'UNNECESSARY', 'LEFT')",ESCAPE,RIGHT,15,GOOD_LOW,UNNECESSARY,LEFT,0.0,0.0,0.0,0.31741425,0.0,0.0,LEFT,0.31741425
"('ESCAPE', 'LEFT', 9, 'USELESS', 'UNNECESSARY', 'RIGHT')",ESCAPE,LEFT,9,USELESS,UNNECESSARY,RIGHT,0.0,-0.08617719,0.0,-0.005906328,0.0,-0.002926754,UP,0.0
"('ESCAPE', 'RIGHT', 11, 'GOOD_HIGH', 'UNNECESSARY', 'RIGHT')",ESCAPE,RIGHT,11,GOOD_HIGH,UNNECESSARY,RIGHT,0.0,0.11240662,0.0,0.0,0.0,0.0,RIGHT,0.11240662
"('BOMBING', 'HERE', 9, 'UNAVAILABLE', 'UNNECESSARY', 'UP')",BOMBING,HERE,9,UNAVAILABLE,UNNECESSARY,UP,0.51071227,0.0,-1.201,0.0,0.0,0.0,UP,0.51071227
"('COIN', 'UP', 12, 'GOOD_LOW', 'UNNECESSARY', 'DOWN')",COIN,UP,12,GOOD_LOW,UNNECESSARY,DOWN,0.0,0.0,0.0,0.14529185,0.0,0.0,LEFT,0.14529185
"('BOMBING', 'DOWN', 7, 'UNAVAILABLE', 'UNNECESSARY', 'WAIT')",BOMBING,DOWN,7,UNAVAILABLE,UNNECESSARY,WAIT,0.0,0.0,0.20154054,0.0,0.0,0.0,DOWN,0.20154054
"('BOMBING', 'RIGHT', 2, 'USELESS', 'UNNECESSARY', 'WAIT')",BOMBING,RIGHT,2,USELESS,UNNECESSARY,WAIT,0.0,0.0,-0.07435637,-0.501,0.0,-0.058805555,UP,0.0
"('NONE', 'NONE', 13, 'USELESS', 'UNNECESSARY', 'LEFT')",NONE,NONE,13,USELESS,UNNECESSARY,LEFT,0.0,0.0,0.39040744,0.0,0.0,0.0,DOWN,0.39040744
"('ESCAPE', 'UP', 15, 'UNAVAILABLE', 'UNSAFE', 'BOMB')",ESCAPE,UP,15,UNAVAILABLE,UNSAFE,BOMB,0.0,0.0,0.0,1.1222489,0.0,0.0,LEFT,1.1222489
"('COIN', 'UP', 15, 'ATTACK', 'UNNECESSARY', 'BOMB')",COIN,UP,15,ATTACK,UNNECESSARY,BOMB,0.0,0.0,0.0,0.0,0.0,0.2213577,BOMB,0.2213577
"('ESCAPE', 'UP', 13, 'GOOD_LOW', 'UNNECESSARY', 'DOWN')",ESCAPE,UP,13,GOOD_LOW,UNNECESSARY,DOWN,0.0,-0.101,0.0,0.0,0.0,0.6788407,BOMB,0.6788407
"('COIN', 'UP', 9, 'ATTACK', 'UNNECESSARY', 'DOWN')",COIN,UP,9,ATTACK,UNNECESSARY,DOWN,0.0,0.0,0.0,0.0,0.0,0.7752349,BOMB,0.7752349
"('ESCAPE', 'DOWN', 12, 'UNAVAILABLE', 'UNSAFE', 'RIGHT')",ESCAPE,DOWN,12,UNAVAILABLE,UNSAFE,RIGHT,-0.501,-0.601,0.0,0.0,-0.501,-0.601,DOWN,0.0
"('ESCAPE', 'RIGHT', 14, 'ATTACK', 'UNSAFE', 'LEFT')",ESCAPE,RIGHT,14,ATTACK,UNSAFE,LEFT,0.0,0.10643918,-0.009721,0.0,0.0,-0.501,RIGHT,0.10643918
"('ESCAPE', 'UP', 11, 'ATTACK', 'UNSAFE', 'DOWN')",ESCAPE,UP,11,ATTACK,UNSAFE,DOWN,0.0,-0.0011464811,0.0,0.4963408,0.0,-0.501,LEFT,0.4963408
"('COIN', 'RIGHT', 7, 'ATTACK', 'UNNECESSARY', 'WAIT')",COIN,RIGHT,7,ATTACK,UNNECESSARY,WAIT,0.0,0.0,0.0,0.0,0.0,0.119194224,BOMB,0.119194224
"('BOMBING', 'DOWN', 1, 'UNSAFE', 'UNNECESSARY', 'UP')",BOMBING,DOWN,1,UNSAFE,UNNECESSARY,UP,0.14556658,0.0,0.0,0.0,0.0,0.0,UP,0.14556658
"('ESCAPE', 'UP', 13, 'ATTACK', 'UNSAFE', 'RIGHT')",ESCAPE,UP,13,ATTACK,UNSAFE,RIGHT,0.0,0.0,-0.001,0.3776699,0.0,0.0,LEFT,0.3776699
"('COIN', 'UP', 4, 'GOOD_HIGH', 'UNNECESSARY', 'DOWN')",COIN,UP,4,GOOD_HIGH,UNNECESSARY,DOWN,0.0,0.0,0.1891033,0.0,0.0,0.0,DOWN,0.1891033
"('ESCAPE', 'LEFT', 9, 'USELESS', 'UNNECESSARY', 'DOWN')",ESCAPE,LEFT,9,USELESS,UNNECESSARY,DOWN,0.0,0.0,-0.1475839,0.3453993,0.0,-0.04628449,LEFT,0.3453993
"('ESCAPE', 'RIGHT', 6, 'UNAVAILABLE', 'UNSAFE', 'UP')",ESCAPE,RIGHT,6,UNAVAILABLE,UNSAFE,UP,0.0,0.0,0.0,0.0,-0.3969574,0.0,UP,0.0
"('BOMBING', 'DOWN', 1, 'ATTACK', 'UNNECESSARY', 'UP')",BOMBING,DOWN,1,ATTACK,UNNECESSARY,UP,0.0,0.0,-0.501,0.0,0.0,0.983256,BOMB,0.983256
"('ESCAPE', 'UP', 7, 'ATTACK', 'UNNECESSARY', 'RIGHT')",ESCAPE,UP,7,ATTACK,UNNECESSARY,RIGHT,0.059437823,0.0,0.0,-0.101,0.0,0.0,UP,0.059437823
"('ESCAPE', 'UP', 7, 'ATTACK', 'UNSAFE', 'LEFT')",ESCAPE,UP,7,ATTACK,UNSAFE,LEFT,0.0,0.21852629,0.0,0.0,0.0,0.0,RIGHT,0.21852629
"('NONE', 'NONE', 6, 'UNAVAILABLE', 'UNNECESSARY', 'RIGHT')",NONE,NONE,6,UNAVAILABLE,UNNECESSARY,RIGHT,0.0,0.0,0.05255399,0.0,0.0,0.0,DOWN,0.05255399
"('ESCAPE', 'UP', 7, 'USELESS', 'UNNECESSARY', 'DOWN')",ESCAPE,UP,7,USELESS,UNNECESSARY,DOWN,0.0,-0.001,0.039908208,-0.059658688,-0.051,-0.008154139,DOWN,0.039908208
"('BOMBING', 'HERE', 9, 'ATTACK', 'UNNECESSARY', 'DOWN')",BOMBING,HERE,9,ATTACK,UNNECESSARY,DOWN,0.0,0.0,-0.101,0.0,-0.051,1.1235622,BOMB,1.1235622
"('BOMBING', 'HERE', 1, 'ATTACK', 'UNNECESSARY', 'WAIT')",BOMBING,HERE,1,ATTACK,UNNECESSARY,WAIT,0.0,0.0,0.0,0.0,0.016563075,0.0,WAIT,0.016563075
"('BOMBING', 'UP', 3, 'ATTACK', 'UNNECESSARY', 'LEFT')",BOMBING,UP,3,ATTACK,UNNECESSARY,LEFT,1.0934409,0.0,0.0,0.0,0.0,0.0,UP,1.0934409
"('NONE', 'NONE', 8, 'USELESS', 'UNNECESSARY', 'UP')",NONE,NONE,8,USELESS,UNNECESSARY,UP,-0.09100967,0.0,0.0,0.0,0.0,0.0,RIGHT,0.0
"('BOMBING', 'LEFT', 12, 'USELESS', 'UNNECESSARY', 'WAIT')",BOMBING,LEFT,12,USELESS,UNNECESSARY,WAIT,0.0,-0.101,0.0,0.0,0.0,0.0,UP,0.0
"('ESCAPE', 'RIGHT', 6, 'GOOD_HIGH', 'UNSAFE', 'WAIT')",ESCAPE,RIGHT,6,GOOD_HIGH,UNSAFE,WAIT,0.0,0.0,-0.001,0.0,0.0,0.0,UP,0.0
"('COIN', 'UP', 0, 'UNSAFE', 'NECESSARY', 'DOWN')",COIN,UP,0,UNSAFE,NECESSARY,DOWN,0.0,-0.06992829,-0.036366243,-0.0035041056,0.35650784,-0.366948,WAIT,0.35650784
"('BOMBING', 'LEFT', 11, 'ATTACK', 'UNNECESSARY', 'UP')",BOMBING,LEFT,11,ATTACK,UNNECESSARY,UP,0.0,0.0,0.0,0.19453043,0.0,0.0,LEFT,0.19453043
"('ESCAPE', 'UP', 13, 'GOOD_HIGH', 'UNNECESSARY', 'WAIT')",ESCAPE,UP,13,GOOD_HIGH,UNNECESSARY,WAIT,0.0,0.0,0.0,-0.001,0.0,0.0,UP,0.0
"('ESCAPE', 'LEFT', 8, 'GOOD_LOW', 'UNSAFE', 'LEFT')",ESCAPE,LEFT,8,GOOD_LOW,UNSAFE,LEFT,0.0,-0.501,-0.601,0.0,-0.501,-0.501,UP,0.0
"('BOMBING', 'RIGHT', 6, 'ATTACK', 'UNNECESSARY', 'UP')",BOMBING,RIGHT,6,ATTACK,UNNECESSARY,UP,0.0,0.26252276,0.0,0.0,0.0,0.0,RIGHT,0.26252276
"('COIN', 'RIGHT', 2, 'ATTACK', 'UNNECESSARY', 'RIGHT')",COIN,RIGHT,2,ATTACK,UNNECESSARY,RIGHT,0.0,0.0,0.0,0.0,0.0,0.27571756,BOMB,0.27571756
"('BOMBING', 'UP', 1, 'UNSAFE', 'UNNECESSARY', 'DOWN')",BOMBING,UP,1,UNSAFE,UNNECESSARY,DOWN,0.20391029,0.0,0.0,0.0,0.0,0.0,UP,0.20391029
"('ESCAPE', 'DOWN', 4, 'USELESS', 'UNNECESSARY', 'UP')",ESCAPE,DOWN,4,USELESS,UNNECESSARY,UP,-0.10109,0.0,0.056784056,0.0,0.0,0.0,DOWN,0.056784056
"('NONE', 'NONE', 10, 'UNSAFE', 'UNNECESSARY', 'DOWN')",NONE,NONE,10,UNSAFE,UNNECESSARY,DOWN,0.0,0.0,0.0,0.0,-0.14466225,0.0,UP,0.0
"('NONE', 'NONE', 8, 'UNSAFE', 'UNNECESSARY', 'UP')",NONE,NONE,8,UNSAFE,UNNECESSARY,UP,-0.101,-0.11299633,-0.094742425,-0.001,-0.046778906,-0.3638515,LEFT,-0.001
"('COIN', 'RIGHT', 2, 'ATTACK', 'UNNECESSARY', 'WAIT')",COIN,RIGHT,2,ATTACK,UNNECESSARY,WAIT,-0.059406143,0.14609396,-0.0245891,-0.501,0.0,0.0,RIGHT,0.14609396
"('ESCAPE', 'RIGHT', 11, 'ATTACK', 'UNNECESSARY', 'WAIT')",ESCAPE,RIGHT,11,ATTACK,UNNECESSARY,WAIT,0.0,0.076744206,0.0,0.0,0.0,0.0,RIGHT,0.076744206
"('ESCAPE', 'RIGHT', 7, 'UNAVAILABLE', 'UNNECESSARY', 'DOWN')",ESCAPE,RIGHT,7,UNAVAILABLE,UNNECESSARY,DOWN,0.0,0.0,0.1120854,0.0,-0.051,0.0,DOWN,0.1120854
"('ESCAPE', 'RIGHT', 6, 'UNAVAILABLE', 'UNNECESSARY', 'WAIT')",ESCAPE,RIGHT,6,UNAVAILABLE,UNNECESSARY,WAIT,0.0,0.0,-0.010062125,0.0,0.0,0.0,UP,0.0
"('BOMBING', 'LEFT', 2, 'ATTACK', 'UNNECESSARY', 'DOWN')",BOMBING,LEFT,2,ATTACK,UNNECESSARY,DOWN,0.0,0.0,0.0,-0.501,-0.051,0.056119222,BOMB,0.056119222
"('ESCAPE', 'UP', 1, 'ATTACK', 'UNSAFE', 'BOMB')",ESCAPE,UP,1,ATTACK,UNSAFE,BOMB,0.0,-0.601,0.0,0.0,-0.113483,0.0,UP,0.0
"('BOMBING', 'LEFT', 14, 'GOOD_HIGH', 'UNNECESSARY', 'RIGHT')",BOMBING,LEFT,14,GOOD_HIGH,UNNECESSARY,RIGHT,0.0,0.0,0.0,0.3945686,0.0,0.0,LEFT,0.3945686
"('COIN', 'DOWN', 10, 'UNAVAILABLE', 'UNNECESSARY', 'RIGHT')",COIN,DOWN,10,UNAVAILABLE,UNNECESSARY,RIGHT,0.0,0.0,0.0,0.047489055,0.0,0.0,LEFT,0.047489055
"('BOMBING', 'DOWN', 13, 'UNAVAILABLE', 'UNNECESSARY', 'WAIT')",BOMBING,DOWN,13,UNAVAILABLE,UNNECESSARY,WAIT,0.0,0.0,0.0,0.0,-0.051,0.0,UP,0.0
"('ESCAPE', 'RIGHT', 14, 'UNAVAILABLE', 'UNSAFE', 'BOMB')",ESCAPE,RIGHT,14,UNAVAILABLE,UNSAFE,BOMB,0.0,0.0,0.72364783,0.0,0.0,-0.601,DOWN,0.72364783
"('ESCAPE', 'DOWN', 6, 'UNAVAILABLE', 'UNNECESSARY', 'DOWN')",ESCAPE,DOWN,6,UNAVAILABLE,UNNECESSARY,DOWN,-1.201,-0.09604147,0.0,0.0,-0.051,0.0,DOWN,0.0
"('NONE', 'NONE', 2, 'UNSAFE', 'UNNECESSARY', 'RIGHT')",NONE,NONE,2,UNSAFE,UNNECESSARY,RIGHT,-0.086298436,-0.10692699,-0.09774913,-0.501,-0.031882886,-0.30937028,WAIT,-0.031882886
"('BOMBING', 'HERE', 14, 'GOOD_HIGH', 'UNNECESSARY', 'BOMB')",BOMBING,HERE,14,GOOD_HIGH,UNNECESSARY,BOMB,0.0,0.0,0.0,0.07837924,0.0,0.0,LEFT,0.07837924
"('ESCAPE', 'UP', 1, 'GOOD_HIGH', 'UNNECESSARY', 'DOWN')",ESCAPE,UP,1,GOOD_HIGH,UNNECESSARY,DOWN,-0.001,-0.101,-0.101,-0.101,0.0,1.0082875,BOMB,1.0082875
"('COIN', 'UP', 1, 'GOOD_LOW', 'UNNECESSARY', 'UP')",COIN,UP,1,GOOD_LOW,UNNECESSARY,UP,0.4845975,0.0,0.0,0.0,0.0,0.0,UP,0.4845975
"('BOMBING', 'HERE', 4, 'GOOD_HIGH', 'UNNECESSARY', 'DOWN')",BOMBING,HERE,4,GOOD_HIGH,UNNECESSARY,DOWN,-0.501,-0.045496162,0.0,0.0,0.0,0.12658903,BOMB,0.12658903
"('NONE', 'NONE', 8, 'UNSAFE', 'UNNECESSARY', 'WAIT')",NONE,NONE,8,UNSAFE,UNNECESSARY,WAIT,-0.09817454,0.0,-0.101,0.0,0.0,0.0,RIGHT,0.0
"('ESCAPE', 'RIGHT', 7, 'UNAVAILABLE', 'UNNECESSARY', 'RIGHT')",ESCAPE,RIGHT,7,UNAVAILABLE,UNNECESSARY,RIGHT,0.0,0.28940517,0.0,0.0,0.0,-0.101,RIGHT,0.28940517
"('ESCAPE', 'RIGHT', 6, 'GOOD_LOW', 'UNSAFE', 'BOMB')",ESCAPE,RIGHT,6,GOOD_LOW,UNSAFE,BOMB,0.0,0.008903937,0.0,0.0,0.0,0.0,RIGHT,0.008903937
"('NONE', 'NONE', 6, 'UNAVAILABLE', 'UNNECESSARY', 'DOWN')",NONE,NONE,6,UNAVAILABLE,UNNECESSARY,DOWN,0.0,0.0,0.4136099,-0.085504666,0.0,-0.101,DOWN,0.4136099
"('BOMBING', 'HERE', 2, 'ATTACK', 'UNNECESSARY', 'WAIT')",BOMBING,HERE,2,ATTACK,UNNECESSARY,WAIT,0.0,0.05196727,0.0,0.0,0.0,0.0,RIGHT,0.05196727
"('COIN', 'UP', 14, 'USELESS', 'UNNECESSARY', 'LEFT')",COIN,UP,14,USELESS,UNNECESSARY,LEFT,0.0,0.0,0.06418285,0.29152298,0.0,0.0,LEFT,0.29152298
"('ESCAPE', 'LEFT', 9, 'UNAVAILABLE', 'UNNECESSARY', 'RIGHT')",ESCAPE,LEFT,9,UNAVAILABLE,UNNECESSARY,RIGHT,0.47286513,0.0,0.0,0.0,0.0,0.0,UP,0.47286513
"('ESCAPE', 'UP', 1, 'GOOD_LOW', 'UNSAFE', 'UP')",ESCAPE,UP,1,GOOD_LOW,UNSAFE,UP,-0.001,0.0,0.0,0.0,0.0,0.0,RIGHT,0.0
"('BOMBING', 'DOWN', 10, 'GOOD_HIGH', 'UNNECESSARY', 'UP')",BOMBING,DOWN,10,GOOD_HIGH,UNNECESSARY,UP,0.0,0.0,0.0,0.0,0.0,0.1337206,BOMB,0.1337206
"('ESCAPE', 'DOWN', 12, 'USELESS', 'UNNECESSARY', 'LEFT')",ESCAPE,DOWN,12,USELESS,UNNECESSARY,LEFT,0.0,0.0,0.10115365,0.0,0.0,0.0,DOWN,0.10115365
"('COIN', 'RIGHT', 11, 'USELESS', 'UNNECESSARY', 'LEFT')",COIN,RIGHT,11,USELESS,UNNECESSARY,LEFT,0.0,0.0,0.0,0.5225992,0.0,-0.13129342,LEFT,0.5225992
"('ESCAPE', 'UP', 9, 'GOOD_LOW', 'UNSAFE', 'UP')",ESCAPE,UP,9,GOOD_LOW,UNSAFE,UP,0.0,0.0,-0.501,0.0,0.0,0.0,UP,0.0
"('BOMBING', 'DOWN', 1, 'GOOD_LOW', 'UNNECESSARY', 'UP')",BOMBING,DOWN,1,GOOD_LOW,UNNECESSARY,UP,0.0,-0.091574706,-0.501,-0.087848544,0.0,0.90561235,BOMB,0.90561235
"('NONE', 'NONE', 3, 'UNSAFE', 'UNNECESSARY', 'LEFT')",NONE,NONE,3,UNSAFE,UNNECESSARY,LEFT,0.0,0.27798265,0.0,0.0,0.0,-0.36546844,RIGHT,0.27798265
"('BOMBING', 'HERE', 1, 'GOOD_LOW', 'UNNECESSARY', 'UP')",BOMBING,HERE,1,GOOD_LOW,UNNECESSARY,UP,0.0,0.0,0.0,0.0,0.0,0.43821874,BOMB,0.43821874
"('NONE', 'NONE', 4, 'USELESS', 'UNNECESSARY', 'WAIT')",NONE,NONE,4,USELESS,UNNECESSARY,WAIT,0.0,0.0,0.0,-0.07817735,-0.010987559,0.0,UP,0.0
"('ESCAPE', 'UP', 1, 'GOOD_HIGH', 'UNSAFE', 'LEFT')",ESCAPE,UP,1,GOOD_HIGH,UNSAFE,LEFT,0.0,-0.501,0.0,-0.601,0.0,0.0,UP,0.0
"('NONE', 'NONE', 1, 'ATTACK', 'UNNECESSARY', 'UP')",NONE,NONE,1,ATTACK,UNNECESSARY,UP,0.18043897,-0.101,0.0,0.0,0.0,0.0,UP,0.18043897
"('NONE', 'NONE', 4, 'ATTACK', 'UNNECESSARY', 'RIGHT')",NONE,NONE,4,ATTACK,UNNECESSARY,RIGHT,0.0,0.0,0.0,-0.09199274,-0.030357227,0.14121312,BOMB,0.14121312
"('NONE', 'NONE', 12, 'ATTACK', 'UNNECESSARY', 'UP')",NONE,NONE,12,ATTACK,UNNECESSARY,UP,0.0,0.0,0.39228776,0.0,0.0,0.0,DOWN,0.39228776
"('ESCAPE', 'UP', 11, 'USELESS', 'UNSAFE', 'LEFT')",ESCAPE,UP,11,USELESS,UNSAFE,LEFT,0.0,0.05254644,-0.501,0.0,0.0,-0.651,RIGHT,0.05254644
"('ESCAPE', 'LEFT', 8, 'USELESS', 'UNNECESSARY', 'LEFT')",ESCAPE,LEFT,8,USELESS,UNNECESSARY,LEFT,0.0,0.0,0.0,0.0,0.0,0.032762796,BOMB,0.032762796
"('ESCAPE', 'RIGHT', 15, 'GOOD_HIGH', 'UNNECESSARY', 'UP')",ESCAPE,RIGHT,15,GOOD_HIGH,UNNECESSARY,UP,0.024150843,0.0,0.0,0.0,0.0,0.0,UP,0.024150843
"('ESCAPE', 'UP', 11, 'GOOD_HIGH', 'UNSAFE', 'LEFT')",ESCAPE,UP,11,GOOD_HIGH,UNSAFE,LEFT,-0.001,0.060784273,0.0,0.0,0.0,0.0,RIGHT,0.060784273
"('ESCAPE', 'LEFT', 13, 'UNAVAILABLE', 'UNNECESSARY', 'DOWN')",ESCAPE,LEFT,13,UNAVAILABLE,UNNECESSARY,DOWN,0.05003421,-0.101,0.0,0.0,0.0,-0.101,UP,0.05003421
"('ESCAPE', 'LEFT', 9, 'ATTACK', 'UNNECESSARY', 'BOMB')",ESCAPE,LEFT,9,ATTACK,UNNECESSARY,BOMB,-0.001,0.0,0.0,0.0,0.0,0.0,RIGHT,0.0
"('ESCAPE', 'UP', 13, 'GOOD_HIGH', 'UNNECESSARY', 'UP')",ESCAPE,UP,13,GOOD_HIGH,UNNECESSARY,UP,0.0,-0.18884194,0.0,-0.001,0.0,0.4268893,BOMB,0.4268893
"('ESCAPE', 'LEFT', 8, 'GOOD_HIGH', 'UNSAFE', 'LEFT')",ESCAPE,LEFT,8,GOOD_HIGH,UNSAFE,LEFT,-0.601,0.0,-0.601,-0.23912601,-0.501,-0.501,RIGHT,0.0
"('BOMBING', 'DOWN', 4, 'USELESS', 'UNNECESSARY', 'UP')",BOMBING,DOWN,4,USELESS,UNNECESSARY,UP,0.0,0.0,0.35744837,0.0,0.0,0.0,DOWN,0.35744837
"('NONE', 'NONE', 5, 'USELESS', 'UNNECESSARY', 'BOMB')",NONE,NONE,5,USELESS,UNNECESSARY,BOMB,0.0,0.0,0.0,0.0,0.03497431,-0.017935192,WAIT,0.03497431
"('ESCAPE', 'LEFT', 11, 'UNAVAILABLE', 'UNNECESSARY', 'BOMB')",ESCAPE,LEFT,11,UNAVAILABLE,UNNECESSARY,BOMB,0.0,0.0,-0.29256123,0.0,0.0,0.4090674,BOMB,0.4090674
"('ESCAPE', 'DOWN', 14, 'USELESS', 'UNNECESSARY', 'LEFT')",ESCAPE,DOWN,14,USELESS,UNNECESSARY,LEFT,-0.101,0.0,0.0,0.0,0.0,-0.0017377398,RIGHT,0.0
"('ESCAPE', 'DOWN', 12, 'USELESS', 'UNNECESSARY', 'UP')",ESCAPE,DOWN,12,USELESS,UNNECESSARY,UP,0.0,0.0,0.0,0.06800509,0.0,0.0,LEFT,0.06800509
"('ESCAPE', 'UP', 1, 'GOOD_HIGH', 'UNNECESSARY', 'RIGHT')",ESCAPE,UP,1,GOOD_HIGH,UNNECESSARY,RIGHT,0.0,0.0,0.0,0.0,0.0,0.34374303,BOMB,0.34374303
"('BOMBING', 'LEFT', 8, 'USELESS', 'UNNECESSARY', 'UP')",BOMBING,LEFT,8,USELESS,UNNECESSARY,UP,0.0,0.0,0.0,4.872453e-05,0.0,0.0,LEFT,4.872453e-05
"('ESCAPE', 'UP', 7, 'UNAVAILABLE', 'UNNECESSARY', 'UP')",ESCAPE,UP,7,UNAVAILABLE,UNNECESSARY,UP,0.74757975,0.0,0.0,0.0,-0.051,0.0,UP,0.74757975
"('ESCAPE', 'UP', 3, 'UNAVAILABLE', 'UNNECESSARY', 'WAIT')",ESCAPE,UP,3,UNAVAILABLE,UNNECESSARY,WAIT,0.0,-0.001,0.0,0.0,0.0,0.0,UP,0.0
"('ESCAPE', 'UP', 15, 'USELESS', 'UNNECESSARY', 'UP')",ESCAPE,UP,15,USELESS,UNNECESSARY,UP,0.0,0.0,0.0,0.111126065,0.0,0.0,LEFT,0.111126065
"('BOMBING', 'UP', 13, 'USELESS', 'UNNECESSARY', 'LEFT')",BOMBING,UP,13,USELESS,UNNECESSARY,LEFT,0.0,0.0,0.0,0.43007097,0.0,0.0,LEFT,0.43007097
"('ESCAPE', 'DOWN', 4, 'GOOD_LOW', 'UNSAFE', 'RIGHT')",ESCAPE,DOWN,4,GOOD_LOW,UNSAFE,RIGHT,0.0,0.0,0.0,-0.601,-0.27209133,0.0,UP,0.0
"('BOMBING', 'UP', 5, 'UNSAFE', 'UNNECESSARY', 'UP')",BOMBING,UP,5,UNSAFE,UNNECESSARY,UP,0.0,-0.101,0.027680863,-0.101,0.0,0.0,DOWN,0.027680863
"('BOMBING', 'UP', 5, 'UNSAFE', 'UNNECESSARY', 'RIGHT')",BOMBING,UP,5,UNSAFE,UNNECESSARY,RIGHT,0.11852276,0.0,0.0,0.0,0.0,0.0,UP,0.11852276
"('ESCAPE', 'RIGHT', 14, 'USELESS', 'UNSAFE', 'LEFT')",ESCAPE,RIGHT,14,USELESS,UNSAFE,LEFT,0.0,0.035260085,-0.00376001,0.0,0.0,0.0,RIGHT,0.035260085
"('COIN', 'RIGHT', 6, 'UNAVAILABLE', 'UNNECESSARY', 'DOWN')",COIN,RIGHT,6,UNAVAILABLE,UNNECESSARY,DOWN,-1.201,0.5545894,0.0,0.0,-0.051,0.0,RIGHT,0.5545894
"('COIN', 'DOWN', 1, 'UNSAFE', 'UNNECESSARY', 'UP')",COIN,DOWN,1,UNSAFE,UNNECESSARY,UP,0.0,0.0,-0.501,-0.060919814,0.0,-0.33235174,UP,0.0
"('ESCAPE', 'RIGHT', 10, 'GOOD_LOW', 'UNSAFE', 'WAIT')",ESCAPE,RIGHT,10,GOOD_LOW,UNSAFE,WAIT,0.0,-0.001,0.0,0.0,0.0,0.0,UP,0.0
"('BOMBING', 'LEFT', 2, 'ATTACK', 'UNNECESSARY', 'RIGHT')",BOMBING,LEFT,2,ATTACK,UNNECESSARY,RIGHT,-0.07365669,-0.08874099,-0.101,-0.501,-0.045714334,-0.22519329,WAIT,-0.045714334
"('COIN', 'RIGHT', 3, 'UNAVAILABLE', 'UNNECESSARY', 'RIGHT')",COIN,RIGHT,3,UNAVAILABLE,UNNECESSARY,RIGHT,0.0,0.5091813,0.0,0.0,0.0,0.0,RIGHT,0.5091813
"('ESCAPE', 'UP', 1, 'ATTACK', 'UNSAFE', 'UP')",ESCAPE,UP,1,ATTACK,UNSAFE,UP,0.0,0.0,0.0,-0.28641844,-0.501,-0.501,UP,0.0
"('ESCAPE', 'DOWN', 13, 'GOOD_LOW', 'UNNECESSARY', 'DOWN')",ESCAPE,DOWN,13,GOOD_LOW,UNNECESSARY,DOWN,0.0,0.0,0.0,0.0,0.0,0.15105648,BOMB,0.15105648
"('BOMBING', 'LEFT', 5, 'USELESS', 'UNNECESSARY', 'RIGHT')",BOMBING,LEFT,5,USELESS,UNNECESSARY,RIGHT,0.0,0.0,0.14993589,0.0,0.0,-0.049681284,DOWN,0.14993589
"('ESCAPE', 'UP', 15, 'GOOD_LOW', 'UNNECESSARY', 'RIGHT')",ESCAPE,UP,15,GOOD_LOW,UNNECESSARY,RIGHT,0.0,0.0,0.42226124,0.0,0.0,0.0,DOWN,0.42226124
"('ESCAPE', 'UP', 7, 'GOOD_LOW', 'UNSAFE', 'UP')",ESCAPE,UP,7,GOOD_LOW,UNSAFE,UP,0.06463523,-0.001,-0.0057884343,-0.501,-0.501,0.0,UP,0.06463523
"('NONE', 'NONE', 2, 'ATTACK', 'UNNECESSARY', 'RIGHT')",NONE,NONE,2,ATTACK,UNNECESSARY,RIGHT,-0.09895578,-0.17148131,-0.06448472,-0.501,-0.062072136,-0.11475968,WAIT,-0.062072136
"('ESCAPE', 'DOWN', 4, 'GOOD_LOW', 'UNSAFE', 'UP')",ESCAPE,DOWN,4,GOOD_LOW,UNSAFE,UP,-0.3699442,-0.601,-0.001,-0.35888958,-0.501,-0.501,DOWN,-0.001
"('BOMBING', 'RIGHT', 2, 'ATTACK', 'UNNECESSARY', 'RIGHT')",BOMBING,RIGHT,2,ATTACK,UNNECESSARY,RIGHT,0.0,-0.101,0.0,-0.501,-0.051,0.5173105,BOMB,0.5173105
"('BOMBING', 'RIGHT', 7, 'ATTACK', 'UNNECESSARY', 'RIGHT')",BOMBING,RIGHT,7,ATTACK,UNNECESSARY,RIGHT,0.035860248,0.0,0.0,0.0,0.0,0.0,UP,0.035860248
"('ESCAPE', 'RIGHT', 11, 'ATTACK', 'UNNECESSARY', 'UP')",ESCAPE,RIGHT,11,ATTACK,UNNECESSARY,UP,0.0,0.0,0.0,0.14547162,0.0,0.0,LEFT,0.14547162
"('BOMBING', 'UP', 5, 'GOOD_LOW', 'UNNECESSARY', 'BOMB')",BOMBING,UP,5,GOOD_LOW,UNNECESSARY,BOMB,0.0,0.0,0.0,0.0,-0.025607169,0.0,UP,0.0
"('ESCAPE', 'RIGHT', 3, 'UNAVAILABLE', 'UNNECESSARY', 'RIGHT')",ESCAPE,RIGHT,3,UNAVAILABLE,UNNECESSARY,RIGHT,0.0,0.0,0.0,0.0,-0.28338832,0.0,UP,0.0
"('ESCAPE', 'LEFT', 10, 'UNAVAILABLE', 'UNNECESSARY', 'WAIT')",ESCAPE,LEFT,10,UNAVAILABLE,UNNECESSARY,WAIT,0.0,-0.022016332,-0.023252798,0.08477036,-0.051,-0.0245656,LEFT,0.08477036
"('BOMBING', 'UP', 5, 'ATTACK', 'UNNECESSARY', 'RIGHT')",BOMBING,UP,5,ATTACK,UNNECESSARY,RIGHT,0.0,0.0,0.0,0.0,0.0,0.8169819,BOMB,0.8169819
"('ESCAPE', 'DOWN', 5, 'USELESS', 'UNNECESSARY', 'WAIT')",ESCAPE,DOWN,5,USELESS,UNNECESSARY,WAIT,0.0,-0.101,0.0,0.0,0.0,0.0,UP,0.0
"('ESCAPE', 'DOWN', 4, 'USELESS', 'UNSAFE', 'RIGHT')",ESCAPE,DOWN,4,USELESS,UNSAFE,RIGHT,0.0,-0.601,0.038556352,0.0,0.0,-0.651,DOWN,0.038556352
"('ESCAPE', 'UP', 15, 'GOOD_LOW', 'UNNECESSARY', 'DOWN')",ESCAPE,UP,15,GOOD_LOW,UNNECESSARY,DOWN,0.0,0.0,0.0,-0.001,0.0,0.6729944,BOMB,0.6729944
"('BOMBING', 'DOWN', 11, 'USELESS', 'UNNECESSARY', 'RIGHT')",BOMBING,DOWN,11,USELESS,UNNECESSARY,RIGHT,0.0,0.0,0.0,0.04510074,0.0,0.0,LEFT,0.04510074
"('ESCAPE', 'DOWN', 6, 'ATTACK', 'UNNECESSARY', 'UP')",ESCAPE,DOWN,6,ATTACK,UNNECESSARY,UP,0.0,0.0,0.0,0.0,-0.051,0.5516769,BOMB,0.5516769
"('ESCAPE', 'DOWN', 6, 'GOOD_HIGH', 'UNNECESSARY', 'WAIT')",ESCAPE,DOWN,6,GOOD_HIGH,UNNECESSARY,WAIT,0.0,0.0,0.0,-0.066322416,0.0,0.0,UP,0.0
"('ESCAPE', 'DOWN', 4, 'ATTACK', 'UNSAFE', 'RIGHT')",ESCAPE,DOWN,4,ATTACK,UNSAFE,RIGHT,0.0,0.0,0.0,-0.601,0.0,-0.44199628,UP,0.0
"('COIN', 'LEFT', 10, 'ATTACK', 'UNNECESSARY', 'UP')",COIN,LEFT,10,ATTACK,UNNECESSARY,UP,-0.101,0.0,0.0,0.0,0.0,0.47249985,BOMB,0.47249985
"('ESCAPE', 'RIGHT', 2, 'GOOD_LOW', 'UNNECESSARY', 'WAIT')",ESCAPE,RIGHT,2,GOOD_LOW,UNNECESSARY,WAIT,0.0,-0.001,0.0,-0.101,-0.051,0.39779258,BOMB,0.39779258
"('COIN', 'UP', 0, 'UNSAFE', 'NECESSARY', 'UP')",COIN,UP,0,UNSAFE,NECESSARY,UP,0.0,0.0,0.0,0.0,0.050689645,0.0,WAIT,0.050689645
"('COIN', 'UP', 1, 'USELESS', 'UNNECESSARY', 'DOWN')",COIN,UP,1,USELESS,UNNECESSARY,DOWN,0.03626415,-0.05143421,-0.501,-0.0996586,-0.051,-0.014501514,UP,0.03626415
"('COIN', 'RIGHT', 11, 'UNAVAILABLE', 'UNNECESSARY', 'WAIT')",COIN,RIGHT,11,UNAVAILABLE,UNNECESSARY,WAIT,0.0,0.0,0.0,0.12254204,0.0,0.0,LEFT,0.12254204
"('BOMBING', 'RIGHT', 5, 'UNAVAILABLE', 'UNNECESSARY', 'LEFT')",BOMBING,RIGHT,5,UNAVAILABLE,UNNECESSARY,LEFT,0.6996733,-1.201,0.0,-0.056199692,0.0,0.0,UP,0.6996733
"('COIN', 'LEFT', 0, 'UNSAFE', 'NECESSARY', 'UP')",COIN,LEFT,0,UNSAFE,NECESSARY,UP,0.0,0.0,0.0,-0.501,0.0,0.0,UP,0.0
"('COIN', 'DOWN', 5, 'USELESS', 'UNNECESSARY', 'BOMB')",COIN,DOWN,5,USELESS,UNNECESSARY,BOMB,0.16088466,0.0,0.0,0.0,0.0,0.0,UP,0.16088466
"('BOMBING', 'HERE', 3, 'GOOD_HIGH', 'UNNECESSARY', 'RIGHT')",BOMBING,HERE,3,GOOD_HIGH,UNNECESSARY,RIGHT,0.0,0.16710067,0.0,0.0,0.0,0.0,RIGHT,0.16710067
"('BOMBING', 'RIGHT', 8, 'UNSAFE', 'UNNECESSARY', 'LEFT')",BOMBING,RIGHT,8,UNSAFE,UNNECESSARY,LEFT,-0.060909353,0.0,-0.069148004,0.0,-0.032711692,0.0,RIGHT,0.0
"('ESCAPE', 'UP', 1, 'ATTACK', 'UNSAFE', 'WAIT')",ESCAPE,UP,1,ATTACK,UNSAFE,WAIT,0.07293124,-0.32098606,-0.25450867,-0.26567987,-0.23644206,-0.31454217,UP,0.07293124
"('BOMBING', 'HERE', 3, 'GOOD_HIGH', 'UNNECESSARY', 'UP')",BOMBING,HERE,3,GOOD_HIGH,UNNECESSARY,UP,0.0,0.28434554,0.0,0.0,0.0,0.0,RIGHT,0.28434554
"('ESCAPE', 'DOWN', 12, 'UNSAFE', 'UNNECESSARY', 'RIGHT')",ESCAPE,DOWN,12,UNSAFE,UNNECESSARY,RIGHT,0.0,-0.101,0.0,0.0,0.0,0.0,UP,0.0
"('ESCAPE', 'DOWN', 4, 'UNSAFE', 'UNNECESSARY', 'RIGHT')",ESCAPE,DOWN,4,UNSAFE,UNNECESSARY,RIGHT,0.0,0.0,0.0,-0.17850976,0.0,0.0,UP,0.0
"('ESCAPE', 'UP', 7, 'GOOD_HIGH', 'UNSAFE', 'DOWN')",ESCAPE,UP,7,GOOD_HIGH,UNSAFE,DOWN,0.0,0.0,-0.001,0.0,-0.501,0.0,UP,0.0
"('NONE', 'NONE', 9, 'ATTACK', 'UNNECESSARY', 'LEFT')",NONE,NONE,9,ATTACK,UNNECESSARY,LEFT,0.0,0.0,0.0,0.0,-0.011676308,0.0,UP,0.0
"('ESCAPE', 'LEFT', 10, 'GOOD_HIGH', 'UNNECESSARY', 'LEFT')",ESCAPE,LEFT,10,GOOD_HIGH,UNNECESSARY,LEFT,0.0,0.0,-0.101,0.17961901,-0.051,-0.2265732,LEFT,0.17961901
"('ESCAPE', 'LEFT', 8, 'UNSAFE', 'UNNECESSARY', 'WAIT')",ESCAPE,LEFT,8,UNSAFE,UNNECESSARY,WAIT,0.0,-0.14916705,0.0,0.0,0.0,0.0,UP,0.0
"('BOMBING', 'HERE', 2, 'ATTACK', 'UNNECESSARY', 'RIGHT')",BOMBING,HERE,2,ATTACK,UNNECESSARY,RIGHT,0.0,0.16905089,0.0,0.0,0.0,0.0,RIGHT,0.16905089
"('COIN', 'DOWN', 11, 'USELESS', 'UNNECESSARY', 'UP')",COIN,DOWN,11,USELESS,UNNECESSARY,UP,0.0,0.0,0.0,0.6306294,0.0,0.0,LEFT,0.6306294
"('ESCAPE', 'LEFT', 10, 'GOOD_LOW', 'UNNECESSARY', 'LEFT')",ESCAPE,LEFT,10,GOOD_LOW,UNNECESSARY,LEFT,0.0,0.0,0.0,0.16477112,0.0,0.0,LEFT,0.16477112
"('COIN', 'RIGHT', 5, 'GOOD_HIGH', 'UNNECESSARY', 'DOWN')",COIN,RIGHT,5,GOOD_HIGH,UNNECESSARY,DOWN,0.0,0.0,0.18983309,0.0,0.0,0.0,DOWN,0.18983309
"('ESCAPE', 'UP', 1, 'USELESS', 'UNSAFE', 'BOMB')",ESCAPE,UP,1,USELESS,UNSAFE,BOMB,0.0,0.0,0.0,0.0,0.0,-0.653406,UP,0.0
"('ESCAPE', 'RIGHT', 15, 'USELESS', 'UNNECESSARY', 'LEFT')",ESCAPE,RIGHT,15,USELESS,UNNECESSARY,LEFT,0.0,0.0,0.12050489,0.0,0.0,0.0,DOWN,0.12050489
"('BOMBING', 'LEFT', 11, 'USELESS', 'UNNECESSARY', 'RIGHT')",BOMBING,LEFT,11,USELESS,UNNECESSARY,RIGHT,0.0,0.39216092,-0.08180812,0.0,-0.051,0.0,RIGHT,0.39216092
"('ESCAPE', 'UP', 11, 'GOOD_HIGH', 'UNSAFE', 'RIGHT')",ESCAPE,UP,11,GOOD_HIGH,UNSAFE,RIGHT,0.0,0.0,0.0,0.0,0.0,-0.501,UP,0.0
"('COIN', 'UP', 0, 'UNAVAILABLE', 'NECESSARY', 'UP')",COIN,UP,0,UNAVAILABLE,NECESSARY,UP,-0.501,-0.013442532,0.0,-0.078768656,0.0,-0.040555235,DOWN,0.0
"('ESCAPE', 'UP', 13, 'ATTACK', 'UNSAFE', 'LEFT')",ESCAPE,UP,13,ATTACK,UNSAFE,LEFT,0.14893876,0.0,0.0,0.0,0.0,0.0,UP,0.14893876
"('COIN', 'UP', 1, 'GOOD_HIGH', 'UNNECESSARY', 'UP')",COIN,UP,1,GOOD_HIGH,UNNECESSARY,UP,0.0,-0.09109648,-0.501,-0.101,-0.021545231,0.0,UP,0.0
"('BOMBING', 'DOWN', 14, 'ATTACK', 'UNNECESSARY', 'BOMB')",BOMBING,DOWN,14,ATTACK,UNNECESSARY,BOMB,0.0,0.0,0.0,0.0,0.0,0.157591,BOMB,0.157591
"('BOMBING', 'LEFT', 14, 'ATTACK', 'UNNECESSARY', 'RIGHT')",BOMBING,LEFT,14,ATTACK,UNNECESSARY,RIGHT,0.0,0.26967362,0.0,0.0,-0.0418822,0.0,RIGHT,0.26967362
"('BOMBING', 'UP', 7, 'USELESS', 'UNNECESSARY', 'DOWN')",BOMBING,UP,7,USELESS,UNNECESSARY,DOWN,0.0,0.0,0.44313022,-0.019235931,0.0,0.0,DOWN,0.44313022
"('ESCAPE', 'DOWN', 5, 'GOOD_HIGH', 'UNNECESSARY', 'UP')",ESCAPE,DOWN,5,GOOD_HIGH,UNNECESSARY,UP,0.0,0.0,0.26413435,0.0,0.0,0.0,DOWN,0.26413435
"('BOMBING', 'UP', 1, 'GOOD_HIGH', 'UNNECESSARY', 'UP')",BOMBING,UP,1,GOOD_HIGH,UNNECESSARY,UP,0.085870385,-0.09971746,-0.501,-0.09166814,0.0,0.0,UP,0.085870385
"('NONE', 'NONE', 10, 'UNSAFE', 'UNNECESSARY', 'RIGHT')",NONE,NONE,10,UNSAFE,UNNECESSARY,RIGHT,-0.101,-0.019062601,0.0,-0.064518675,-0.051,-0.34299326,DOWN,0.0
"('COIN', 'RIGHT', 8, 'GOOD_LOW', 'UNNECESSARY', 'LEFT')",COIN,RIGHT,8,GOOD_LOW,UNNECESSARY,LEFT,-0.101,-0.501,-0.09841489,0.22580466,-0.039035242,0.0,LEFT,0.22580466
"('COIN', 'RIGHT', 13, 'UNAVAILABLE', 'UNNECESSARY', 'RIGHT')",COIN,RIGHT,13,UNAVAILABLE,UNNECESSARY,RIGHT,0.08345306,0.0,0.0,0.0,0.0,0.0,UP,0.08345306
"('ESCAPE', 'UP', 9, 'UNAVAILABLE', 'UNNECESSARY', 'UP')",ESCAPE,UP,9,UNAVAILABLE,UNNECESSARY,UP,1.228834,0.0,0.0,0.0,-0.036905073,0.0,UP,1.228834
"('ESCAPE', 'RIGHT', 6, 'GOOD_HIGH', 'UNSAFE', 'RIGHT')",ESCAPE,RIGHT,6,GOOD_HIGH,UNSAFE,RIGHT,0.0,0.0,0.03478761,-0.501,-0.501,0.0,DOWN,0.03478761
"('COIN', 'RIGHT', 3, 'ATTACK', 'UNNECESSARY', 'DOWN')",COIN,RIGHT,3,ATTACK,UNNECESSARY,DOWN,0.0,0.81863225,-0.058907248,0.0,-0.051,0.0,RIGHT,0.81863225
"('COIN', 'RIGHT', 3, 'GOOD_HIGH', 'UNNECESSARY', 'WAIT')",COIN,RIGHT,3,GOOD_HIGH,UNNECESSARY,WAIT,0.0,0.310722,0.0,0.0,0.0,0.0,RIGHT,0.310722
"('BOMBING', 'UP', 3, 'UNSAFE', 'UNNECESSARY', 'WAIT')",BOMBING,UP,3,UNSAFE,UNNECESSARY,WAIT,0.0,0.17862837,0.0,0.0,0.0,0.0,RIGHT,0.17862837
"('ESCAPE', 'UP', 9, 'GOOD_HIGH', 'UNSAFE', 'DOWN')",ESCAPE,UP,9,GOOD_HIGH,UNSAFE,DOWN,0.0,0.0,-0.601,0.0,0.0,0.0,UP,0.0
"('ESCAPE', 'LEFT', 10, 'GOOD_LOW', 'UNNECESSARY', 'RIGHT')",ESCAPE,LEFT,10,GOOD_LOW,UNNECESSARY,RIGHT,-0.101,-0.001,-0.101,-0.001,-0.051,0.81738764,BOMB,0.81738764
"('ESCAPE', 'LEFT', 10, 'GOOD_LOW', 'UNNECESSARY', 'UP')",ESCAPE,LEFT,10,GOOD_LOW,UNNECESSARY,UP,-0.101,0.0,0.0,0.0,0.0,0.0,RIGHT,0.0
"('ESCAPE', 'LEFT', 8, 'GOOD_LOW', 'UNSAFE', 'UP')",ESCAPE,LEFT,8,GOOD_LOW,UNSAFE,UP,0.0,-0.601,0.0,0.0,0.0,-0.501,UP,0.0
"('COIN', 'LEFT', 7, 'USELESS', 'UNNECESSARY', 'LEFT')",COIN,LEFT,7,USELESS,UNNECESSARY,LEFT,0.0,0.09085759,0.0,0.0,0.0,0.0,RIGHT,0.09085759
"('ESCAPE', 'DOWN', 14, 'ATTACK', 'UNNECESSARY', 'RIGHT')",ESCAPE,DOWN,14,ATTACK,UNNECESSARY,RIGHT,0.0,0.0,0.23152448,0.0,0.0,0.0,DOWN,0.23152448
"('COIN', 'LEFT', 7, 'GOOD_LOW', 'UNNECESSARY', 'LEFT')",COIN,LEFT,7,GOOD_LOW,UNNECESSARY,LEFT,0.0,0.0,0.0,0.0,0.0,0.080863014,BOMB,0.080863014
"('COIN', 'UP', 9, 'GOOD_LOW', 'UNNECESSARY', 'DOWN')",COIN,UP,9,GOOD_LOW,UNNECESSARY,DOWN,0.0,0.0,-0.101,0.0,0.0,0.48362383,BOMB,0.48362383
"('ESCAPE', 'RIGHT', 15, 'GOOD_LOW', 'UNNECESSARY', 'DOWN')",ESCAPE,RIGHT,15,GOOD_LOW,UNNECESSARY,DOWN,-0.002331588,0.0,0.0,0.18548614,0.0,0.0,LEFT,0.18548614
"('COIN', 'UP', 14, 'GOOD_HIGH', 'UNNECESSARY', 'DOWN')",COIN,UP,14,GOOD_HIGH,UNNECESSARY,DOWN,0.0,0.07109414,0.0,0.0,0.0,0.0,RIGHT,0.07109414
"('BOMBING', 'UP', 13, 'UNAVAILABLE', 'UNNECESSARY', 'WAIT')",BOMBING,UP,13,UNAVAILABLE,UNNECESSARY,WAIT,0.0,0.0,0.055087127,0.0,0.0,0.0,DOWN,0.055087127
"('ESCAPE', 'UP', 11, 'GOOD_LOW', 'UNSAFE', 'LEFT')",ESCAPE,UP,11,GOOD_LOW,UNSAFE,LEFT,0.0,0.0,-0.301,0.0,0.0,-0.501,UP,0.0
"('ESCAPE', 'RIGHT', 2, 'USELESS', 'UNNECESSARY', 'LEFT')",ESCAPE,RIGHT,2,USELESS,UNNECESSARY,LEFT,0.0,-0.3732472,-0.101,-0.101171,-0.051,0.0,UP,0.0
"('BOMBING', 'UP', 15, 'GOOD_HIGH', 'UNNECESSARY', 'DOWN')",BOMBING,UP,15,GOOD_HIGH,UNNECESSARY,DOWN,0.0,0.0,0.0,0.42719513,0.0,0.0,LEFT,0.42719513
"('COIN', 'UP', 10, 'GOOD_HIGH', 'UNNECESSARY', 'RIGHT')",COIN,UP,10,GOOD_HIGH,UNNECESSARY,RIGHT,0.0,0.0,-0.046881046,0.0,0.0,0.121953495,BOMB,0.121953495
"('COIN', 'DOWN', 1, 'USELESS', 'UNNECESSARY', 'WAIT')",COIN,DOWN,1,USELESS,UNNECESSARY,WAIT,0.26689494,0.0,0.0,0.0,0.0,0.0,UP,0.26689494
"('ESCAPE', 'DOWN', 4, 'ATTACK', 'UNSAFE', 'LEFT')",ESCAPE,DOWN,4,ATTACK,UNSAFE,LEFT,-0.601,-0.25542495,-0.001,-0.41544533,-0.501,-0.501,DOWN,-0.001
"('BOMBING', 'RIGHT', 8, 'GOOD_LOW', 'UNNECESSARY', 'DOWN')",BOMBING,RIGHT,8,GOOD_LOW,UNNECESSARY,DOWN,-0.09243825,0.0,0.0,0.0,0.0,0.0,RIGHT,0.0
"('NONE', 'NONE', 4, 'UNSAFE', 'UNNECESSARY', 'DOWN')",NONE,NONE,4,UNSAFE,UNNECESSARY,DOWN,-0.501,-0.1012439,-0.037611023,0.0,-0.052457206,-0.7934861,LEFT,0.0
"('BOMBING', 'RIGHT', 8, 'ATTACK', 'UNNECESSARY', 'LEFT')",BOMBING,RIGHT,8,ATTACK,UNNECESSARY,LEFT,0.0,0.0,0.0,0.2882727,0.0,0.0,LEFT,0.2882727
"('ESCAPE', 'UP', 13, 'GOOD_HIGH', 'UNNECESSARY', 'DOWN')",ESCAPE,UP,13,GOOD_HIGH,UNNECESSARY,DOWN,0.25600868,0.0,0.0,-0.001,0.0,0.0,UP,0.25600868
"('BOMBING', 'HERE', 8, 'GOOD_HIGH', 'UNNECESSARY', 'LEFT')",BOMBING,HERE,8,GOOD_HIGH,UNNECESSARY,LEFT,0.0,0.0,0.0,0.27343324,0.0,0.0,LEFT,0.27343324
"('BOMBING', 'LEFT', 12, 'ATTACK', 'UNNECESSARY', 'RIGHT')",BOMBING,LEFT,12,ATTACK,UNNECESSARY,RIGHT,0.0,0.0,0.0,0.17297544,-0.051,0.0,LEFT,0.17297544
"('ESCAPE', 'UP', 7, 'USELESS', 'UNNECESSARY', 'UP')",ESCAPE,UP,7,USELESS,UNNECESSARY,UP,0.228605,0.0062546856,0.0,0.0,0.0,0.0,UP,0.228605
"('BOMBING', 'LEFT', 2, 'GOOD_LOW', 'UNNECESSARY', 'WAIT')",BOMBING,LEFT,2,GOOD_LOW,UNNECESSARY,WAIT,0.0,0.086524054,0.0,-0.501,0.0,0.0,RIGHT,0.086524054
"('ESCAPE', 'UP', 5, 'GOOD_LOW', 'UNSAFE', 'LEFT')",ESCAPE,UP,5,GOOD_LOW,UNSAFE,LEFT,0.18847775,-0.501,-0.006461621,-0.601,-0.501,-0.501,UP,0.18847775
"('ESCAPE', 'DOWN', 12, 'ATTACK', 'UNNECESSARY', 'RIGHT')",ESCAPE,DOWN,12,ATTACK,UNNECESSARY,RIGHT,-0.1231939,-0.09054608,0.0,0.0,0.0,0.80829763,BOMB,0.80829763
"('ESCAPE', 'UP', 3, 'GOOD_HIGH', 'UNNECESSARY', 'LEFT')",ESCAPE,UP,3,GOOD_HIGH,UNNECESSARY,LEFT,0.0,0.2555251,0.0,-0.101,0.0,-0.001,RIGHT,0.2555251
"('ESCAPE', 'RIGHT', 6, 'UNAVAILABLE', 'UNNECESSARY', 'UP')",ESCAPE,RIGHT,6,UNAVAILABLE,UNNECESSARY,UP,0.0,0.24810788,0.0,0.0,0.0,-0.07327963,RIGHT,0.24810788
"('BOMBING', 'RIGHT', 2, 'GOOD_LOW', 'UNNECESSARY', 'RIGHT')",BOMBING,RIGHT,2,GOOD_LOW,UNNECESSARY,RIGHT,0.0,0.18775952,0.0,0.0,0.0,0.0,RIGHT,0.18775952
"('ESCAPE', 'UP', 7, 'USELESS', 'UNSAFE', 'LEFT')",ESCAPE,UP,7,USELESS,UNSAFE,LEFT,0.39733666,0.0,0.0,0.0,0.0,0.0,UP,0.39733666
"('BOMBING', 'UP', 4, 'GOOD_HIGH', 'UNNECESSARY', 'DOWN')",BOMBING,UP,4,GOOD_HIGH,UNNECESSARY,DOWN,0.0,-0.06798269,0.0,0.0,0.0,0.42230046,BOMB,0.42230046
"('NONE', 'NONE', 2, 'UNSAFE', 'UNNECESSARY', 'WAIT')",NONE,NONE,2,UNSAFE,UNNECESSARY,WAIT,0.0,-0.0055899997,0.0,0.0,0.0,0.0,UP,0.0
"('COIN', 'DOWN', 6, 'ATTACK', 'UNNECESSARY', 'UP')",COIN,DOWN,6,ATTACK,UNNECESSARY,UP,0.0,0.0,0.0,-0.030407507,0.0,0.37227386,BOMB,0.37227386
"('COIN', 'LEFT', 12, 'GOOD_HIGH', 'UNNECESSARY', 'BOMB')",COIN,LEFT,12,GOOD_HIGH,UNNECESSARY,BOMB,0.0392976,0.0,0.0,0.0,0.0,0.0,UP,0.0392976
"('BOMBING', 'HERE', 1, 'GOOD_HIGH', 'UNNECESSARY', 'UP')",BOMBING,HERE,1,GOOD_HIGH,UNNECESSARY,UP,0.0,-0.101,-0.501,-0.07879443,0.0,0.0,UP,0.0
"('BOMBING', 'HERE', 1, 'ATTACK', 'UNNECESSARY', 'RIGHT')",BOMBING,HERE,1,ATTACK,UNNECESSARY,RIGHT,0.0,-0.101,0.0,0.0,0.0,0.0,UP,0.0
"('BOMBING', 'RIGHT', 6, 'UNAVAILABLE', 'UNNECESSARY', 'RIGHT')",BOMBING,RIGHT,6,UNAVAILABLE,UNNECESSARY,RIGHT,0.0,0.0,0.4762386,0.0,0.0,0.0,DOWN,0.4762386
"('ESCAPE', 'RIGHT', 2, 'ATTACK', 'UNSAFE', 'RIGHT')",ESCAPE,RIGHT,2,ATTACK,UNSAFE,RIGHT,-0.601,0.0,0.0,-0.0007281063,-0.501,-0.501,RIGHT,0.0
"('ESCAPE', 'DOWN', 12, 'USELESS', 'UNSAFE', 'LEFT')",ESCAPE,DOWN,12,USELESS,UNSAFE,LEFT,0.0,-0.501,0.0,0.06323496,-0.501,0.0,LEFT,0.06323496
"('COIN', 'LEFT', 12, 'UNAVAILABLE', 'UNNECESSARY', 'LEFT')",COIN,LEFT,12,UNAVAILABLE,UNNECESSARY,LEFT,0.0,0.0,0.0,0.88359606,0.0,0.0,LEFT,0.88359606
"('BOMBING', 'DOWN', 0, 'UNSAFE', 'NECESSARY', 'UP')",BOMBING,DOWN,0,UNSAFE,NECESSARY,UP,-0.5735623,-0.13832968,-0.501,-0.15872855,0.16546877,-0.39299428,WAIT,0.16546877
"('BOMBING', 'UP', 11, 'GOOD_LOW', 'UNNECESSARY', 'BOMB')",BOMBING,UP,11,GOOD_LOW,UNNECESSARY,BOMB,0.0,0.0,0.0,0.15214992,0.0,0.0,LEFT,0.15214992
"('ESCAPE', 'UP', 7, 'UNAVAILABLE', 'UNSAFE', 'UP')",ESCAPE,UP,7,UNAVAILABLE,UNSAFE,UP,0.15080477,0.0,0.0,0.0,0.0,0.0,UP,0.15080477
"('ESCAPE', 'RIGHT', 2, 'GOOD_HIGH', 'UNSAFE', 'LEFT')",ESCAPE,RIGHT,2,GOOD_HIGH,UNSAFE,LEFT,0.0,-0.001,-0.601,-0.601,-0.501,-0.501,UP,0.0
"('ESCAPE', 'UP', 9, 'GOOD_HIGH', 'UNNECESSARY', 'RIGHT')",ESCAPE,UP,9,GOOD_HIGH,UNNECESSARY,RIGHT,0.0,0.0,0.0,0.053141825,0.0,0.0,LEFT,0.053141825
"('COIN', 'DOWN', 3, 'UNAVAILABLE', 'UNNECESSARY', 'DOWN')",COIN,DOWN,3,UNAVAILABLE,UNNECESSARY,DOWN,0.0,0.0,-0.501,0.0,0.0,0.0,UP,0.0
"('BOMBING', 'HERE', 1, 'GOOD_LOW', 'UNNECESSARY', 'DOWN')",BOMBING,HERE,1,GOOD_LOW,UNNECESSARY,DOWN,0.0,0.0,0.0,-0.101,0.0,0.35389596,BOMB,0.35389596
"('BOMBING', 'HERE', 1, 'GOOD_LOW', 'UNNECESSARY', 'LEFT')",BOMBING,HERE,1,GOOD_LOW,UNNECESSARY,LEFT,0.0,0.0,-0.101,0.0,0.0,0.0,UP,0.0
"('COIN', 'UP', 14, 'GOOD_LOW', 'UNNECESSARY', 'LEFT')",COIN,UP,14,GOOD_LOW,UNNECESSARY,LEFT,0.0,0.0,0.0,0.089201786,0.0,0.0,LEFT,0.089201786
"('ESCAPE', 'LEFT', 12, 'GOOD_HIGH', 'UNNECESSARY', 'RIGHT')",ESCAPE,LEFT,12,GOOD_HIGH,UNNECESSARY,RIGHT,-0.101,0.0,0.0,0.0,-0.051,0.43239868,BOMB,0.43239868
"('COIN', 'UP', 1, 'ATTACK', 'UNNECESSARY', 'RIGHT')",COIN,UP,1,ATTACK,UNNECESSARY,RIGHT,0.0,0.0,0.09928266,0.0,0.0,0.0,DOWN,0.09928266
"('BOMBING', 'LEFT', 6, 'UNAVAILABLE', 'UNNECESSARY', 'RIGHT')",BOMBING,LEFT,6,UNAVAILABLE,UNNECESSARY,RIGHT,-0.030540869,0.0,0.0,0.0,-0.04396828,-0.08108897,RIGHT,0.0
"('ESCAPE', 'LEFT', 12, 'UNAVAILABLE', 'UNNECESSARY', 'LEFT')",ESCAPE,LEFT,12,UNAVAILABLE,UNNECESSARY,LEFT,0.0,0.0,0.0,0.0,0.07029518,-0.50187945,WAIT,0.07029518
"('BOMBING', 'DOWN', 4, 'USELESS', 'UNNECESSARY', 'BOMB')",BOMBING,DOWN,4,USELESS,UNNECESSARY,BOMB,0.0,-0.06293991,0.0,0.0,0.0,0.0,UP,0.0
"('BOMBING', 'RIGHT', 13, 'USELESS', 'UNNECESSARY', 'LEFT')",BOMBING,RIGHT,13,USELESS,UNNECESSARY,LEFT,0.29447523,0.0,0.0,0.0,0.0,0.0,UP,0.29447523
"('COIN', 'UP', 0, 'UNSAFE', 'NECESSARY', 'WAIT')",COIN,UP,0,UNSAFE,NECESSARY,WAIT,0.0,0.0,0.0,0.0,0.020168371,0.0,WAIT,0.020168371
"('ESCAPE', 'RIGHT', 6, 'GOOD_HIGH', 'UNNECESSARY', 'UP')",ESCAPE,RIGHT,6,GOOD_HIGH,UNNECESSARY,UP,0.0,0.0,0.0,0.0,0.0,0.1297272,BOMB,0.1297272
"('ESCAPE', 'LEFT', 10, 'GOOD_HIGH', 'UNNECESSARY', 'RIGHT')",ESCAPE,LEFT,10,GOOD_HIGH,UNNECESSARY,RIGHT,-0.101,0.17165437,0.0,0.0,0.0,0.0,RIGHT,0.17165437
"('ESCAPE', 'LEFT', 8, 'GOOD_HIGH', 'UNSAFE', 'UP')",ESCAPE,LEFT,8,GOOD_HIGH,UNSAFE,UP,0.0,0.0,0.0,-0.001,0.0,0.0,UP,0.0
"('COIN', 'RIGHT', 5, 'GOOD_HIGH', 'UNNECESSARY', 'LEFT')",COIN,RIGHT,5,GOOD_HIGH,UNNECESSARY,LEFT,0.0,0.0,0.05275922,0.0,0.0,0.0,DOWN,0.05275922
"('NONE', 'NONE', 5, 'UNSAFE', 'UNNECESSARY', 'UP')",NONE,NONE,5,UNSAFE,UNNECESSARY,UP,0.013344903,0.0,-0.026,-0.101,-0.051,-0.909748,UP,0.013344903
"('BOMBING', 'DOWN', 5, 'UNSAFE', 'UNNECESSARY', 'LEFT')",BOMBING,DOWN,5,UNSAFE,UNNECESSARY,LEFT,0.0,0.0,0.0,-0.101,0.0,-0.96954894,UP,0.0
"('COIN', 'RIGHT', 8, 'GOOD_HIGH', 'UNNECESSARY', 'LEFT')",COIN,RIGHT,8,GOOD_HIGH,UNNECESSARY,LEFT,0.0,0.0,-0.079507686,0.16184956,0.0,0.0,LEFT,0.16184956
"('ESCAPE', 'UP', 13, 'GOOD_LOW', 'UNSAFE', 'DOWN')",ESCAPE,UP,13,GOOD_LOW,UNSAFE,DOWN,0.0,0.0,0.0,0.0,-0.501,-0.501,UP,0.0
"('BOMBING', 'HERE', 10, 'ATTACK', 'UNNECESSARY', 'WAIT')",BOMBING,HERE,10,ATTACK,UNNECESSARY,WAIT,-0.101,0.0,0.0,0.0,0.0,-0.3405233,RIGHT,0.0
"('ESCAPE', 'LEFT', 10, 'UNAVAILABLE', 'UNNECESSARY', 'UP')",ESCAPE,LEFT,10,UNAVAILABLE,UNNECESSARY,UP,0.0,0.0,0.0,0.0,-0.047409408,0.0,UP,0.0
"('COIN', 'LEFT', 5, 'GOOD_HIGH', 'UNNECESSARY', 'DOWN')",COIN,LEFT,5,GOOD_HIGH,UNNECESSARY,DOWN,0.0,0.0,0.0,0.0,-0.04239443,0.0,UP,0.0
"('ESCAPE', 'UP', 9, 'GOOD_LOW', 'UNNECESSARY', 'LEFT')",ESCAPE,UP,9,GOOD_LOW,UNNECESSARY,LEFT,0.0,-0.17944035,0.0,0.0,0.0,0.0,UP,0.0
"('ESCAPE', 'UP', 11, 'GOOD_HIGH', 'UNNECESSARY', 'RIGHT')",ESCAPE,UP,11,GOOD_HIGH,UNNECESSARY,RIGHT,0.0,-0.001,0.0,0.0,0.0,0.29076573,BOMB,0.29076573
"('ESCAPE', 'UP', 13, 'USELESS', 'UNSAFE', 'RIGHT')",ESCAPE,UP,13,USELESS,UNSAFE,RIGHT,0.063480005,0.0,0.0,0.0,-0.501,0.0,UP,0.063480005
"('ESCAPE', 'DOWN', 7, 'UNAVAILABLE', 'UNNECESSARY', 'RIGHT')",ESCAPE,DOWN,7,UNAVAILABLE,UNNECESSARY,RIGHT,0.0,0.0,0.0,0.0,0.073776916,0.0,WAIT,0.073776916
"('BOMBING', 'RIGHT', 0, 'UNAVAILABLE', 'NECESSARY', 'BOMB')",BOMBING,RIGHT,0,UNAVAILABLE,NECESSARY,BOMB,-0.012801296,0.0,-0.016634779,-1.201,0.3689954,-0.048240505,WAIT,0.3689954
"('BOMBING', 'DOWN', 1, 'USELESS', 'UNNECESSARY', 'RIGHT')",BOMBING,DOWN,1,USELESS,UNNECESSARY,RIGHT,0.0,0.0,0.0,0.0,0.0,-0.05008047,UP,0.0
"('BOMBING', 'LEFT', 2, 'UNSAFE', 'UNNECESSARY', 'WAIT')",BOMBING,LEFT,2,UNSAFE,UNNECESSARY,WAIT,0.0,0.0,-0.053473487,0.0,0.0,0.0,UP,0.0
"('ESCAPE', 'UP', 11, 'GOOD_LOW', 'UNNECESSARY', 'DOWN')",ESCAPE,UP,11,GOOD_LOW,UNNECESSARY,DOWN,0.0,-0.001,-0.16492394,0.048338976,0.0,0.0,LEFT,0.048338976
"('BOMBING', 'UP', 14, 'GOOD_LOW', 'UNNECESSARY', 'UP')",BOMBING,UP,14,GOOD_LOW,UNNECESSARY,UP,-0.501,0.0,0.0,0.0,-0.04885652,0.0,RIGHT,0.0
"('ESCAPE', 'UP', 3, 'GOOD_LOW', 'UNSAFE', 'UP')",ESCAPE,UP,3,GOOD_LOW,UNSAFE,UP,0.0,0.0,0.0,-0.601,0.0,0.0,UP,0.0
"('NONE', 'NONE', 9, 'USELESS', 'UNNECESSARY', 'UP')",NONE,NONE,9,USELESS,UNNECESSARY,UP,0.0,0.0,-0.501,0.0,-0.040935118,-0.022565382,UP,0.0
"('NONE', 'NONE', 2, 'UNSAFE', 'UNNECESSARY', 'UP')",NONE,NONE,2,UNSAFE,UNNECESSARY,UP,0.0,0.0,0.0,-0.11009,-0.33232588,0.0,UP,0.0
"('BOMBING', 'RIGHT', 2, 'UNSAFE', 'UNNECESSARY', 'WAIT')",BOMBING,RIGHT,2,UNSAFE,UNNECESSARY,WAIT,-0.08939411,0.0,0.0,0.0,0.0,-0.2807073,RIGHT,0.0
"('COIN', 'UP', 1, 'UNSAFE', 'UNNECESSARY', 'DOWN')",COIN,UP,1,UNSAFE,UNNECESSARY,DOWN,0.10164091,0.0,-0.016769646,0.0,0.0,0.0,UP,0.10164091
"('ESCAPE', 'RIGHT', 11, 'GOOD_HIGH', 'UNNECESSARY', 'DOWN')",ESCAPE,RIGHT,11,GOOD_HIGH,UNNECESSARY,DOWN,0.0,0.0,0.0,0.0,0.0,0.4112864,BOMB,0.4112864
"('BOMBING', 'UP', 9, 'ATTACK', 'UNNECESSARY', 'RIGHT')",BOMBING,UP,9,ATTACK,UNNECESSARY,RIGHT,0.0,0.0,0.0,0.46774375,0.0,0.0,LEFT,0.46774375
"('COIN', 'DOWN', 4, 'UNSAFE', 'UNNECESSARY', 'RIGHT')",COIN,DOWN,4,UNSAFE,UNNECESSARY,RIGHT,-0.22848651,0.0,0.0,0.0,0.0,0.0,RIGHT,0.0
"('COIN', 'UP', 10, 'USELESS', 'UNNECESSARY', 'LEFT')",COIN,UP,10,USELESS,UNNECESSARY,LEFT,0.0,0.0,0.0,0.44537854,0.0,0.0,LEFT,0.44537854
"('BOMBING', 'UP', 13, 'GOOD_LOW', 'UNNECESSARY', 'DOWN')",BOMBING,UP,13,GOOD_LOW,UNNECESSARY,DOWN,0.3059064,0.0,0.0,0.0,0.0,0.0,UP,0.3059064
"('ESCAPE', 'UP', 3, 'ATTACK', 'UNNECESSARY', 'RIGHT')",ESCAPE,UP,3,ATTACK,UNNECESSARY,RIGHT,0.0,-0.008548846,0.0,-0.101,0.0,0.16031432,BOMB,0.16031432
"('ESCAPE', 'UP', 3, 'ATTACK', 'UNSAFE', 'LEFT')",ESCAPE,UP,3,ATTACK,UNSAFE,LEFT,0.0,0.0,0.0,0.0,0.0,-0.501,UP,0.0
"('BOMBING', 'UP', 11, 'UNSAFE', 'UNNECESSARY', 'RIGHT')",BOMBING,UP,11,UNSAFE,UNNECESSARY,RIGHT,0.0,-0.011,0.0,0.0,0.0,0.0,UP,0.0
"('BOMBING', 'RIGHT', 8, 'ATTACK', 'UNNECESSARY', 'RIGHT')",BOMBING,RIGHT,8,ATTACK,UNNECESSARY,RIGHT,-0.06945185,0.0,0.0,-0.043505877,-0.028755292,-0.30844742,RIGHT,0.0
"('NONE', 'NONE', 3, 'UNAVAILABLE', 'UNNECESSARY', 'UP')",NONE,NONE,3,UNAVAILABLE,UNNECESSARY,UP,0.0,0.03683297,0.0,0.0,0.0,0.0,RIGHT,0.03683297
"('ESCAPE', 'UP', 1, 'ATTACK', 'UNSAFE', 'RIGHT')",ESCAPE,UP,1,ATTACK,UNSAFE,RIGHT,0.24162301,-0.601,-0.323732,-0.28635696,0.0,-0.501,UP,0.24162301
"('COIN', 'RIGHT', 8, 'ATTACK', 'UNNECESSARY', 'RIGHT')",COIN,RIGHT,8,ATTACK,UNNECESSARY,RIGHT,-0.077323794,-0.501,0.0,0.21257189,-0.051,0.0,LEFT,0.21257189
"('ESCAPE', 'UP', 7, 'USELESS', 'UNSAFE', 'RIGHT')",ESCAPE,UP,7,USELESS,UNSAFE,RIGHT,0.06420483,0.0,-0.001,0.0,0.0,0.0,UP,0.06420483
"('BOMBING', 'LEFT', 2, 'UNSAFE', 'UNNECESSARY', 'RIGHT')",BOMBING,LEFT,2,UNSAFE,UNNECESSARY,RIGHT,-0.101,0.0,-0.101,0.0,-0.051,-0.39196786,RIGHT,0.0
"('BOMBING', 'LEFT', 2, 'UNSAFE', 'UNNECESSARY', 'UP')",BOMBING,LEFT,2,UNSAFE,UNNECESSARY,UP,-0.07957016,0.0,0.0,0.0,0.0,0.0,RIGHT,0.0
"('ESCAPE', 'RIGHT', 2, 'USELESS', 'UNSAFE', 'BOMB')",ESCAPE,RIGHT,2,USELESS,UNSAFE,BOMB,0.0,0.0,0.0,0.0,-0.30089676,-0.64039403,UP,0.0
"('BOMBING', 'HERE', 9, 'GOOD_LOW', 'UNNECESSARY', 'DOWN')",BOMBING,HERE,9,GOOD_LOW,UNNECESSARY,DOWN,0.0,0.0,0.0,0.0,-0.051,0.8049122,BOMB,0.8049122
"('BOMBING', 'HERE', 9, 'GOOD_LOW', 'UNNECESSARY', 'WAIT')",BOMBING,HERE,9,GOOD_LOW,UNNECESSARY,WAIT,0.042678233,0.0,0.0,0.0,0.0,0.0,UP,0.042678233
"('NONE', 'NONE', 13, 'UNAVAILABLE', 'UNNECESSARY', 'LEFT')",NONE,NONE,13,UNAVAILABLE,UNNECESSARY,LEFT,0.07657605,0.0,0.7232009,0.0374072,0.0,0.0,DOWN,0.7232009
"('COIN', 'LEFT', 14, 'UNSAFE', 'UNNECESSARY', 'UP')",COIN,LEFT,14,UNSAFE,UNNECESSARY,UP,0.0,0.0,0.0,0.01862752,-0.051,0.0,LEFT,0.01862752
"('COIN', 'LEFT', 10, 'UNSAFE', 'UNNECESSARY', 'WAIT')",COIN,LEFT,10,UNSAFE,UNNECESSARY,WAIT,0.0,0.0,0.0,0.0,-0.045146298,0.0,UP,0.0
"('COIN', 'UP', 14, 'USELESS', 'UNNECESSARY', 'UP')",COIN,UP,14,USELESS,UNNECESSARY,UP,0.0,0.15053907,0.0,0.0,0.0,0.0,RIGHT,0.15053907
"('ESCAPE', 'DOWN', 13, 'UNAVAILABLE', 'UNNECESSARY', 'LEFT')",ESCAPE,DOWN,13,UNAVAILABLE,UNNECESSARY,LEFT,0.0,0.0,0.0,0.0,0.0,0.11184783,BOMB,0.11184783
"('COIN', 'LEFT', 8, 'GOOD_HIGH', 'UNNECESSARY', 'LEFT')",COIN,LEFT,8,GOOD_HIGH,UNNECESSARY,LEFT,-0.101,0.0,0.0,0.0,0.0,0.0,RIGHT,0.0
"('COIN', 'RIGHT', 8, 'GOOD_HIGH', 'UNNECESSARY', 'UP')",COIN,RIGHT,8,GOOD_HIGH,UNNECESSARY,UP,-0.101,0.0,0.0,0.0,0.0,0.0,RIGHT,0.0
"('COIN', 'LEFT', 8, 'USELESS', 'UNNECESSARY', 'WAIT')",COIN,LEFT,8,USELESS,UNNECESSARY,WAIT,0.0,0.0,-0.051964283,0.0,0.0,-0.05326422,UP,0.0
"('BOMBING', 'DOWN', 9, 'ATTACK', 'UNNECESSARY', 'UP')",BOMBING,DOWN,9,ATTACK,UNNECESSARY,UP,0.03491198,0.0,-0.501,0.0,0.0,0.0,UP,0.03491198
"('ESCAPE', 'UP', 7, 'UNAVAILABLE', 'UNSAFE', 'WAIT')",ESCAPE,UP,7,UNAVAILABLE,UNSAFE,WAIT,0.0,0.0,0.54069704,0.0,0.0,0.0,DOWN,0.54069704
"('ESCAPE', 'LEFT', 10, 'ATTACK', 'UNSAFE', 'LEFT')",ESCAPE,LEFT,10,ATTACK,UNSAFE,LEFT,0.0,0.0,0.0,0.001429517,0.0,0.0,LEFT,0.001429517
"('ESCAPE', 'RIGHT', 2, 'GOOD_HIGH', 'UNSAFE', 'RIGHT')",ESCAPE,RIGHT,2,GOOD_HIGH,UNSAFE,RIGHT,0.0,-0.001,0.0,-0.18653587,-0.18218137,0.0,UP,0.0
"('BOMBING', 'DOWN', 11, 'UNAVAILABLE', 'UNNECESSARY', 'DOWN')",BOMBING,DOWN,11,UNAVAILABLE,UNNECESSARY,DOWN,0.0,0.0,0.0,0.0,0.0,-0.101,UP,0.0
"('BOMBING', 'DOWN', 11, 'UNAVAILABLE', 'UNNECESSARY', 'BOMB')",BOMBING,DOWN,11,UNAVAILABLE,UNNECESSARY,BOMB,0.0,0.0,0.0,0.0,-0.017948791,0.0,UP,0.0
"('BOMBING', 'UP', 7, 'USELESS', 'UNNECESSARY', 'RIGHT')",BOMBING,UP,7,USELESS,UNNECESSARY,RIGHT,0.0,0.0,0.24538685,-0.501,0.0,0.0,DOWN,0.24538685
"('BOMBING', 'HERE', 12, 'UNAVAILABLE', 'UNNECESSARY', 'WAIT')",BOMBING,HERE,12,UNAVAILABLE,UNNECESSARY,WAIT,-0.029497843,0.0,0.0,0.0,0.0,0.0,RIGHT,0.0
"('ESCAPE', 'RIGHT', 10, 'GOOD_HIGH', 'UNSAFE', 'DOWN')",ESCAPE,RIGHT,10,GOOD_HIGH,UNSAFE,DOWN,0.0,0.0,0.0,0.10534414,0.0,-0.501,LEFT,0.10534414
"('COIN', 'RIGHT', 9, 'GOOD_HIGH', 'UNNECESSARY', 'RIGHT')",COIN,RIGHT,9,GOOD_HIGH,UNNECESSARY,RIGHT,0.12651119,0.0,0.0,0.0,0.0,0.0,UP,0.12651119
"('ESCAPE', 'RIGHT', 2, 'GOOD_LOW', 'UNNECESSARY', 'DOWN')",ESCAPE,RIGHT,2,GOOD_LOW,UNNECESSARY,DOWN,0.0,0.0,0.0,0.0,-0.051,0.0,UP,0.0
"('ESCAPE', 'RIGHT', 2, 'USELESS', 'UNNECESSARY', 'DOWN')",ESCAPE,RIGHT,2,USELESS,UNNECESSARY,DOWN,0.0,0.0,-0.101,0.0,0.0,0.23594931,BOMB,0.23594931
"('COIN', 'LEFT', 3, 'USELESS', 'UNNECESSARY', 'LEFT')",COIN,LEFT,3,USELESS,UNNECESSARY,LEFT,0.0,0.0,0.0,-0.501,0.0,0.0,UP,0.0
"('COIN', 'LEFT', 2, 'GOOD_HIGH', 'UNNECESSARY', 'WAIT')",COIN,LEFT,2,GOOD_HIGH,UNNECESSARY,WAIT,0.0,0.0,0.0,-0.501,0.0,0.12140233,BOMB,0.12140233
"('ESCAPE', 'DOWN', 12, 'GOOD_HIGH', 'UNNECESSARY', 'RIGHT')",ESCAPE,DOWN,12,GOOD_HIGH,UNNECESSARY,RIGHT,0.0,0.0,0.0,-0.001,0.0,0.13378629,BOMB,0.13378629
"('BOMBING', 'RIGHT', 8, 'GOOD_LOW', 'UNNECESSARY', 'UP')",BOMBING,RIGHT,8,GOOD_LOW,UNNECESSARY,UP,0.0,-0.501,0.0,0.0,0.0,0.0,UP,0.0
"('NONE', 'NONE', 7, 'UNSAFE', 'UNNECESSARY', 'LEFT')",NONE,NONE,7,UNSAFE,UNNECESSARY,LEFT,0.0,0.0,0.0,0.0,0.0,-0.38429064,UP,0.0
"('BOMBING', 'UP', 4, 'UNSAFE', 'UNNECESSARY', 'LEFT')",BOMBING,UP,4,UNSAFE,UNNECESSARY,LEFT,0.0,0.0,-0.011,0.0,0.0,0.0,UP,0.0
"('BOMBING', 'DOWN', 1, 'UNSAFE', 'UNNECESSARY', 'DOWN')",BOMBING,DOWN,1,UNSAFE,UNNECESSARY,DOWN,0.0,-0.101,-0.501,-0.101,-0.051,-0.35939702,UP,0.0
"('COIN', 'LEFT', 9, 'ATTACK', 'UNNECESSARY', 'RIGHT')",COIN,LEFT,9,ATTACK,UNNECESSARY,RIGHT,0.0,0.0,0.0,0.77534705,0.0,0.0,LEFT,0.77534705
"('ESCAPE', 'RIGHT', 14, 'UNAVAILABLE', 'UNSAFE', 'UP')",ESCAPE,RIGHT,14,UNAVAILABLE,UNSAFE,UP,0.0,0.8546355,0.0,0.0,0.0,0.0,RIGHT,0.8546355
"('ESCAPE', 'DOWN', 12, 'UNAVAILABLE', 'UNSAFE', 'UP')",ESCAPE,DOWN,12,UNAVAILABLE,UNSAFE,UP,0.0,0.0,0.0,1.0436952,0.0,0.0,LEFT,1.0436952
"('ESCAPE', 'RIGHT', 14, 'GOOD_HIGH', 'UNSAFE', 'LEFT')",ESCAPE,RIGHT,14,GOOD_HIGH,UNSAFE,LEFT,0.0,0.0004840349,0.0,0.0,0.0,0.0,RIGHT,0.0004840349
"('COIN', 'RIGHT', 2, 'UNSAFE', 'UNNECESSARY', 'LEFT')",COIN,RIGHT,2,UNSAFE,UNNECESSARY,LEFT,-0.101,0.0,0.0,-0.101,-0.051,0.0,RIGHT,0.0
"('ESCAPE', 'LEFT', 8, 'USELESS', 'UNNECESSARY', 'WAIT')",ESCAPE,LEFT,8,USELESS,UNNECESSARY,WAIT,0.0,0.0,-0.28801358,0.097163156,0.0,0.0,LEFT,0.097163156
"('ESCAPE', 'UP', 11, 'GOOD_LOW', 'UNNECESSARY', 'LEFT')",ESCAPE,UP,11,GOOD_LOW,UNNECESSARY,LEFT,0.0,0.10425882,0.0,0.0,0.0,0.0,RIGHT,0.10425882
"('ESCAPE', 'LEFT', 8, 'GOOD_LOW', 'UNNECESSARY', 'WAIT')",ESCAPE,LEFT,8,GOOD_LOW,UNNECESSARY,WAIT,0.0,-0.3047834,0.0,0.0,0.0,0.0,UP,0.0
"('ESCAPE', 'DOWN', 12, 'GOOD_LOW', 'UNSAFE', 'LEFT')",ESCAPE,DOWN,12,GOOD_LOW,UNSAFE,LEFT,0.0,0.0,0.0,0.0,0.0,-0.501,UP,0.0
"('COIN', 'LEFT', 2, 'UNSAFE', 'UNNECESSARY', 'RIGHT')",COIN,LEFT,2,UNSAFE,UNNECESSARY,RIGHT,0.0,0.046184927,0.0,0.0,0.0,0.0,RIGHT,0.046184927
"('ESCAPE', 'RIGHT', 2, 'ATTACK', 'UNSAFE', 'WAIT')",ESCAPE,RIGHT,2,ATTACK,UNSAFE,WAIT,-0.3044577,0.065186195,-0.5838299,-0.38063425,-0.24582693,-0.380162,RIGHT,0.065186195
"('COIN', 'UP', 14, 'USELESS', 'UNNECESSARY', 'RIGHT')",COIN,UP,14,USELESS,UNNECESSARY,RIGHT,0.0,0.25274345,0.0,0.0,0.0,0.0,RIGHT,0.25274345
"('COIN', 'UP', 5, 'UNSAFE', 'UNNECESSARY', 'UP')",COIN,UP,5,UNSAFE,UNNECESSARY,UP,0.017099999,0.0,0.0,0.0,0.0,-0.7794787,UP,0.017099999
"('COIN', 'LEFT', 3, 'UNAVAILABLE', 'UNNECESSARY', 'LEFT')",COIN,LEFT,3,UNAVAILABLE,UNNECESSARY,LEFT,0.0,0.0,0.0,0.0,0.0,-0.07763039,UP,0.0
"('ESCAPE', 'RIGHT', 6, 'GOOD_LOW', 'UNNECESSARY', 'BOMB')",ESCAPE,RIGHT,6,GOOD_LOW,UNNECESSARY,BOMB,-0.101,0.0,0.0,0.0,0.0,0.0,RIGHT,0.0
"('ESCAPE', 'RIGHT', 6, 'GOOD_LOW', 'UNSAFE', 'UP')",ESCAPE,RIGHT,6,GOOD_LOW,UNSAFE,UP,-0.601,0.0,0.0,0.0,0.0,0.0,RIGHT,0.0
"('ESCAPE', 'UP', 11, 'USELESS', 'UNNECESSARY', 'DOWN')",ESCAPE,UP,11,USELESS,UNNECESSARY,DOWN,0.0,0.24076363,-0.19040945,-0.001368559,0.0,-0.087655246,RIGHT,0.24076363
"('BOMBING', 'LEFT', 12, 'USELESS', 'UNNECESSARY', 'NONE')",BOMBING,LEFT,12,USELESS,UNNECESSARY,NONE,0.0,0.0,0.0,0.21916759,0.0,0.0,LEFT,0.21916759
"('COIN', 'UP', 13, 'USELESS', 'UNNECESSARY', 'LEFT')",COIN,UP,13,USELESS,UNNECESSARY,LEFT,0.0,0.0,0.17908353,0.0,0.0,0.0,DOWN,0.17908353
"('COIN', 'RIGHT', 5, 'GOOD_LOW', 'UNNECESSARY', 'DOWN')",COIN,RIGHT,5,GOOD_LOW,UNNECESSARY,DOWN,0.0,0.0,0.0,-0.06343062,-0.051,0.0,UP,0.0
"('BOMBING', 'DOWN', 5, 'UNSAFE', 'UNNECESSARY', 'UP')",BOMBING,DOWN,5,UNSAFE,UNNECESSARY,UP,0.16157623,0.0,0.0,0.0,0.0,0.0,UP,0.16157623
"('BOMBING', 'UP', 9, 'ATTACK', 'UNNECESSARY', 'DOWN')",BOMBING,UP,9,ATTACK,UNNECESSARY,DOWN,0.0,0.0,-0.06251947,0.3457949,0.0,0.0,LEFT,0.3457949
"('COIN', 'RIGHT', 3, 'UNSAFE', 'UNNECESSARY', 'DOWN')",COIN,RIGHT,3,UNSAFE,UNNECESSARY,DOWN,-0.036,0.0,0.0,-0.101,0.0,0.0,RIGHT,0.0
"('COIN', 'DOWN', 4, 'USELESS', 'UNNECESSARY', 'UP')",COIN,DOWN,4,USELESS,UNNECESSARY,UP,0.0,-0.012496688,0.13850334,0.0,-0.051,-0.021461481,DOWN,0.13850334
"('BOMBING', 'UP', 3, 'ATTACK', 'UNNECESSARY', 'DOWN')",BOMBING,UP,3,ATTACK,UNNECESSARY,DOWN,0.0,0.20020775,0.0,0.0,-0.04482284,0.0,RIGHT,0.20020775
"('BOMBING', 'LEFT', 4, 'UNSAFE', 'UNNECESSARY', 'UP')",BOMBING,LEFT,4,UNSAFE,UNNECESSARY,UP,0.0,0.018487873,0.0,0.0,0.0,0.0,RIGHT,0.018487873
"('ESCAPE', 'LEFT', 13, 'GOOD_HIGH', 'UNNECESSARY', 'RIGHT')",ESCAPE,LEFT,13,GOOD_HIGH,UNNECESSARY,RIGHT,0.0,0.0,0.0,0.14508854,0.0,0.0,LEFT,0.14508854
"('ESCAPE', 'RIGHT', 10, 'UNSAFE', 'UNNECESSARY', 'RIGHT')",ESCAPE,RIGHT,10,UNSAFE,UNNECESSARY,RIGHT,-0.101,0.0,0.0,0.0,0.0,-0.7569172,RIGHT,0.0
"('COIN', 'RIGHT', 13, 'USELESS', 'UNNECESSARY', 'UP')",COIN,RIGHT,13,USELESS,UNNECESSARY,UP,0.0,0.0,0.0,0.4511211,0.0,0.0,LEFT,0.4511211
"('ESCAPE', 'UP', 3, 'GOOD_HIGH', 'UNNECESSARY', 'DOWN')",ESCAPE,UP,3,GOOD_HIGH,UNNECESSARY,DOWN,0.0,0.0017660611,0.0,0.0,0.0,0.0,RIGHT,0.0017660611
"('COIN', 'UP', 4, 'ATTACK', 'UNNECESSARY', 'DOWN')",COIN,UP,4,ATTACK,UNNECESSARY,DOWN,0.0,0.0,0.22462907,0.0,0.0,0.0,DOWN,0.22462907
"('BOMBING', 'UP', 14, 'USELESS', 'UNNECESSARY', 'DOWN')",BOMBING,UP,14,USELESS,UNNECESSARY,DOWN,-0.501,0.0,0.0,0.31631333,0.0,-0.032038752,LEFT,0.31631333
"('ESCAPE', 'RIGHT', 3, 'ATTACK', 'UNNECESSARY', 'LEFT')",ESCAPE,RIGHT,3,ATTACK,UNNECESSARY,LEFT,0.003642967,0.0,-0.101,-0.04465552,0.0,0.0,UP,0.003642967
"('ESCAPE', 'UP', 15, 'GOOD_HIGH', 'UNNECESSARY', 'LEFT')",ESCAPE,UP,15,GOOD_HIGH,UNNECESSARY,LEFT,0.0,0.0,0.0,0.0,0.0,0.5768008,BOMB,0.5768008
"('ESCAPE', 'UP', 11, 'USELESS', 'UNNECESSARY', 'LEFT')",ESCAPE,UP,11,USELESS,UNNECESSARY,LEFT,0.0,0.19704503,0.0,0.0,0.0,0.0,RIGHT,0.19704503
"('BOMBING', 'UP', 1, 'UNSAFE', 'UNNECESSARY', 'UP')",BOMBING,UP,1,UNSAFE,UNNECESSARY,UP,0.0,-0.101,0.0,-0.101,0.0,0.0,UP,0.0
"('COIN', 'DOWN', 1, 'ATTACK', 'UNNECESSARY', 'LEFT')",COIN,DOWN,1,ATTACK,UNNECESSARY,LEFT,0.0,-0.101,0.0,0.0,0.0,0.09178924,BOMB,0.09178924
"('BOMBING', 'DOWN', 11, 'GOOD_HIGH', 'UNNECESSARY', 'UP')",BOMBING,DOWN,11,GOOD_HIGH,UNNECESSARY,UP,0.0,0.0,0.0,0.099813096,0.0,0.0,LEFT,0.099813096
"('COIN', 'LEFT', 11, 'GOOD_LOW', 'UNNECESSARY', 'UP')",COIN,LEFT,11,GOOD_LOW,UNNECESSARY,UP,0.0,0.0,-0.501,0.0,-0.051,0.0,UP,0.0
"('COIN', 'LEFT', 15, 'GOOD_LOW', 'UNNECESSARY', 'WAIT')",COIN,LEFT,15,GOOD_LOW,UNNECESSARY,WAIT,0.0,0.0,0.0,0.0,0.0,0.22474362,BOMB,0.22474362
"('BOMBING', 'LEFT', 14, 'GOOD_LOW', 'UNNECESSARY', 'RIGHT')",BOMBING,LEFT,14,GOOD_LOW,UNNECESSARY,RIGHT,0.0,0.0,0.20953092,0.0,0.0,0.0,DOWN,0.20953092
"('ESCAPE', 'RIGHT', 14, 'USELESS', 'UNSAFE', 'RIGHT')",ESCAPE,RIGHT,14,USELESS,UNSAFE,RIGHT,0.0,0.19399971,0.0,0.0,-0.501,0.0,RIGHT,0.19399971
"('COIN', 'DOWN', 15, 'ATTACK', 'UNNECESSARY', 'WAIT')",COIN,DOWN,15,ATTACK,UNNECESSARY,WAIT,0.0,0.0,0.14217718,0.0,0.0,0.0,DOWN,0.14217718
"('ESCAPE', 'DOWN', 12, 'USELESS', 'UNNECESSARY', 'RIGHT')",ESCAPE,DOWN,12,USELESS,UNNECESSARY,RIGHT,-0.101,0.0,0.0,0.0,0.0,-0.017031128,RIGHT,0.0
"('NONE', 'NONE', 10, 'UNSAFE', 'UNNECESSARY', 'WAIT')",NONE,NONE,10,UNSAFE,UNNECESSARY,WAIT,0.0,0.0,0.0,-0.001,-0.051,0.0,UP,0.0
"('BOMBING', 'RIGHT', 10, 'UNSAFE', 'UNNECESSARY', 'LEFT')",BOMBING,RIGHT,10,UNSAFE,UNNECESSARY,LEFT,-0.101,0.0,0.0,0.0,0.0,-0.2970859,RIGHT,0.0
"('COIN', 'LEFT', 10, 'UNSAFE', 'UNNECESSARY', 'LEFT')",COIN,LEFT,10,UNSAFE,UNNECESSARY,LEFT,-0.101,-0.101,0.0,0.0,0.0,-0.7939376,DOWN,0.0
"('NONE', 'NONE', 7, 'USELESS', 'UNNECESSARY', 'RIGHT')",NONE,NONE,7,USELESS,UNNECESSARY,RIGHT,0.0,0.0,0.1195808,0.0,-0.03336797,0.0,DOWN,0.1195808
"('ESCAPE', 'UP', 7, 'ATTACK', 'UNSAFE', 'RIGHT')",ESCAPE,UP,7,ATTACK,UNSAFE,RIGHT,0.0,0.0,-0.59080225,0.0,0.0,-0.501,UP,0.0
"('COIN', 'DOWN', 11, 'USELESS', 'UNNECESSARY', 'LEFT')",COIN,DOWN,11,USELESS,UNNECESSARY,LEFT,0.10916091,0.0,-0.501,0.0,0.0,0.0,UP,0.10916091
"('ESCAPE', 'DOWN', 6, 'USELESS', 'UNNECESSARY', 'LEFT')",ESCAPE,DOWN,6,USELESS,UNNECESSARY,LEFT,0.0,0.0,0.0,-0.101,0.0,0.0,UP,0.0
"('ESCAPE', 'DOWN', 4, 'USELESS', 'UNNECESSARY', 'LEFT')",ESCAPE,DOWN,4,USELESS,UNNECESSARY,LEFT,0.0,0.0,0.0,0.0,0.0,0.13915895,BOMB,0.13915895
"('ESCAPE', 'RIGHT', 6, 'GOOD_LOW', 'UNNECESSARY', 'UP')",ESCAPE,RIGHT,6,GOOD_LOW,UNNECESSARY,UP,0.0,0.0,0.0,0.0,-0.051,0.0,UP,0.0
"('BOMBING', 'RIGHT', 10, 'UNSAFE', 'UNNECESSARY', 'RIGHT')",BOMBING,RIGHT,10,UNSAFE,UNNECESSARY,RIGHT,0.0,0.0,-0.101,0.0,-0.051,0.0,UP,0.0
"('BOMBING', 'RIGHT', 8, 'UNSAFE', 'UNNECESSARY', 'DOWN')",BOMBING,RIGHT,8,UNSAFE,UNNECESSARY,DOWN,-0.090131916,0.0,-0.101,0.0,0.0,0.0,RIGHT,0.0
"('ESCAPE', 'LEFT', 12, 'GOOD_HIGH', 'UNNECESSARY', 'UP')",ESCAPE,LEFT,12,GOOD_HIGH,UNNECESSARY,UP,0.0,0.0,0.0,-0.001,0.0,0.0,UP,0.0
"('COIN', 'RIGHT', 8, 'GOOD_LOW', 'UNNECESSARY', 'UP')",COIN,RIGHT,8,GOOD_LOW,UNNECESSARY,UP,0.0,0.0,0.0,0.0,0.0,0.09571931,BOMB,0.09571931
"('COIN', 'DOWN', 7, 'GOOD_LOW', 'UNNECESSARY', 'UP')",COIN,DOWN,7,GOOD_LOW,UNNECESSARY,UP,0.0,0.0,0.0,-0.05248622,0.0,0.0,UP,0.0
"('COIN', 'LEFT', 2, 'GOOD_HIGH', 'UNNECESSARY', 'LEFT')",COIN,LEFT,2,GOOD_HIGH,UNNECESSARY,LEFT,0.0,-0.036,-0.08523476,0.0,0.0,0.19280526,BOMB,0.19280526
"('ESCAPE', 'LEFT', 10, 'UNSAFE', 'UNNECESSARY', 'LEFT')",ESCAPE,LEFT,10,UNSAFE,UNNECESSARY,LEFT,-0.101,-0.22644441,0.0,0.0,0.0,0.0,DOWN,0.0
"('ESCAPE', 'RIGHT', 2, 'GOOD_HIGH', 'UNNECESSARY', 'WAIT')",ESCAPE,RIGHT,2,GOOD_HIGH,UNNECESSARY,WAIT,-0.101,-0.001,-0.101,0.0,0.0,0.0,LEFT,0.0
"('ESCAPE', 'RIGHT', 2, 'GOOD_HIGH', 'UNSAFE', 'UP')",ESCAPE,RIGHT,2,GOOD_HIGH,UNSAFE,UP,-0.601,0.0,0.0,0.0,-0.13318008,0.0,RIGHT,0.0
"('COIN', 'DOWN', 10, 'USELESS', 'UNNECESSARY', 'LEFT')",COIN,DOWN,10,USELESS,UNNECESSARY,LEFT,0.0,0.100631766,0.0,0.0,0.0,0.0,RIGHT,0.100631766
"('ESCAPE', 'UP', 15, 'GOOD_HIGH', 'UNNECESSARY', 'UP')",ESCAPE,UP,15,GOOD_HIGH,UNNECESSARY,UP,0.0,0.0,0.0,0.0,0.0,0.20918351,BOMB,0.20918351
"('ESCAPE', 'RIGHT', 11, 'ATTACK', 'UNSAFE', 'LEFT')",ESCAPE,RIGHT,11,ATTACK,UNSAFE,LEFT,0.0,0.0,0.0,0.096157804,0.0,0.0,LEFT,0.096157804
"('BOMBING', 'HERE', 14, 'UNAVAILABLE', 'UNNECESSARY', 'BOMB')",BOMBING,HERE,14,UNAVAILABLE,UNNECESSARY,BOMB,0.0,0.0,0.22149786,0.0,0.0,0.0,DOWN,0.22149786
"('COIN', 'UP', 11, 'UNSAFE', 'UNNECESSARY', 'LEFT')",COIN,UP,11,UNSAFE,UNNECESSARY,LEFT,0.0,0.0,0.0,0.0,-0.051,0.0,UP,0.0
"('COIN', 'UP', 3, 'ATTACK', 'UNNECESSARY', 'WAIT')",COIN,UP,3,ATTACK,UNNECESSARY,WAIT,0.0,0.0,0.0,-0.053829487,0.0,0.0,UP,0.0
"('ESCAPE', 'UP', 11, 'UNAVAILABLE', 'UNSAFE', 'RIGHT')",ESCAPE,UP,11,UNAVAILABLE,UNSAFE,RIGHT,0.14776945,0.0,0.0,0.0,0.0,0.0,UP,0.14776945
"('BOMBING', 'DOWN', 5, 'GOOD_LOW', 'UNNECESSARY', 'BOMB')",BOMBING,DOWN,5,GOOD_LOW,UNNECESSARY,BOMB,0.07804916,0.0,0.0,0.0,0.0,0.0,UP,0.07804916
"('NONE', 'NONE', 11, 'UNSAFE', 'UNNECESSARY', 'DOWN')",NONE,NONE,11,UNSAFE,UNNECESSARY,DOWN,0.0,0.0,-0.0050614174,0.0,0.0,0.0,UP,0.0
"('ESCAPE', 'UP', 13, 'ATTACK', 'UNSAFE', 'DOWN')",ESCAPE,UP,13,ATTACK,UNSAFE,DOWN,0.0,-0.601,-0.57395315,0.0,0.0,-0.501,UP,0.0
"('BOMBING', 'LEFT', 11, 'GOOD_LOW', 'UNNECESSARY', 'RIGHT')",BOMBING,LEFT,11,GOOD_LOW,UNNECESSARY,RIGHT,0.17257123,0.0,0.0,0.0,0.0,0.0,UP,0.17257123
"('ESCAPE', 'RIGHT', 14, 'GOOD_LOW', 'UNSAFE', 'UP')",ESCAPE,RIGHT,14,GOOD_LOW,UNSAFE,UP,-0.501,0.0,0.0,0.0,-0.501,0.0,RIGHT,0.0
"('NONE', 'NONE', 11, 'ATTACK', 'UNNECESSARY', 'WAIT')",NONE,NONE,11,ATTACK,UNNECESSARY,WAIT,0.0,0.46847534,0.0,0.0,0.0,0.0,RIGHT,0.46847534
"('ESCAPE', 'RIGHT', 2, 'USELESS', 'UNNECESSARY', 'RIGHT')",ESCAPE,RIGHT,2,USELESS,UNNECESSARY,RIGHT,-0.101,-0.001,0.0,0.0,0.0,0.0,DOWN,0.0
"('BOMBING', 'LEFT', 7, 'ATTACK', 'UNNECESSARY', 'RIGHT')",BOMBING,LEFT,7,ATTACK,UNNECESSARY,RIGHT,0.0,0.05997296,0.0,0.0,0.0,0.0,RIGHT,0.05997296
"('COIN', 'DOWN', 10, 'GOOD_LOW', 'UNNECESSARY', 'LEFT')",COIN,DOWN,10,GOOD_LOW,UNNECESSARY,LEFT,0.0,0.05256608,0.0,0.0,0.0,0.0,RIGHT,0.05256608
"('BOMBING', 'UP', 7, 'GOOD_LOW', 'UNNECESSARY', 'RIGHT')",BOMBING,UP,7,GOOD_LOW,UNNECESSARY,RIGHT,0.0,0.0,0.0,-0.501,0.0,0.0,UP,0.0
"('BOMBING', 'LEFT', 14, 'UNSAFE', 'UNNECESSARY', 'UP')",BOMBING,LEFT,14,UNSAFE,UNNECESSARY,UP,0.0,0.096916534,0.0,0.0,0.0,0.0,RIGHT,0.096916534
"('ESCAPE', 'UP', 9, 'ATTACK', 'UNNECESSARY', 'LEFT')",ESCAPE,UP,9,ATTACK,UNNECESSARY,LEFT,0.0,0.0,0.0,0.0,-0.049791176,0.0,UP,0.0
"('COIN', 'DOWN', 11, 'USELESS', 'UNNECESSARY', 'RIGHT')",COIN,DOWN,11,USELESS,UNNECESSARY,RIGHT,0.32766354,0.0,0.0,0.0,0.0,0.0,UP,0.32766354
"('COIN', 'DOWN', 11, 'GOOD_LOW', 'UNNECESSARY', 'RIGHT')",COIN,DOWN,11,GOOD_LOW,UNNECESSARY,RIGHT,0.0,0.2613691,0.0,0.0,0.0,0.0,RIGHT,0.2613691
"('COIN', 'UP', 12, 'ATTACK', 'UNNECESSARY', 'DOWN')",COIN,UP,12,ATTACK,UNNECESSARY,DOWN,0.0,0.0,0.0,0.108626075,0.0,0.0,LEFT,0.108626075
"('COIN', 'RIGHT', 8, 'USELESS', 'UNNECESSARY', 'BOMB')",COIN,RIGHT,8,USELESS,UNNECESSARY,BOMB,0.0,0.0,0.0,0.0,0.0,-0.038457934,UP,0.0
"('ESCAPE', 'RIGHT', 2, 'ATTACK', 'UNNECESSARY', 'BOMB')",ESCAPE,RIGHT,2,ATTACK,UNNECESSARY,BOMB,0.0,0.0,0.0,-0.1004397,0.0,0.78612614,BOMB,0.78612614
"('BOMBING', 'LEFT', 5, 'USELESS', 'UNNECESSARY', 'UP')",BOMBING,LEFT,5,USELESS,UNNECESSARY,UP,0.0,-0.04843646,0.0,-0.501,0.0,0.0,UP,0.0
"('ESCAPE', 'DOWN', 12, 'ATTACK', 'UNNECESSARY', 'UP')",ESCAPE,DOWN,12,ATTACK,UNNECESSARY,UP,0.0,-0.101,0.0,0.0,0.0,0.0,UP,0.0
"('BOMBING', 'DOWN', 1, 'UNSAFE', 'UNNECESSARY', 'WAIT')",BOMBING,DOWN,1,UNSAFE,UNNECESSARY,WAIT,0.0,0.0,0.0,0.0,0.0,-0.35349935,UP,0.0
"('BOMBING', 'DOWN', 11, 'GOOD_LOW', 'UNNECESSARY', 'LEFT')",BOMBING,DOWN,11,GOOD_LOW,UNNECESSARY,LEFT,0.0,0.0,0.0,0.0,0.0,0.10921754,BOMB,0.10921754
"('COIN', 'DOWN', 4, 'ATTACK', 'UNNECESSARY', 'DOWN')",COIN,DOWN,4,ATTACK,UNNECESSARY,DOWN,-0.501,0.0,0.0,0.0,0.0,0.0,RIGHT,0.0
"('BOMBING', 'UP', 14, 'ATTACK', 'UNNECESSARY', 'DOWN')",BOMBING,UP,14,ATTACK,UNNECESSARY,DOWN,0.0,0.0,0.0,0.0,-0.035859313,0.0,UP,0.0
"('ESCAPE', 'RIGHT', 15, 'GOOD_HIGH', 'UNNECESSARY', 'DOWN')",ESCAPE,RIGHT,15,GOOD_HIGH,UNNECESSARY,DOWN,0.0,0.0,0.0,0.42955917,0.0,0.0,LEFT,0.42955917
"('ESCAPE', 'LEFT', 15, 'GOOD_HIGH', 'UNNECESSARY', 'UP')",ESCAPE,LEFT,15,GOOD_HIGH,UNNECESSARY,UP,0.0,0.014676383,0.0,0.0,0.0,0.0,RIGHT,0.014676383
"('ESCAPE', 'UP', 5, 'UNSAFE', 'UNNECESSARY', 'RIGHT')",ESCAPE,UP,5,UNSAFE,UNNECESSARY,RIGHT,0.0016679277,0.0,0.0,0.0,0.0,0.0,UP,0.0016679277
"('BOMBING', 'UP', 4, 'UNSAFE', 'UNNECESSARY', 'DOWN')",BOMBING,UP,4,UNSAFE,UNNECESSARY,DOWN,-0.501,0.0,0.0,0.0,0.0,0.0,RIGHT,0.0
"('BOMBING', 'RIGHT', 5, 'USELESS', 'UNNECESSARY', 'DOWN')",BOMBING,RIGHT,5,USELESS,UNNECESSARY,DOWN,0.0,0.0,0.0,-0.034302678,0.0,0.0,UP,0.0
"('ESCAPE', 'UP', 7, 'USELESS', 'UNSAFE', 'DOWN')",ESCAPE,UP,7,USELESS,UNSAFE,DOWN,0.0,0.0,0.0,0.0,-0.501,-0.651,UP,0.0
"('ESCAPE', 'UP', 15, 'USELESS', 'UNNECESSARY', 'DOWN')",ESCAPE,UP,15,USELESS,UNNECESSARY,DOWN,0.0,0.16672546,0.0,0.0,0.0,0.0,RIGHT,0.16672546
"('ESCAPE', 'UP', 11, 'USELESS', 'UNNECESSARY', 'WAIT')",ESCAPE,UP,11,USELESS,UNNECESSARY,WAIT,0.0,0.04542056,0.0,0.0,0.0,0.0,RIGHT,0.04542056
"('BOMBING', 'UP', 13, 'UNSAFE', 'UNNECESSARY', 'UP')",BOMBING,UP,13,UNSAFE,UNNECESSARY,UP,0.0,0.0,0.0,0.0,-0.051,0.0,UP,0.0
"('BOMBING', 'LEFT', 9, 'ATTACK', 'UNNECESSARY', 'WAIT')",BOMBING,LEFT,9,ATTACK,UNNECESSARY,WAIT,0.0,0.0,0.0,0.08840822,0.0,0.0,LEFT,0.08840822
"('BOMBING', 'UP', 11, 'UNSAFE', 'UNNECESSARY', 'LEFT')",BOMBING,UP,11,UNSAFE,UNNECESSARY,LEFT,0.0,0.07062977,0.0,0.0,0.0,0.0,RIGHT,0.07062977
"('BOMBING', 'DOWN', 3, 'UNAVAILABLE', 'UNNECESSARY', 'UP')",BOMBING,DOWN,3,UNAVAILABLE,UNNECESSARY,UP,0.29458374,0.0,-1.201,0.0,-0.041402716,-0.091485426,UP,0.29458374
"('NONE', 'NONE', 3, 'UNSAFE', 'UNNECESSARY', 'WAIT')",NONE,NONE,3,UNSAFE,UNNECESSARY,WAIT,0.0,0.0,0.00029886985,0.0,0.0,0.0,DOWN,0.00029886985
"('ESCAPE', 'RIGHT', 14, 'GOOD_LOW', 'UNNECESSARY', 'RIGHT')",ESCAPE,RIGHT,14,GOOD_LOW,UNNECESSARY,RIGHT,0.0,0.0,0.0,0.0,-0.051,0.051281612,BOMB,0.051281612
"('ESCAPE', 'RIGHT', 14, 'GOOD_LOW', 'UNSAFE', 'WAIT')",ESCAPE,RIGHT,14,GOOD_LOW,UNSAFE,WAIT,0.0,0.0,0.0,0.0,0.0,-0.501,UP,0.0
"('BOMBING', 'LEFT', 11, 'GOOD_HIGH', 'UNNECESSARY', 'RIGHT')",BOMBING,LEFT,11,GOOD_HIGH,UNNECESSARY,RIGHT,0.0,0.0,0.0,0.2865087,0.0,0.0,LEFT,0.2865087
"('ESCAPE', 'LEFT', 10, 'UNAVAILABLE', 'UNNECESSARY', 'DOWN')",ESCAPE,LEFT,10,UNAVAILABLE,UNNECESSARY,DOWN,-0.6419847,0.6724472,0.0,0.0,0.0,-0.097311,RIGHT,0.6724472
"('ESCAPE', 'RIGHT', 2, 'GOOD_HIGH', 'UNNECESSARY', 'RIGHT')",ESCAPE,RIGHT,2,GOOD_HIGH,UNNECESSARY,RIGHT,-0.101,0.0,-0.101,0.0,0.0,0.24204494,BOMB,0.24204494
"('COIN', 'UP', 8, 'UNAVAILABLE', 'UNNECESSARY', 'RIGHT')",COIN,UP,8,UNAVAILABLE,UNNECESSARY,RIGHT,0.0,0.0,0.0,0.0,-0.051,0.0,UP,0.0
"('COIN', 'UP', 9, 'GOOD_LOW', 'UNNECESSARY', 'WAIT')",COIN,UP,9,GOOD_LOW,UNNECESSARY,WAIT,0.0,0.0,-0.08405647,0.0,-0.051,0.0,UP,0.0
"('COIN', 'RIGHT', 10, 'ATTACK', 'UNNECESSARY', 'WAIT')",COIN,RIGHT,10,ATTACK,UNNECESSARY,WAIT,0.0,0.61031485,0.0,0.0,-0.051,0.0,RIGHT,0.61031485
"('ESCAPE', 'NONE', 0, 'UNSAFE', 'UNSAFE', 'BOMB')",ESCAPE,NONE,0,UNSAFE,UNSAFE,BOMB,-0.034699865,0.0,-0.27182114,0.0,0.0,0.0,RIGHT,0.0
"('BOMBING', 'UP', 10, 'USELESS', 'UNNECESSARY', 'RIGHT')",BOMBING,UP,10,USELESS,UNNECESSARY,RIGHT,0.0,0.092701264,0.0,0.0,0.0,-0.03272514,RIGHT,0.092701264
"('COIN', 'UP', 13, 'GOOD_HIGH', 'UNNECESSARY', 'LEFT')",COIN,UP,13,GOOD_HIGH,UNNECESSARY,LEFT,0.0,0.0,0.0,0.0,0.0,0.0934477,BOMB,0.0934477
"('BOMBING', 'UP', 7, 'GOOD_HIGH', 'UNNECESSARY', 'DOWN')",BOMBING,UP,7,GOOD_HIGH,UNNECESSARY,DOWN,0.38645467,0.0,0.0,0.0,-0.049771566,0.0,UP,0.38645467
"('ESCAPE', 'UP', 9, 'ATTACK', 'UNSAFE', 'WAIT')",ESCAPE,UP,9,ATTACK,UNSAFE,WAIT,0.021491364,0.0,0.0,0.0,0.0,0.0,UP,0.021491364
"('ESCAPE', 'RIGHT', 6, 'ATTACK', 'UNSAFE', 'LEFT')",ESCAPE,RIGHT,6,ATTACK,UNSAFE,LEFT,0.0,0.0,0.0,-0.501,0.0,-0.501,UP,0.0
"('BOMBING', 'UP', 9, 'ATTACK', 'UNNECESSARY', 'UP')",BOMBING,UP,9,ATTACK,UNNECESSARY,UP,0.0,0.0,0.0,0.0,0.0,0.12402297,BOMB,0.12402297
"('COIN', 'UP', 1, 'GOOD_HIGH', 'UNNECESSARY', 'BOMB')",COIN,UP,1,GOOD_HIGH,UNNECESSARY,BOMB,0.0,-0.07925255,0.0,0.0,0.0,0.0,UP,0.0
"('COIN', 'LEFT', 10, 'ATTACK', 'UNNECESSARY', 'DOWN')",COIN,LEFT,10,ATTACK,UNNECESSARY,DOWN,0.0,0.42996958,0.0,0.0,0.0,0.0,RIGHT,0.42996958
"('ESCAPE', 'RIGHT', 2, 'GOOD_LOW', 'UNNECESSARY', 'LEFT')",ESCAPE,RIGHT,2,GOOD_LOW,UNNECESSARY,LEFT,0.0,0.0,0.0,-0.23023692,-0.051,0.2064855,BOMB,0.2064855
"('COIN', 'LEFT', 12, 'ATTACK', 'UNNECESSARY', 'RIGHT')",COIN,LEFT,12,ATTACK,UNNECESSARY,RIGHT,-0.056738622,-0.054289024,0.0,0.0,0.0,0.33578548,BOMB,0.33578548
"('BOMBING', 'LEFT', 0, 'UNSAFE', 'NECESSARY', 'WAIT')",BOMBING,LEFT,0,UNSAFE,NECESSARY,WAIT,0.0,0.0,0.0,0.0,0.015254509,0.0,WAIT,0.015254509
"('NONE', 'NONE', 9, 'USELESS', 'UNNECESSARY', 'LEFT')",NONE,NONE,9,USELESS,UNNECESSARY,LEFT,0.0,0.0,0.0,0.17605326,0.0,0.0,LEFT,0.17605326
"('COIN', 'DOWN', 4, 'USELESS', 'UNNECESSARY', 'LEFT')",COIN,DOWN,4,USELESS,UNNECESSARY,LEFT,0.0,0.0,0.0,0.0,0.0,-0.039260115,UP,0.0
"('ESCAPE', 'UP', 13, 'GOOD_LOW', 'UNNECESSARY', 'RIGHT')",ESCAPE,UP,13,GOOD_LOW,UNNECESSARY,RIGHT,0.0,0.0,0.0,0.0,0.0,0.34074602,BOMB,0.34074602
"('BOMBING', 'RIGHT', 2, 'UNSAFE', 'UNNECESSARY', 'DOWN')",BOMBING,RIGHT,2,UNSAFE,UNNECESSARY,DOWN,0.0,0.0,-0.101,-0.006095012,0.0,0.0,UP,0.0
"('COIN', 'DOWN', 12, 'ATTACK', 'UNNECESSARY', 'UP')",COIN,DOWN,12,ATTACK,UNNECESSARY,UP,0.0,-0.051566817,0.0,0.0,-0.051,0.46981245,BOMB,0.46981245
"('BOMBING', 'LEFT', 11, 'USELESS', 'UNNECESSARY', 'UP')",BOMBING,LEFT,11,USELESS,UNNECESSARY,UP,0.0,0.051571865,0.0,0.0,-0.03235139,0.0,RIGHT,0.051571865
"('ESCAPE', 'UP', 3, 'GOOD_LOW', 'UNNECESSARY', 'RIGHT')",ESCAPE,UP,3,GOOD_LOW,UNNECESSARY,RIGHT,0.16161919,0.0,0.0,0.0,-0.051,0.0,UP,0.16161919
"('ESCAPE', 'DOWN', 13, 'UNAVAILABLE', 'UNNECESSARY', 'RIGHT')",ESCAPE,DOWN,13,UNAVAILABLE,UNNECESSARY,RIGHT,0.032322917,0.0,0.0,0.0,0.0,0.0,UP,0.032322917
"('COIN', 'DOWN', 4, 'USELESS', 'UNNECESSARY', 'WAIT')",COIN,DOWN,4,USELESS,UNNECESSARY,WAIT,0.0,0.0,0.15056688,0.0,0.0,0.0,DOWN,0.15056688
"('BOMBING', 'RIGHT', 0, 'UNSAFE', 'NECESSARY', 'UP')",BOMBING,RIGHT,0,UNSAFE,NECESSARY,UP,0.0,0.0,0.0,0.0,0.05596063,0.0,WAIT,0.05596063
"('BOMBING', 'UP', 5, 'UNSAFE', 'UNNECESSARY', 'DOWN')",BOMBING,UP,5,UNSAFE,UNNECESSARY,DOWN,0.0,-0.090047725,0.0,0.0,0.0,0.0,UP,0.0
"('COIN', 'DOWN', 4, 'UNSAFE', 'UNNECESSARY', 'UP')",COIN,DOWN,4,UNSAFE,UNNECESSARY,UP,0.0,0.0,0.0,0.0,0.0,-0.3553588,UP,0.0
"('ESCAPE', 'UP', 3, 'UNAVAILABLE', 'UNNECESSARY', 'UP')",ESCAPE,UP,3,UNAVAILABLE,UNNECESSARY,UP,0.30465236,0.0,0.0,0.0,0.0,0.0,UP,0.30465236
"('ESCAPE', 'LEFT', 12, 'UNAVAILABLE', 'UNSAFE', 'LEFT')",ESCAPE,LEFT,12,UNAVAILABLE,UNSAFE,LEFT,0.0,-1.001,0.0,0.0,0.0,0.0,UP,0.0
"('COIN', 'RIGHT', 14, 'USELESS', 'UNNECESSARY', 'DOWN')",COIN,RIGHT,14,USELESS,UNNECESSARY,DOWN,0.0,0.0,0.0,0.08024551,0.0,0.0,LEFT,0.08024551
"('ESCAPE', 'DOWN', 4, 'USELESS', 'UNNECESSARY', 'RIGHT')",ESCAPE,DOWN,4,USELESS,UNNECESSARY,RIGHT,0.0,-0.101,-0.0019779163,0.0,0.0,0.42017946,BOMB,0.42017946
"('BOMBING', 'HERE', 4, 'GOOD_LOW', 'UNNECESSARY', 'RIGHT')",BOMBING,HERE,4,GOOD_LOW,UNNECESSARY,RIGHT,0.0,0.0,0.0,-0.101,-0.051,0.14812686,BOMB,0.14812686
"('BOMBING', 'HERE', 4, 'GOOD_LOW', 'UNNECESSARY', 'LEFT')",BOMBING,HERE,4,GOOD_LOW,UNNECESSARY,LEFT,0.0,-0.101,0.0,0.0,0.0,0.0,UP,0.0
"('ESCAPE', 'RIGHT', 6, 'ATTACK', 'UNNECESSARY', 'DOWN')",ESCAPE,RIGHT,6,ATTACK,UNNECESSARY,DOWN,0.0,-0.001,0.0,0.0,0.0,0.0,UP,0.0
"('BOMBING', 'HERE', 2, 'GOOD_HIGH', 'UNNECESSARY', 'RIGHT')",BOMBING,HERE,2,GOOD_HIGH,UNNECESSARY,RIGHT,-0.09894267,0.08642045,0.0,0.0,0.0,0.0,RIGHT,0.08642045
"('ESCAPE', 'UP', 13, 'GOOD_HIGH', 'UNSAFE', 'RIGHT')",ESCAPE,UP,13,GOOD_HIGH,UNSAFE,RIGHT,0.0,0.0,0.0,0.0,0.0,-0.501,UP,0.0
"('ESCAPE', 'UP', 15, 'GOOD_HIGH', 'UNNECESSARY', 'RIGHT')",ESCAPE,UP,15,GOOD_HIGH,UNNECESSARY,RIGHT,0.0,0.0,0.0,0.0,0.0,0.27849615,BOMB,0.27849615
"('NONE', 'NONE', 8, 'USELESS', 'UNNECESSARY', 'DOWN')",NONE,NONE,8,USELESS,UNNECESSARY,DOWN,0.0,0.0,-0.07233392,0.0,0.0,-0.05926682,UP,0.0
"('COIN', 'UP', 12, 'GOOD_LOW', 'UNNECESSARY', 'RIGHT')",COIN,UP,12,GOOD_LOW,UNNECESSARY,RIGHT,0.0,0.0,0.061087273,0.0,0.0,0.0,DOWN,0.061087273
"('ESCAPE', 'UP', 9, 'GOOD_HIGH', 'UNSAFE', 'RIGHT')",ESCAPE,UP,9,GOOD_HIGH,UNSAFE,RIGHT,0.0,-0.501,-0.301,0.0,0.0,-0.501,UP,0.0
"('ESCAPE', 'LEFT', 8, 'UNSAFE', 'UNSAFE', 'RIGHT')",ESCAPE,LEFT,8,UNSAFE,UNSAFE,RIGHT,0.0,-0.601,0.0,0.0,0.0,-1.001,UP,0.0
"('ESCAPE', 'DOWN', 12, 'ATTACK', 'UNSAFE', 'UP')",ESCAPE,DOWN,12,ATTACK,UNSAFE,UP,0.0,0.0,0.0,0.0,-0.501,-0.501,UP,0.0
"('ESCAPE', 'UP', 3, 'UNSAFE', 'UNNECESSARY', 'LEFT')",ESCAPE,UP,3,UNSAFE,UNNECESSARY,LEFT,0.0,0.0,0.0,0.0,-0.01079344,0.0,UP,0.0
"('COIN', 'DOWN', 6, 'GOOD_HIGH', 'UNNECESSARY', 'WAIT')",COIN,DOWN,6,GOOD_HIGH,UNNECESSARY,WAIT,0.0,0.0,0.0,0.0,0.0,0.15846048,BOMB,0.15846048
"('BOMBING', 'RIGHT', 14, 'GOOD_HIGH', 'UNNECESSARY', 'WAIT')",BOMBING,RIGHT,14,GOOD_HIGH,UNNECESSARY,WAIT,0.0,0.0,0.20777602,0.0,0.0,0.0,DOWN,0.20777602
"('ESCAPE', 'UP', 11, 'UNAVAILABLE', 'UNSAFE', 'LEFT')",ESCAPE,UP,11,UNAVAILABLE,UNSAFE,LEFT,0.30208874,0.0,0.0,0.0,0.0,0.0,UP,0.30208874
"('ESCAPE', 'UP', 9, 'USELESS', 'UNSAFE', 'LEFT')",ESCAPE,UP,9,USELESS,UNSAFE,LEFT,0.2521752,-0.501,0.0,0.0,-0.501,-0.651,UP,0.2521752
"('BOMBING', 'LEFT', 13, 'UNSAFE', 'UNNECESSARY', 'RIGHT')",BOMBING,LEFT,13,UNSAFE,UNNECESSARY,RIGHT,0.0,0.0,0.0,0.0,-0.02225633,0.0,UP,0.0
"('COIN', 'DOWN', 1, 'GOOD_LOW', 'UNNECESSARY', 'LEFT')",COIN,DOWN,1,GOOD_LOW,UNNECESSARY,LEFT,0.0,0.0,0.0,0.0,0.0015523549,0.0,WAIT,0.0015523549
"('BOMBING', 'LEFT', 7, 'USELESS', 'UNNECESSARY', 'RIGHT')",BOMBING,LEFT,7,USELESS,UNNECESSARY,RIGHT,0.0,0.1262637,0.0,0.0,0.0,0.0,RIGHT,0.1262637
"('ESCAPE', 'DOWN', 14, 'UNAVAILABLE', 'UNSAFE', 'BOMB')",ESCAPE,DOWN,14,UNAVAILABLE,UNSAFE,BOMB,0.0,0.0,0.0,0.0,-0.35833997,0.0,UP,0.0
"('ESCAPE', 'RIGHT', 3, 'UNAVAILABLE', 'UNNECESSARY', 'LEFT')",ESCAPE,RIGHT,3,UNAVAILABLE,UNNECESSARY,LEFT,0.0,0.10347825,0.0,-0.071482755,0.0,0.0,RIGHT,0.10347825
"('ESCAPE', 'UP', 3, 'USELESS', 'UNNECESSARY', 'LEFT')",ESCAPE,UP,3,USELESS,UNNECESSARY,LEFT,0.4958049,0.0,-0.09023672,0.0,0.0,-0.05042611,UP,0.4958049
"('ESCAPE', 'UP', 11, 'ATTACK', 'UNSAFE', 'UP')",ESCAPE,UP,11,ATTACK,UNSAFE,UP,0.0,-0.010032266,-0.501,0.0,0.0,0.0,UP,0.0
"('BOMBING', 'RIGHT', 3, 'ATTACK', 'UNNECESSARY', 'RIGHT')",BOMBING,RIGHT,3,ATTACK,UNNECESSARY,RIGHT,0.0,0.10588957,0.0,0.0,0.0,0.0,RIGHT,0.10588957
"('BOMBING', 'UP', 4, 'ATTACK', 'UNNECESSARY', 'UP')",BOMBING,UP,4,ATTACK,UNNECESSARY,UP,-0.501,0.0,0.0,0.0,0.0,0.42393678,BOMB,0.42393678
"('BOMBING', 'DOWN', 7, 'GOOD_HIGH', 'UNNECESSARY', 'RIGHT')",BOMBING,DOWN,7,GOOD_HIGH,UNNECESSARY,RIGHT,0.0,0.0,0.0,-0.501,0.0,0.0,UP,0.0
"('BOMBING', 'LEFT', 11, 'ATTACK', 'UNNECESSARY', 'WAIT')",BOMBING,LEFT,11,ATTACK,UNNECESSARY,WAIT,0.0,0.0,-0.02412164,0.0,0.0,0.0,UP,0.0
"('ESCAPE', 'LEFT', 8, 'GOOD_LOW', 'UNSAFE', 'DOWN')",ESCAPE,LEFT,8,GOOD_LOW,UNSAFE,DOWN,0.0,-0.501,0.0,0.0,-0.2428389,0.0,UP,0.0
"('NONE', 'NONE', 13, 'ATTACK', 'UNNECESSARY', 'BOMB')",NONE,NONE,13,ATTACK,UNNECESSARY,BOMB,0.0,0.0,0.052070715,0.0,0.0,0.0,DOWN,0.052070715
"('BOMBING', 'UP', 10, 'USELESS', 'UNNECESSARY', 'LEFT')",BOMBING,UP,10,USELESS,UNNECESSARY,LEFT,0.0,0.0,0.0,0.0,-0.040849257,0.0,UP,0.0
"('COIN', 'UP', 12, 'GOOD_HIGH', 'UNNECESSARY', 'RIGHT')",COIN,UP,12,GOOD_HIGH,UNNECESSARY,RIGHT,0.0,0.0,0.0,0.0,0.0,0.17140546,BOMB,0.17140546
"('COIN', 'RIGHT', 13, 'GOOD_LOW', 'UNNECESSARY', 'UP')",COIN,RIGHT,13,GOOD_LOW,UNNECESSARY,UP,0.0,-0.501,0.0,0.0,0.0,0.0,UP,0.0
"('BOMBING', 'DOWN', 12, 'ATTACK', 'UNNECESSARY', 'UP')",BOMBING,DOWN,12,ATTACK,UNNECESSARY,UP,0.0,0.0,0.0,0.0,0.0,0.41306043,BOMB,0.41306043
"('BOMBING', 'UP', 2, 'UNAVAILABLE', 'UNNECESSARY', 'RIGHT')",BOMBING,UP,2,UNAVAILABLE,UNNECESSARY,RIGHT,-0.501,0.0,0.0,0.0,0.0,0.0,RIGHT,0.0
"('ESCAPE', 'RIGHT', 6, 'ATTACK', 'UNNECESSARY', 'UP')",ESCAPE,RIGHT,6,ATTACK,UNNECESSARY,UP,0.0,0.0,0.0,0.0,-0.051,0.18261106,BOMB,0.18261106
"('ESCAPE', 'RIGHT', 6, 'GOOD_HIGH', 'UNNECESSARY', 'WAIT')",ESCAPE,RIGHT,6,GOOD_HIGH,UNNECESSARY,WAIT,0.0,0.0,-0.001,0.0,-0.051,0.0,UP,0.0
"('BOMBING', 'RIGHT', 13, 'GOOD_LOW', 'UNNECESSARY', 'LEFT')",BOMBING,RIGHT,13,GOOD_LOW,UNNECESSARY,LEFT,0.0,0.0,0.0,0.0,0.0,0.080198236,BOMB,0.080198236
"('ESCAPE', 'RIGHT', 2, 'UNSAFE', 'UNSAFE', 'DOWN')",ESCAPE,RIGHT,2,UNSAFE,UNSAFE,DOWN,0.0,0.0,-0.501,-0.601,0.0,0.0,UP,0.0
"('BOMBING', 'LEFT', 15, 'USELESS', 'UNNECESSARY', 'BOMB')",BOMBING,LEFT,15,USELESS,UNNECESSARY,BOMB,0.0,0.0,0.0,0.0,0.0,-0.05809949,UP,0.0
"('ESCAPE', 'UP', 11, 'GOOD_HIGH', 'UNNECESSARY', 'LEFT')",ESCAPE,UP,11,GOOD_HIGH,UNNECESSARY,LEFT,0.0,0.0,0.0,0.4675197,0.0,0.0,LEFT,0.4675197
"('COIN', 'UP', 10, 'GOOD_LOW', 'UNNECESSARY', 'RIGHT')",COIN,UP,10,GOOD_LOW,UNNECESSARY,RIGHT,0.0,0.0,0.0,0.0,-0.051,0.0,UP,0.0
"('BOMBING', 'DOWN', 5, 'UNSAFE', 'UNNECESSARY', 'DOWN')",BOMBING,DOWN,5,UNSAFE,UNNECESSARY,DOWN,0.0,0.0,0.0,-0.101,0.0,-0.8145629,UP,0.0
"('BOMBING', 'DOWN', 4, 'UNSAFE', 'UNNECESSARY', 'LEFT')",BOMBING,DOWN,4,UNSAFE,UNNECESSARY,LEFT,0.0,0.0,-0.2652974,-0.101,0.0,0.0,UP,0.0
"('NONE', 'NONE', 6, 'ATTACK', 'UNNECESSARY', 'UP')",NONE,NONE,6,ATTACK,UNNECESSARY,UP,-0.101,0.0,0.0,0.0,0.0,0.097998664,BOMB,0.097998664
"('BOMBING', 'UP', 7, 'GOOD_LOW', 'UNNECESSARY', 'DOWN')",BOMBING,UP,7,GOOD_LOW,UNNECESSARY,DOWN,0.072044715,0.0,0.0,0.0,0.0,0.0,UP,0.072044715
"('BOMBING', 'RIGHT', 14, 'USELESS', 'UNNECESSARY', 'DOWN')",BOMBING,RIGHT,14,USELESS,UNNECESSARY,DOWN,-0.501,0.0,0.0,0.0,0.0,0.0,RIGHT,0.0
"('ESCAPE', 'DOWN', 5, 'UNAVAILABLE', 'UNSAFE', 'RIGHT')",ESCAPE,DOWN,5,UNAVAILABLE,UNSAFE,RIGHT,0.0,0.0,0.43369985,-0.901,-0.801,-1.101,DOWN,0.43369985
"('COIN', 'LEFT', 8, 'UNSAFE', 'UNNECESSARY', 'RIGHT')",COIN,LEFT,8,UNSAFE,UNNECESSARY,RIGHT,-0.2931426,0.0,0.0,0.0,0.0,0.0,RIGHT,0.0
"('BOMBING', 'LEFT', 7, 'USELESS', 'UNNECESSARY', 'UP')",BOMBING,LEFT,7,USELESS,UNNECESSARY,UP,0.0,0.0,0.0,-0.501,0.0,0.0,UP,0.0
"('ESCAPE', 'RIGHT', 14, 'ATTACK', 'UNSAFE', 'RIGHT')",ESCAPE,RIGHT,14,ATTACK,UNSAFE,RIGHT,0.0,0.05376365,0.0,0.0,-0.501,0.0,RIGHT,0.05376365
"('COIN', 'RIGHT', 9, 'GOOD_HIGH', 'UNNECESSARY', 'LEFT')",COIN,RIGHT,9,GOOD_HIGH,UNNECESSARY,LEFT,0.0,0.0,0.0,0.0,-0.051,0.0,UP,0.0
"('COIN', 'RIGHT', 9, 'GOOD_HIGH', 'UNNECESSARY', 'WAIT')",COIN,RIGHT,9,GOOD_HIGH,UNNECESSARY,WAIT,0.0,0.0,0.0,0.1453193,0.0,0.0,LEFT,0.1453193
"('BOMBING', 'DOWN', 15, 'USELESS', 'UNNECESSARY', 'BOMB')",BOMBING,DOWN,15,USELESS,UNNECESSARY,BOMB,0.0,0.0,0.0,0.0,-0.018054102,0.0,UP,0.0
"('BOMBING', 'RIGHT', 12, 'UNAVAILABLE', 'UNNECESSARY', 'LEFT')",BOMBING,RIGHT,12,UNAVAILABLE,UNNECESSARY,LEFT,-0.040692203,-1.201,0.4397678,0.0,-0.051,0.0,DOWN,0.4397678
"('BOMBING', 'RIGHT', 9, 'UNAVAILABLE', 'UNNECESSARY', 'LEFT')",BOMBING,RIGHT,9,UNAVAILABLE,UNNECESSARY,LEFT,0.34826577,0.0,0.0,0.0,0.0,0.0,UP,0.34826577
"('ESCAPE', 'DOWN', 6, 'ATTACK', 'UNNECESSARY', 'WAIT')",ESCAPE,DOWN,6,ATTACK,UNNECESSARY,WAIT,-0.08617693,0.0,0.0,0.0,0.0,0.0,RIGHT,0.0
"('BOMBING', 'UP', 7, 'UNSAFE', 'UNNECESSARY', 'UP')",BOMBING,UP,7,UNSAFE,UNNECESSARY,UP,0.0,0.0,0.0,0.0,-0.04294757,0.0,UP,0.0
"('BOMBING', 'DOWN', 7, 'UNSAFE', 'UNNECESSARY', 'DOWN')",BOMBING,DOWN,7,UNSAFE,UNNECESSARY,DOWN,-0.10180562,0.0,0.0,0.0,-0.038355716,-0.37686568,RIGHT,0.0
"('COIN', 'RIGHT', 14, 'UNAVAILABLE', 'UNNECESSARY', 'WAIT')",COIN,RIGHT,14,UNAVAILABLE,UNNECESSARY,WAIT,0.0,0.0,0.0,0.08425405,0.0,0.0,LEFT,0.08425405
"('NONE', 'NONE', 11, 'ATTACK', 'UNNECESSARY', 'UP')",NONE,NONE,11,ATTACK,UNNECESSARY,UP,0.0,0.0,-0.021645248,0.0,0.0,0.0,UP,0.0
"('COIN', 'RIGHT', 5, 'USELESS', 'UNNECESSARY', 'DOWN')",COIN,RIGHT,5,USELESS,UNNECESSARY,DOWN,0.0,0.0,0.0,0.0,0.0,-0.06350483,UP,0.0
"('ESCAPE', 'RIGHT', 14, 'UNAVAILABLE', 'UNSAFE', 'RIGHT')",ESCAPE,RIGHT,14,UNAVAILABLE,UNSAFE,RIGHT,-0.501,0.0,0.06179764,0.0,0.0,0.0,DOWN,0.06179764
"('ESCAPE', 'RIGHT', 6, 'ATTACK', 'UNNECESSARY', 'RIGHT')",ESCAPE,RIGHT,6,ATTACK,UNNECESSARY,RIGHT,0.0,0.037325907,0.0,0.0,-0.051,0.0,RIGHT,0.037325907
"('ESCAPE', 'RIGHT', 6, 'ATTACK', 'UNSAFE', 'WAIT')",ESCAPE,RIGHT,6,ATTACK,UNSAFE,WAIT,-0.601,0.0,0.0,0.0,0.0,0.0,RIGHT,0.0
"('NONE', 'NONE', 5, 'ATTACK', 'UNNECESSARY', 'BOMB')",NONE,NONE,5,ATTACK,UNNECESSARY,BOMB,0.042616356,0.0,0.0,0.0,0.0,0.0,UP,0.042616356
"('NONE', 'NONE', 8, 'UNSAFE', 'UNNECESSARY', 'DOWN')",NONE,NONE,8,UNSAFE,UNNECESSARY,DOWN,-0.08749585,0.0,-0.101,-0.032777786,0.0,-0.86804205,RIGHT,0.0
"('ESCAPE', 'DOWN', 4, 'GOOD_HIGH', 'UNNECESSARY', 'BOMB')",ESCAPE,DOWN,4,GOOD_HIGH,UNNECESSARY,BOMB,0.0,0.0,0.01907754,0.0,0.0,0.0,DOWN,0.01907754
"('ESCAPE', 'UP', 3, 'GOOD_HIGH', 'UNSAFE', 'DOWN')",ESCAPE,UP,3,GOOD_HIGH,UNSAFE,DOWN,0.059151728,0.0,-0.601,0.0,0.0,0.0,UP,0.059151728
"('BOMBING', 'LEFT', 9, 'USELESS', 'UNNECESSARY', 'NONE')",BOMBING,LEFT,9,USELESS,UNNECESSARY,NONE,0.0,-0.069792114,0.0,0.0,0.0,0.0,UP,0.0
"('BOMBING', 'DOWN', 0, 'UNAVAILABLE', 'NECESSARY', 'BOMB')",BOMBING,DOWN,0,UNAVAILABLE,NECESSARY,BOMB,0.0,0.0,-1.201,0.0,0.07644742,0.0,WAIT,0.07644742
"('BOMBING', 'RIGHT', 15, 'UNSAFE', 'UNNECESSARY', 'UP')",BOMBING,RIGHT,15,UNSAFE,UNNECESSARY,UP,-0.011,0.0,0.0,0.0,0.0,0.0,RIGHT,0.0
"('ESCAPE', 'DOWN', 5, 'UNAVAILABLE', 'UNNECESSARY', 'LEFT')",ESCAPE,DOWN,5,UNAVAILABLE,UNNECESSARY,LEFT,0.0,0.0,0.0,0.0,-0.0056056455,0.0,UP,0.0
"('NONE', 'NONE', 1, 'USELESS', 'UNNECESSARY', 'RIGHT')",NONE,NONE,1,USELESS,UNNECESSARY,RIGHT,0.020639667,0.0,-0.09537239,0.0,-0.051,0.0,UP,0.020639667
"('ESCAPE', 'UP', 7, 'ATTACK', 'UNSAFE', 'UP')",ESCAPE,UP,7,ATTACK,UNSAFE,UP,0.11616439,0.0,0.0,0.0,-0.501,0.0,UP,0.11616439
"('ESCAPE', 'UP', 13, 'GOOD_LOW', 'UNSAFE', 'RIGHT')",ESCAPE,UP,13,GOOD_LOW,UNSAFE,RIGHT,0.24310213,0.0,0.0,0.0,0.0,0.0,UP,0.24310213
"('ESCAPE', 'UP', 1, 'UNSAFE', 'UNSAFE', 'UP')",ESCAPE,UP,1,UNSAFE,UNSAFE,UP,0.0,-0.601,0.0,0.0,0.0,-1.001,UP,0.0
"('COIN', 'DOWN', 9, 'GOOD_HIGH', 'UNNECESSARY', 'DOWN')",COIN,DOWN,9,GOOD_HIGH,UNNECESSARY,DOWN,0.0,0.0,-0.501,0.0,0.0,0.0,UP,0.0
"('BOMBING', 'LEFT', 13, 'UNSAFE', 'UNNECESSARY', 'UP')",BOMBING,LEFT,13,UNSAFE,UNNECESSARY,UP,0.0,0.0,0.0,0.19001722,0.0,0.0,LEFT,0.19001722
"('COIN', 'DOWN', 4, 'USELESS', 'UNNECESSARY', 'RIGHT')",COIN,DOWN,4,USELESS,UNNECESSARY,RIGHT,0.0,0.0,0.0014082637,0.0,0.0,0.0,DOWN,0.0014082637
"('ESCAPE', 'DOWN', 13, 'UNAVAILABLE', 'UNNECESSARY', 'DOWN')",ESCAPE,DOWN,13,UNAVAILABLE,UNNECESSARY,DOWN,0.0,-0.040338706,0.0,0.0,0.0,-0.101,UP,0.0
"('ESCAPE', 'DOWN', 12, 'GOOD_HIGH', 'UNNECESSARY', 'BOMB')",ESCAPE,DOWN,12,GOOD_HIGH,UNNECESSARY,BOMB,0.0,-0.101,0.0,0.0,0.0,0.0,UP,0.0
"('ESCAPE', 'DOWN', 12, 'GOOD_HIGH', 'UNSAFE', 'RIGHT')",ESCAPE,DOWN,12,GOOD_HIGH,UNSAFE,RIGHT,0.0,-0.501,0.044315595,-0.001,0.0,0.0,DOWN,0.044315595
"('COIN', 'UP', 15, 'USELESS', 'UNNECESSARY', 'BOMB')",COIN,UP,15,USELESS,UNNECESSARY,BOMB,0.0,0.0,0.05918636,0.0,0.0,-0.025948366,DOWN,0.05918636
"('COIN', 'UP', 3, 'UNSAFE', 'UNNECESSARY', 'LEFT')",COIN,UP,3,UNSAFE,UNNECESSARY,LEFT,0.16515349,0.0,0.0,0.0,0.0,-0.3072969,UP,0.16515349
"('ESCAPE', 'LEFT', 10, 'GOOD_LOW', 'UNNECESSARY', 'WAIT')",ESCAPE,LEFT,10,GOOD_LOW,UNNECESSARY,WAIT,0.0,0.0,0.0,0.0,0.0,0.11356044,BOMB,0.11356044
"('BOMBING', 'UP', 10, 'USELESS', 'UNNECESSARY', 'DOWN')",BOMBING,UP,10,USELESS,UNNECESSARY,DOWN,0.0,0.31923163,-0.030479033,0.0,0.0,-0.0010834846,RIGHT,0.31923163
"('COIN', 'DOWN', 13, 'ATTACK', 'UNNECESSARY', 'WAIT')",COIN,DOWN,13,ATTACK,UNNECESSARY,WAIT,0.0,0.0,0.0,0.0,0.0,0.11948783,BOMB,0.11948783
"('BOMBING', 'HERE', 5, 'GOOD_LOW', 'UNNECESSARY', 'RIGHT')",BOMBING,HERE,5,GOOD_LOW,UNNECESSARY,RIGHT,0.0,-0.101,0.0,0.0,0.0,0.0,UP,0.0
"('BOMBING', 'HERE', 4, 'ATTACK', 'UNNECESSARY', 'RIGHT')",BOMBING,HERE,4,ATTACK,UNNECESSARY,RIGHT,-0.006515261,-0.044942163,-0.2773677,0.0,0.0,0.0,LEFT,0.0
"('BOMBING', 'UP', 1, 'USELESS', 'UNNECESSARY', 'LEFT')",BOMBING,UP,1,USELESS,UNNECESSARY,LEFT,0.0,0.0,0.0,0.0,0.0,-0.029444562,UP,0.0
"('COIN', 'RIGHT', 2, 'UNSAFE', 'UNNECESSARY', 'DOWN')",COIN,RIGHT,2,UNSAFE,UNNECESSARY,DOWN,0.0,0.0,0.0,0.0,0.0,-0.80391884,UP,0.0
"('BOMBING', 'LEFT', 13, 'USELESS', 'UNNECESSARY', 'LEFT')",BOMBING,LEFT,13,USELESS,UNNECESSARY,LEFT,0.0,0.0,0.0,0.11182225,-0.027128838,-0.029445335,LEFT,0.11182225
"('COIN', 'RIGHT', 13, 'USELESS', 'UNNECESSARY', 'DOWN')",COIN,RIGHT,13,USELESS,UNNECESSARY,DOWN,0.0,-0.501,0.0,0.0,-0.051,0.0,UP,0.0
"('ESCAPE', 'LEFT', 9, 'UNAVAILABLE', 'UNSAFE', 'DOWN')",ESCAPE,LEFT,9,UNAVAILABLE,UNSAFE,DOWN,0.0,0.0,0.0,0.056624793,0.0,0.0,LEFT,0.056624793
"('ESCAPE', 'LEFT', 10, 'UNAVAILABLE', 'UNSAFE', 'LEFT')",ESCAPE,LEFT,10,UNAVAILABLE,UNSAFE,LEFT,0.0,-0.7376855,0.0,2.0550625,0.0,-0.4734738,LEFT,2.0550625
"('COIN', 'LEFT', 15, 'UNSAFE', 'UNNECESSARY', 'LEFT')",COIN,LEFT,15,UNSAFE,UNNECESSARY,LEFT,0.0,0.0,-0.101,0.0,0.0,0.0,UP,0.0
"('COIN', 'LEFT', 10, 'UNSAFE', 'UNNECESSARY', 'DOWN')",COIN,LEFT,10,UNSAFE,UNNECESSARY,DOWN,0.0,0.0,0.0,0.009,0.0,0.0,LEFT,0.009
"('COIN', 'LEFT', 2, 'UNSAFE', 'UNNECESSARY', 'LEFT')",COIN,LEFT,2,UNSAFE,UNNECESSARY,LEFT,-0.101,0.0,0.0,0.0,0.0,0.0,RIGHT,0.0
"('ESCAPE', 'LEFT', 8, 'USELESS', 'UNSAFE', 'BOMB')",ESCAPE,LEFT,8,USELESS,UNSAFE,BOMB,-0.31730235,0.0,0.0,0.03589005,0.0,-0.41889185,LEFT,0.03589005
"('BOMBING', 'RIGHT', 10, 'UNSAFE', 'UNNECESSARY', 'UP')",BOMBING,RIGHT,10,UNSAFE,UNNECESSARY,UP,-0.101,0.0,0.0,0.0,0.0,0.0,RIGHT,0.0
"('COIN', 'DOWN', 0, 'UNSAFE', 'NECESSARY', 'WAIT')",COIN,DOWN,0,UNSAFE,NECESSARY,WAIT,0.0,0.0,0.0,0.0,0.0057445876,0.0,WAIT,0.0057445876
"('BOMBING', 'HERE', 2, 'GOOD_LOW', 'UNNECESSARY', 'DOWN')",BOMBING,HERE,2,GOOD_LOW,UNNECESSARY,DOWN,0.0,0.020651773,0.0,0.0,0.0,0.0,RIGHT,0.020651773
"('ESCAPE', 'LEFT', 8, 'GOOD_LOW', 'UNNECESSARY', 'RIGHT')",ESCAPE,LEFT,8,GOOD_LOW,UNNECESSARY,RIGHT,0.0,-0.101,-0.101,0.0,0.0,0.0,UP,0.0
"('COIN', 'RIGHT', 2, 'USELESS', 'UNNECESSARY', 'WAIT')",COIN,RIGHT,2,USELESS,UNNECESSARY,WAIT,0.0,0.0,0.0013274755,0.0,0.0,0.0,DOWN,0.0013274755
"('ESCAPE', 'DOWN', 14, 'GOOD_HIGH', 'UNNECESSARY', 'LEFT')",ESCAPE,DOWN,14,GOOD_HIGH,UNNECESSARY,LEFT,0.0,0.0,0.0,0.3817675,0.0,0.0,LEFT,0.3817675
"('COIN', 'RIGHT', 8, 'ATTACK', 'UNNECESSARY', 'WAIT')",COIN,RIGHT,8,ATTACK,UNNECESSARY,WAIT,0.0,0.0,0.0,0.12151439,0.0,0.0,LEFT,0.12151439
"('COIN', 'LEFT', 7, 'UNAVAILABLE', 'UNNECESSARY', 'UP')",COIN,LEFT,7,UNAVAILABLE,UNNECESSARY,UP,0.0,0.0,0.0,-0.501,0.0,0.0,UP,0.0
"('BOMBING', 'UP', 14, 'UNAVAILABLE', 'UNNECESSARY', 'RIGHT')",BOMBING,UP,14,UNAVAILABLE,UNNECESSARY,RIGHT,0.0,0.0,0.0,0.15460996,0.0,0.0,LEFT,0.15460996
"('ESCAPE', 'RIGHT', 14, 'USELESS', 'UNSAFE', 'UP')",ESCAPE,RIGHT,14,USELESS,UNSAFE,UP,0.0,0.0,-0.0073004304,0.16686371,0.0,0.0,LEFT,0.16686371
"('BOMBING', 'LEFT', 2, 'GOOD_HIGH', 'UNNECESSARY', 'LEFT')",BOMBING,LEFT,2,GOOD_HIGH,UNNECESSARY,LEFT,-0.09947513,0.0,0.0,0.0,0.0,0.323265,BOMB,0.323265
"('ESCAPE', 'UP', 13, 'USELESS', 'UNSAFE', 'LEFT')",ESCAPE,UP,13,USELESS,UNSAFE,LEFT,0.0,-0.501,0.0,0.0,0.0,0.0,UP,0.0
"('BOMBING', 'UP', 1, 'USELESS', 'UNNECESSARY', 'RIGHT')",BOMBING,UP,1,USELESS,UNNECESSARY,RIGHT,0.0,0.0,0.0,0.0,-0.046265665,-0.0022221038,UP,0.0
"('COIN', 'UP', 14, 'UNAVAILABLE', 'UNNECESSARY', 'RIGHT')",COIN,UP,14,UNAVAILABLE,UNNECESSARY,RIGHT,-0.501,0.0,0.0,0.0,0.0,0.0,RIGHT,0.0
"('COIN', 'RIGHT', 5, 'GOOD_LOW', 'UNNECESSARY', 'UP')",COIN,RIGHT,5,GOOD_LOW,UNNECESSARY,UP,0.0,0.0,0.0,-0.061993375,0.0,0.0,UP,0.0
"('COIN', 'UP', 5, 'UNSAFE', 'UNNECESSARY', 'WAIT')",COIN,UP,5,UNSAFE,UNNECESSARY,WAIT,0.0,-0.101,0.0,0.0,0.0,0.0,UP,0.0
"('ESCAPE', 'DOWN', 5, 'UNAVAILABLE', 'UNNECESSARY', 'RIGHT')",ESCAPE,DOWN,5,UNAVAILABLE,UNNECESSARY,RIGHT,-0.001,0.0,0.0,0.0,0.0,0.0,RIGHT,0.0
"('BOMBING', 'LEFT', 0, 'UNSAFE', 'NECESSARY', 'DOWN')",BOMBING,LEFT,0,UNSAFE,NECESSARY,DOWN,0.0,0.0,0.0,-0.501,0.053851854,0.0,WAIT,0.053851854
"('COIN', 'RIGHT', 2, 'GOOD_LOW', 'UNNECESSARY', 'RIGHT')",COIN,RIGHT,2,GOOD_LOW,UNNECESSARY,RIGHT,0.0,0.22857796,0.0,0.0,0.0,0.0,RIGHT,0.22857796
"('COIN', 'LEFT', 5, 'UNAVAILABLE', 'UNNECESSARY', 'DOWN')",COIN,LEFT,5,UNAVAILABLE,UNNECESSARY,DOWN,0.0,0.0,0.0,0.0,0.0,0.009032923,BOMB,0.009032923
"('ESCAPE', 'DOWN', 13, 'ATTACK', 'UNNECESSARY', 'RIGHT')",ESCAPE,DOWN,13,ATTACK,UNNECESSARY,RIGHT,0.0,0.0,0.13072133,0.0,0.0,0.0,DOWN,0.13072133
"('ESCAPE', 'LEFT', 10, 'UNAVAILABLE', 'UNSAFE', 'UP')",ESCAPE,LEFT,10,UNAVAILABLE,UNSAFE,UP,-1.101,0.0,0.0,0.0,0.0,0.0,RIGHT,0.0
"('BOMBING', 'RIGHT', 7, 'UNSAFE', 'UNNECESSARY', 'LEFT')",BOMBING,RIGHT,7,UNSAFE,UNNECESSARY,LEFT,0.0,0.12657145,0.0,0.0,0.0,0.0,RIGHT,0.12657145
"('COIN', 'RIGHT', 7, 'GOOD_LOW', 'UNNECESSARY', 'WAIT')",COIN,RIGHT,7,GOOD_LOW,UNNECESSARY,WAIT,0.0,0.0,0.0,0.0,-0.051,0.15388888,BOMB,0.15388888
"('ESCAPE', 'RIGHT', 6, 'ATTACK', 'UNSAFE', 'DOWN')",ESCAPE,RIGHT,6,ATTACK,UNSAFE,DOWN,0.0,0.0,0.0,0.0,0.0,-0.501,UP,0.0
"('ESCAPE', 'LEFT', 12, 'GOOD_LOW', 'UNNECESSARY', 'RIGHT')",ESCAPE,LEFT,12,GOOD_LOW,UNNECESSARY,RIGHT,-0.101,0.0,0.0,0.0,0.0,0.0,RIGHT,0.0
"('COIN', 'DOWN', 4, 'GOOD_LOW', 'UNNECESSARY', 'DOWN')",COIN,DOWN,4,GOOD_LOW,UNNECESSARY,DOWN,-0.501,0.0,0.0,0.0,0.0,0.13019395,BOMB,0.13019395
"('BOMBING', 'RIGHT', 1, 'GOOD_LOW', 'UNNECESSARY', 'LEFT')",BOMBING,RIGHT,1,GOOD_LOW,UNNECESSARY,LEFT,0.0,0.0,0.0,0.0,0.0,0.14707422,BOMB,0.14707422
"('NONE', 'NONE', 1, 'UNSAFE', 'UNNECESSARY', 'RIGHT')",NONE,NONE,1,UNSAFE,UNNECESSARY,RIGHT,0.0,0.0,0.0126099195,0.0,0.0,0.0,DOWN,0.0126099195
"('ESCAPE', 'LEFT', 14, 'ATTACK', 'UNNECESSARY', 'RIGHT')",ESCAPE,LEFT,14,ATTACK,UNNECESSARY,RIGHT,0.0,0.0,0.0,0.0,0.0,0.096097685,BOMB,0.096097685
"('ESCAPE', 'DOWN', 5, 'UNAVAILABLE', 'UNSAFE', 'LEFT')",ESCAPE,DOWN,5,UNAVAILABLE,UNSAFE,LEFT,0.0,0.0,0.0,0.0,0.0,-0.901,UP,0.0
"('BOMBING', 'UP', 4, 'ATTACK', 'UNNECESSARY', 'WAIT')",BOMBING,UP,4,ATTACK,UNNECESSARY,WAIT,0.0,0.0,0.07881296,0.0,0.0,0.0,DOWN,0.07881296
"('COIN', 'UP', 2, 'GOOD_HIGH', 'UNNECESSARY', 'DOWN')",COIN,UP,2,GOOD_HIGH,UNNECESSARY,DOWN,0.0,0.0,-0.101,0.0,0.0,0.15503727,BOMB,0.15503727
"('BOMBING', 'DOWN', 7, 'UNSAFE', 'UNNECESSARY', 'UP')",BOMBING,DOWN,7,UNSAFE,UNNECESSARY,UP,0.0,0.0,0.06295933,0.0,0.0,0.0,DOWN,0.06295933
"('COIN', 'RIGHT', 13, 'USELESS', 'UNNECESSARY', 'WAIT')",COIN,RIGHT,13,USELESS,UNNECESSARY,WAIT,0.0,0.0,0.0,0.1017449,0.0,0.0,LEFT,0.1017449
"('ESCAPE', 'RIGHT', 7, 'UNSAFE', 'UNNECESSARY', 'DOWN')",ESCAPE,RIGHT,7,UNSAFE,UNNECESSARY,DOWN,0.0,0.0,0.0,0.0,-0.051,0.0,UP,0.0
"('ESCAPE', 'RIGHT', 6, 'UNSAFE', 'UNNECESSARY', 'WAIT')",ESCAPE,RIGHT,6,UNSAFE,UNNECESSARY,WAIT,0.0,0.0,0.0,0.0,0.0,-0.9629031,UP,0.0
"('ESCAPE', 'LEFT', 8, 'UNSAFE', 'UNNECESSARY', 'BOMB')",ESCAPE,LEFT,8,UNSAFE,UNNECESSARY,BOMB,0.0,-0.33050424,0.0,0.0,0.0,0.0,UP,0.0
"('ESCAPE', 'LEFT', 14, 'UNAVAILABLE', 'UNNECESSARY', 'BOMB')",ESCAPE,LEFT,14,UNAVAILABLE,UNNECESSARY,BOMB,0.0,1.4037193,0.0,0.0,0.0,0.0,RIGHT,1.4037193
"('ESCAPE', 'LEFT', 12, 'UNAVAILABLE', 'UNSAFE', 'UP')",ESCAPE,LEFT,12,UNAVAILABLE,UNSAFE,UP,0.0,0.0,0.0,0.0,0.0,-0.601,UP,0.0
"('ESCAPE', 'RIGHT', 2, 'GOOD_LOW', 'UNSAFE', 'DOWN')",ESCAPE,RIGHT,2,GOOD_LOW,UNSAFE,DOWN,-0.601,0.0,0.0,0.0,0.0,0.0,RIGHT,0.0
"('ESCAPE', 'RIGHT', 3, 'UNSAFE', 'UNNECESSARY', 'LEFT')",ESCAPE,RIGHT,3,UNSAFE,UNNECESSARY,LEFT,0.0,0.0,0.0,0.0,-0.051,0.0,UP,0.0
"('ESCAPE', 'RIGHT', 3, 'UNSAFE', 'UNNECESSARY', 'WAIT')",ESCAPE,RIGHT,3,UNSAFE,UNNECESSARY,WAIT,0.0,0.0,0.0,0.0,0.0,-0.4049894,UP,0.0
"('NONE', 'NONE', 2, 'ATTACK', 'UNNECESSARY', 'DOWN')",NONE,NONE,2,ATTACK,UNNECESSARY,DOWN,0.0,0.0,-0.07728923,0.0,-0.039449833,0.0,UP,0.0
"('ESCAPE', 'DOWN', 14, 'UNAVAILABLE', 'UNSAFE', 'DOWN')",ESCAPE,DOWN,14,UNAVAILABLE,UNSAFE,DOWN,0.0,0.0,0.0,0.49610925,0.0,0.0,LEFT,0.49610925
"('BOMBING', 'UP', 14, 'ATTACK', 'UNNECESSARY', 'UP')",BOMBING,UP,14,ATTACK,UNNECESSARY,UP,-0.501,0.0,0.0,0.0,0.0,0.0,RIGHT,0.0
"('ESCAPE', 'RIGHT', 3, 'GOOD_HIGH', 'UNNECESSARY', 'LEFT')",ESCAPE,RIGHT,3,GOOD_HIGH,UNNECESSARY,LEFT,0.0,0.10498961,0.0,-0.101,-0.051,0.0,RIGHT,0.10498961
"('ESCAPE', 'RIGHT', 2, 'GOOD_HIGH', 'UNSAFE', 'WAIT')",ESCAPE,RIGHT,2,GOOD_HIGH,UNSAFE,WAIT,-0.501,0.0,0.0,-0.601,0.0,0.0,RIGHT,0.0
"('COIN', 'DOWN', 14, 'UNSAFE', 'UNNECESSARY', 'UP')",COIN,DOWN,14,UNSAFE,UNNECESSARY,UP,0.0,0.0,-0.016,0.0,-0.051,0.0,UP,0.0
"('COIN', 'DOWN', 1, 'GOOD_LOW', 'UNNECESSARY', 'WAIT')",COIN,DOWN,1,GOOD_LOW,UNNECESSARY,WAIT,0.0,0.0,0.0,0.0,0.0,0.13637264,BOMB,0.13637264
"('COIN', 'RIGHT', 4, 'GOOD_HIGH', 'UNNECESSARY', 'UP')",COIN,RIGHT,4,GOOD_HIGH,UNNECESSARY,UP,0.0,0.0,0.0,0.0,0.0023050203,0.0,WAIT,0.0023050203
"('BOMBING', 'DOWN', 1, 'UNSAFE', 'UNNECESSARY', 'RIGHT')",BOMBING,DOWN,1,UNSAFE,UNNECESSARY,RIGHT,0.09755232,0.0,0.0,0.0,0.0,-0.3509502,UP,0.09755232
"('BOMBING', 'DOWN', 11, 'ATTACK', 'UNNECESSARY', 'DOWN')",BOMBING,DOWN,11,ATTACK,UNNECESSARY,DOWN,0.0,0.0,-0.501,0.0,0.0,0.0,UP,0.0
"('COIN', 'UP', 10, 'USELESS', 'UNNECESSARY', 'DOWN')",COIN,UP,10,USELESS,UNNECESSARY,DOWN,0.0,0.06474283,0.0,0.0,0.0,0.0,RIGHT,0.06474283
"('NONE', 'NONE', 13, 'ATTACK', 'UNNECESSARY', 'LEFT')",NONE,NONE,13,ATTACK,UNNECESSARY,LEFT,0.0,0.0,0.107813746,0.0,-0.034957998,0.0,DOWN,0.107813746
"('ESCAPE', 'UP', 11, 'GOOD_LOW', 'UNSAFE', 'RIGHT')",ESCAPE,UP,11,GOOD_LOW,UNSAFE,RIGHT,0.0666021,0.0,0.0,0.0,0.0,0.0,UP,0.0666021
"('ESCAPE', 'UP', 7, 'UNAVAILABLE', 'UNNECESSARY', 'WAIT')",ESCAPE,UP,7,UNAVAILABLE,UNNECESSARY,WAIT,0.0,0.0,0.0,-0.08467367,0.0,0.0,UP,0.0
"('BOMBING', 'UP', 1, 'ATTACK', 'UNNECESSARY', 'LEFT')",BOMBING,UP,1,ATTACK,UNNECESSARY,LEFT,0.0,0.0,-0.40768135,0.0,0.0,0.0,UP,0.0
"('COIN', 'DOWN', 10, 'USELESS', 'UNNECESSARY', 'RIGHT')",COIN,DOWN,10,USELESS,UNNECESSARY,RIGHT,-0.025530368,0.07735035,0.0,0.0,0.0,0.0,RIGHT,0.07735035
"('ESCAPE', 'UP', 11, 'ATTACK', 'UNSAFE', 'LEFT')",ESCAPE,UP,11,ATTACK,UNSAFE,LEFT,0.0,0.0,0.0,0.24619019,0.0,0.0,LEFT,0.24619019
"('ESCAPE', 'DOWN', 12, 'ATTACK', 'UNNECESSARY', 'LEFT')",ESCAPE,DOWN,12,ATTACK,UNNECESSARY,LEFT,0.0,0.0,0.0,0.0,0.0,0.24035199,BOMB,0.24035199
"('ESCAPE', 'UP', 15, 'GOOD_LOW', 'UNNECESSARY', 'UP')",ESCAPE,UP,15,GOOD_LOW,UNNECESSARY,UP,0.0,0.0,0.0,0.0,0.0,0.24497344,BOMB,0.24497344
"('ESCAPE', 'DOWN', 4, 'GOOD_HIGH', 'UNSAFE', 'DOWN')",ESCAPE,DOWN,4,GOOD_HIGH,UNSAFE,DOWN,0.0,0.0,0.0,0.0,-0.26670507,0.0,UP,0.0
"('COIN', 'DOWN', 15, 'ATTACK', 'UNNECESSARY', 'BOMB')",COIN,DOWN,15,ATTACK,UNNECESSARY,BOMB,0.0,0.0,0.0,0.091896,0.0,0.0,LEFT,0.091896
"('COIN', 'DOWN', 14, 'UNSAFE', 'UNNECESSARY', 'WAIT')",COIN,DOWN,14,UNSAFE,UNNECESSARY,WAIT,0.0,0.0,0.0,0.0,0.0,-0.89070034,UP,0.0
"('ESCAPE', 'RIGHT', 3, 'USELESS', 'UNNECESSARY', 'UP')",ESCAPE,RIGHT,3,USELESS,UNNECESSARY,UP,0.0,0.04443627,0.0,0.0,0.0,0.0,RIGHT,0.04443627
"('BOMBING', 'RIGHT', 15, 'USELESS', 'UNNECESSARY', 'BOMB')",BOMBING,RIGHT,15,USELESS,UNNECESSARY,BOMB,0.09448788,0.0,0.0,0.0,0.0,0.0,UP,0.09448788
"('BOMBING', 'HERE', 13, 'UNAVAILABLE', 'UNNECESSARY', 'LEFT')",BOMBING,HERE,13,UNAVAILABLE,UNNECESSARY,LEFT,0.0,-1.201,0.42602047,0.0,0.0,-0.101,DOWN,0.42602047
"('ESCAPE', 'UP', 1, 'UNSAFE', 'UNNECESSARY', 'LEFT')",ESCAPE,UP,1,UNSAFE,UNNECESSARY,LEFT,0.0,0.0,0.0,0.0,-0.051,0.0,UP,0.0
"('ESCAPE', 'UP', 1, 'UNSAFE', 'UNSAFE', 'WAIT')",ESCAPE,UP,1,UNSAFE,UNSAFE,WAIT,0.0,0.0,0.0,0.0,-0.27367696,0.0,UP,0.0
"('ESCAPE', 'UP', 5, 'GOOD_LOW', 'UNNECESSARY', 'WAIT')",ESCAPE,UP,5,GOOD_LOW,UNNECESSARY,WAIT,0.0,0.0,-0.001,0.0,0.0,0.0,UP,0.0
"('ESCAPE', 'LEFT', 9, 'UNAVAILABLE', 'UNSAFE', 'LEFT')",ESCAPE,LEFT,9,UNAVAILABLE,UNSAFE,LEFT,0.0,-0.58755475,0.0,0.5259932,0.0,0.0,LEFT,0.5259932
"('COIN', 'UP', 8, 'GOOD_HIGH', 'UNNECESSARY', 'RIGHT')",COIN,UP,8,GOOD_HIGH,UNNECESSARY,RIGHT,0.0,0.0,-0.08464186,0.0,0.0,0.0,UP,0.0
"('ESCAPE', 'RIGHT', 3, 'GOOD_HIGH', 'UNNECESSARY', 'DOWN')",ESCAPE,RIGHT,3,GOOD_HIGH,UNNECESSARY,DOWN,0.0,0.0,0.0,0.0,-0.051,0.0,UP,0.0
"('BOMBING', 'RIGHT', 8, 'USELESS', 'UNNECESSARY', 'BOMB')",BOMBING,RIGHT,8,USELESS,UNNECESSARY,BOMB,0.0,0.0,-0.03187464,0.0,0.0,0.0,UP,0.0
"('BOMBING', 'LEFT', 7, 'GOOD_HIGH', 'UNNECESSARY', 'UP')",BOMBING,LEFT,7,GOOD_HIGH,UNNECESSARY,UP,0.0,0.0,0.0,0.0,0.0,0.17210475,BOMB,0.17210475
"('BOMBING', 'RIGHT', 1, 'UNAVAILABLE', 'UNNECESSARY', 'DOWN')",BOMBING,RIGHT,1,UNAVAILABLE,UNNECESSARY,DOWN,0.0,0.0,0.010753906,0.0,0.0,0.0,DOWN,0.010753906
"('ESCAPE', 'DOWN', 14, 'GOOD_HIGH', 'UNNECESSARY', 'RIGHT')",ESCAPE,DOWN,14,GOOD_HIGH,UNNECESSARY,RIGHT,0.0,0.0,0.0,0.2670978,0.0,0.0,LEFT,0.2670978
"('BOMBING', 'DOWN', 10, 'GOOD_LOW', 'UNNECESSARY', 'LEFT')",BOMBING,DOWN,10,GOOD_LOW,UNNECESSARY,LEFT,0.0,0.0,-0.501,0.0,0.0,0.0,UP,0.0
"('BOMBING', 'RIGHT', 5, 'GOOD_HIGH', 'UNNECESSARY', 'UP')",BOMBING,RIGHT,5,GOOD_HIGH,UNNECESSARY,UP,0.0,-0.501,0.0,0.0,0.0,0.0,UP,0.0
"('BOMBING', 'RIGHT', 13, 'UNAVAILABLE', 'UNNECESSARY', 'UP')",BOMBING,RIGHT,13,UNAVAILABLE,UNNECESSARY,UP,0.053794473,0.0,0.0,0.0,0.0,0.0,UP,0.053794473
"('ESCAPE', 'LEFT', 13, 'USELESS', 'UNNECESSARY', 'DOWN')",ESCAPE,LEFT,13,USELESS,UNNECESSARY,DOWN,0.0,0.0,0.0,0.09630719,0.0,0.0,LEFT,0.09630719
"('ESCAPE', 'UP', 1, 'ATTACK', 'UNNECESSARY', 'BOMB')",ESCAPE,UP,1,ATTACK,UNNECESSARY,BOMB,0.17951287,-0.101,0.0,0.0,-0.054442994,0.0,UP,0.17951287
"('NONE', 'NONE', 2, 'USELESS', 'UNNECESSARY', 'DOWN')",NONE,NONE,2,USELESS,UNNECESSARY,DOWN,0.0,0.0,0.0,-0.501,0.0,0.0,UP,0.0
"('ESCAPE', 'UP', 9, 'UNSAFE', 'UNNECESSARY', 'DOWN')",ESCAPE,UP,9,UNSAFE,UNNECESSARY,DOWN,0.0,0.0,0.0,0.0,-0.051,0.0,UP,0.0
"('ESCAPE', 'UP', 9, 'GOOD_HIGH', 'UNNECESSARY', 'WAIT')",ESCAPE,UP,9,GOOD_HIGH,UNNECESSARY,WAIT,0.0,0.0,-0.09628697,0.0,0.0,0.0,UP,0.0
"('COIN', 'UP', 1, 'USELESS', 'UNNECESSARY', 'LEFT')",COIN,UP,1,USELESS,UNNECESSARY,LEFT,0.12697794,0.0,0.0,0.0,0.0,-0.0015680096,UP,0.12697794
"('ESCAPE', 'UP', 11, 'USELESS', 'UNNECESSARY', 'UP')",ESCAPE,UP,11,USELESS,UNNECESSARY,UP,0.010221471,0.0,0.0,0.0,0.0,0.0,UP,0.010221471
"('NONE', 'NONE', 12, 'UNAVAILABLE', 'UNNECESSARY', 'LEFT')",NONE,NONE,12,UNAVAILABLE,UNNECESSARY,LEFT,-0.06453264,-1.201,0.26838866,0.0,0.0,-0.101,DOWN,0.26838866
"('BOMBING', 'UP', 11, 'USELESS', 'UNNECESSARY', 'UP')",BOMBING,UP,11,USELESS,UNNECESSARY,UP,0.0,0.0,0.0,0.0,0.016677821,0.0,WAIT,0.016677821
"('BOMBING', 'LEFT', 9, 'USELESS', 'UNNECESSARY', 'BOMB')",BOMBING,LEFT,9,USELESS,UNNECESSARY,BOMB,0.0,-0.062409997,0.0,0.0,0.0,0.0,UP,0.0
"('ESCAPE', 'UP', 3, 'UNAVAILABLE', 'UNNECESSARY', 'DOWN')",ESCAPE,UP,3,UNAVAILABLE,UNNECESSARY,DOWN,0.0,0.31563625,0.0,0.0,0.0,0.0,RIGHT,0.31563625
"('COIN', 'UP', 14, 'GOOD_LOW', 'UNNECESSARY', 'RIGHT')",COIN,UP,14,GOOD_LOW,UNNECESSARY,RIGHT,-0.501,0.0,0.0,0.0,0.0,0.0,RIGHT,0.0
"('BOMBING', 'DOWN', 13, 'UNSAFE', 'UNNECESSARY', 'DOWN')",BOMBING,DOWN,13,UNSAFE,UNNECESSARY,DOWN,0.0,0.0,0.0,-0.031456105,0.0,0.0,UP,0.0
"('BOMBING', 'LEFT', 0, 'UNSAFE', 'NECESSARY', 'LEFT')",BOMBING,LEFT,0,UNSAFE,NECESSARY,LEFT,0.0,-0.501,0.0,0.0,0.0,0.0,UP,0.0
"('BOMBING', 'HERE', 12, 'UNAVAILABLE', 'UNNECESSARY', 'LEFT')",BOMBING,HERE,12,UNAVAILABLE,UNNECESSARY,LEFT,0.0,-1.201,0.0,0.45969173,0.0,-0.09125568,LEFT,0.45969173
"('COIN', 'UP', 1, 'USELESS', 'UNNECESSARY', 'WAIT')",COIN,UP,1,USELESS,UNNECESSARY,WAIT,0.0,-0.09102484,0.0,0.0,0.0,0.0,UP,0.0
"('ESCAPE', 'DOWN', 13, 'ATTACK', 'UNNECESSARY', 'UP')",ESCAPE,DOWN,13,ATTACK,UNNECESSARY,UP,0.26386833,0.0,0.0,0.0,-0.051,0.0,UP,0.26386833
"('ESCAPE', 'DOWN', 13, 'ATTACK', 'UNNECESSARY', 'WAIT')",ESCAPE,DOWN,13,ATTACK,UNNECESSARY,WAIT,0.0,-0.101,0.0,0.0,0.0,0.0,UP,0.0
"('COIN', 'LEFT', 7, 'USELESS', 'UNNECESSARY', 'UP')",COIN,LEFT,7,USELESS,UNNECESSARY,UP,0.0,0.08351961,0.0,0.0,0.0,-0.03493132,RIGHT,0.08351961
"('BOMBING', 'UP', 7, 'UNAVAILABLE', 'UNNECESSARY', 'WAIT')",BOMBING,UP,7,UNAVAILABLE,UNNECESSARY,WAIT,0.0,0.1047242,0.0,0.0,0.0,0.0,RIGHT,0.1047242
"('ESCAPE', 'DOWN', 5, 'USELESS', 'UNNECESSARY', 'LEFT')",ESCAPE,DOWN,5,USELESS,UNNECESSARY,LEFT,0.0,0.0,0.0,0.0,0.0,-0.03124632,UP,0.0
"('ESCAPE', 'DOWN', 14, 'ATTACK', 'UNNECESSARY', 'DOWN')",ESCAPE,DOWN,14,ATTACK,UNNECESSARY,DOWN,0.0,0.02609211,0.0,0.0,0.0,0.0,RIGHT,0.02609211
"('ESCAPE', 'RIGHT', 2, 'GOOD_HIGH', 'UNSAFE', 'DOWN')",ESCAPE,RIGHT,2,GOOD_HIGH,UNSAFE,DOWN,-0.601,0.0071927076,0.0,0.0,0.0,0.0,RIGHT,0.0071927076
"('BOMBING', 'HERE', 6, 'UNAVAILABLE', 'UNNECESSARY', 'RIGHT')",BOMBING,HERE,6,UNAVAILABLE,UNNECESSARY,RIGHT,0.0,0.19733068,0.0,0.0,0.0,0.0,RIGHT,0.19733068
"('ESCAPE', 'UP', 3, 'USELESS', 'UNSAFE', 'LEFT')",ESCAPE,UP,3,USELESS,UNSAFE,LEFT,0.0,0.0,0.0,0.0,0.0,-0.651,UP,0.0
"('ESCAPE', 'LEFT', 9, 'UNAVAILABLE', 'UNNECESSARY', 'LEFT')",ESCAPE,LEFT,9,UNAVAILABLE,UNNECESSARY,LEFT,0.0,0.0,0.06106644,0.0,0.0,0.0,DOWN,0.06106644
"('ESCAPE', 'DOWN', 4, 'GOOD_LOW', 'UNNECESSARY', 'UP')",ESCAPE,DOWN,4,GOOD_LOW,UNNECESSARY,UP,0.0,0.0,0.0,-0.101,0.0,0.0,UP,0.0
"('ESCAPE', 'DOWN', 4, 'GOOD_LOW', 'UNSAFE', 'LEFT')",ESCAPE,DOWN,4,GOOD_LOW,UNSAFE,LEFT,0.0,0.0,0.029867435,-0.601,0.0,0.0,DOWN,0.029867435
"('COIN', 'DOWN', 11, 'ATTACK', 'UNNECESSARY', 'UP')",COIN,DOWN,11,ATTACK,UNNECESSARY,UP,0.0,0.0,0.0,0.0,0.0024273184,0.0,WAIT,0.0024273184
"('ESCAPE', 'RIGHT', 6, 'UNAVAILABLE', 'UNNECESSARY', 'LEFT')",ESCAPE,RIGHT,6,UNAVAILABLE,UNNECESSARY,LEFT,0.0,0.0,0.0,-0.023368,0.0,0.0,UP,0.0
"('BOMBING', 'UP', 0, 'UNSAFE', 'NECESSARY', 'WAIT')",BOMBING,UP,0,UNSAFE,NECESSARY,WAIT,0.0,-0.09554016,0.107423194,0.0,0.0,0.0,DOWN,0.107423194
"('BOMBING', 'DOWN', 12, 'USELESS', 'UNNECESSARY', 'NONE')",BOMBING,DOWN,12,USELESS,UNNECESSARY,NONE,0.0,0.0,0.0,0.16548613,0.0,0.0,LEFT,0.16548613
"('COIN', 'UP', 3, 'USELESS', 'UNNECESSARY', 'RIGHT')",COIN,UP,3,USELESS,UNNECESSARY,RIGHT,0.0,0.0,0.0,-0.501,0.0,0.0,UP,0.0
"('COIN', 'RIGHT', 0, 'UNSAFE', 'NECESSARY', 'WAIT')",COIN,RIGHT,0,UNSAFE,NECESSARY,WAIT,0.0,0.0,0.0,-0.003226454,0.0,-1.0107572,UP,0.0
"('ESCAPE', 'LEFT', 15, 'ATTACK', 'UNNECESSARY', 'LEFT')",ESCAPE,LEFT,15,ATTACK,UNNECESSARY,LEFT,0.0,0.03037092,0.0,0.0,0.0,0.0,RIGHT,0.03037092
"('ESCAPE', 'LEFT', 9, 'USELESS', 'UNSAFE', 'LEFT')",ESCAPE,LEFT,9,USELESS,UNSAFE,LEFT,0.0,0.0,-0.2345638,0.0,0.0,0.0,UP,0.0
"('BOMBING', 'DOWN', 14, 'USELESS', 'UNNECESSARY', 'DOWN')",BOMBING,DOWN,14,USELESS,UNNECESSARY,DOWN,0.0,0.0,0.0,-0.00026486436,0.0,0.0,UP,0.0
"('COIN', 'RIGHT', 9, 'UNAVAILABLE', 'UNNECESSARY', 'UP')",COIN,RIGHT,9,UNAVAILABLE,UNNECESSARY,UP,0.0,0.0,-1.201,0.0,0.0,0.0,UP,0.0
"('ESCAPE', 'LEFT', 8, 'ATTACK', 'UNSAFE', 'LEFT')",ESCAPE,LEFT,8,ATTACK,UNSAFE,LEFT,0.0,0.0,0.0,0.0,-0.27634746,-0.501,UP,0.0
"('BOMBING', 'DOWN', 13, 'GOOD_LOW', 'UNNECESSARY', 'LEFT')",BOMBING,DOWN,13,GOOD_LOW,UNNECESSARY,LEFT,0.0,0.0,0.2458965,0.0,0.0,0.0,DOWN,0.2458965
"('BOMBING', 'DOWN', 11, 'UNAVAILABLE', 'UNNECESSARY', 'RIGHT')",BOMBING,DOWN,11,UNAVAILABLE,UNNECESSARY,RIGHT,0.0,0.06505564,0.0,0.0,0.0,0.0,RIGHT,0.06505564
"('ESCAPE', 'RIGHT', 10, 'GOOD_LOW', 'UNNECESSARY', 'DOWN')",ESCAPE,RIGHT,10,GOOD_LOW,UNNECESSARY,DOWN,0.0,0.0,0.0,0.0,0.0,0.16461793,BOMB,0.16461793
"('COIN', 'DOWN', 13, 'USELESS', 'UNNECESSARY', 'LEFT')",COIN,DOWN,13,USELESS,UNNECESSARY,LEFT,0.0,0.0,0.0,0.0,0.010305626,0.0,WAIT,0.010305626
"('ESCAPE', 'LEFT', 12, 'UNAVAILABLE', 'UNNECESSARY', 'RIGHT')",ESCAPE,LEFT,12,UNAVAILABLE,UNNECESSARY,RIGHT,0.0,0.0,0.0,0.0,-0.047020733,0.0,UP,0.0
"('BOMBING', 'DOWN', 15, 'UNSAFE', 'UNNECESSARY', 'DOWN')",BOMBING,DOWN,15,UNSAFE,UNNECESSARY,DOWN,0.0426853,0.0,0.0,0.0,0.0,0.0,UP,0.0426853
"('ESCAPE', 'UP', 9, 'GOOD_HIGH', 'UNNECESSARY', 'LEFT')",ESCAPE,UP,9,GOOD_HIGH,UNNECESSARY,LEFT,0.0120746195,0.0,0.0,0.0,0.0,0.0,UP,0.0120746195
"('ESCAPE', 'DOWN', 4, 'GOOD_LOW', 'UNNECESSARY', 'WAIT')",ESCAPE,DOWN,4,GOOD_LOW,UNNECESSARY,WAIT,0.0,-0.101,0.0,0.0,-0.051,0.0,UP,0.0
"('COIN', 'LEFT', 7, 'GOOD_LOW', 'UNNECESSARY', 'DOWN')",COIN,LEFT,7,GOOD_LOW,UNNECESSARY,DOWN,0.06149436,0.0,0.0,0.0,0.0,0.0,UP,0.06149436
"('COIN', 'UP', 12, 'GOOD_LOW', 'UNNECESSARY', 'UP')",COIN,UP,12,GOOD_LOW,UNNECESSARY,UP,0.0,-0.0057106623,0.0,0.0,0.0,0.0,UP,0.0
"('ESCAPE', 'RIGHT', 11, 'ATTACK', 'UNNECESSARY', 'BOMB')",ESCAPE,RIGHT,11,ATTACK,UNNECESSARY,BOMB,0.0,0.09611237,0.0,0.0,0.0,0.0,RIGHT,0.09611237
"('COIN', 'DOWN', 11, 'GOOD_LOW', 'UNNECESSARY', 'LEFT')",COIN,DOWN,11,GOOD_LOW,UNNECESSARY,LEFT,0.0,0.0,0.0,0.0,-0.037363876,0.0,UP,0.0
"('COIN', 'UP', 14, 'USELESS', 'UNNECESSARY', 'DOWN')",COIN,UP,14,USELESS,UNNECESSARY,DOWN,0.0,0.09393798,0.0,0.0,0.0,0.0,RIGHT,0.09393798
"('ESCAPE', 'UP', 11, 'USELESS', 'UNSAFE', 'UP')",ESCAPE,UP,11,USELESS,UNSAFE,UP,0.0,0.0,-0.501,0.0,-0.501,0.0,UP,0.0
"('COIN', 'UP', 5, 'ATTACK', 'UNNECESSARY', 'BOMB')",COIN,UP,5,ATTACK,UNNECESSARY,BOMB,0.0,0.0,0.104981504,0.0,0.0,0.0,DOWN,0.104981504
"('ESCAPE', 'RIGHT', 6, 'USELESS', 'UNSAFE', 'RIGHT')",ESCAPE,RIGHT,6,USELESS,UNSAFE,RIGHT,0.0,0.0,0.08593344,0.0,0.0,0.0,DOWN,0.08593344
"('COIN', 'UP', 3, 'GOOD_HIGH', 'UNNECESSARY', 'UP')",COIN,UP,3,GOOD_HIGH,UNNECESSARY,UP,0.15348113,0.0,0.0,0.0,0.0,0.0,UP,0.15348113
"('BOMBING', 'LEFT', 7, 'UNAVAILABLE', 'UNNECESSARY', 'UP')",BOMBING,LEFT,7,UNAVAILABLE,UNNECESSARY,UP,0.0,0.0,0.02991857,0.0,0.0,0.0,DOWN,0.02991857
"('ESCAPE', 'RIGHT', 7, 'GOOD_HIGH', 'UNNECESSARY', 'UP')",ESCAPE,RIGHT,7,GOOD_HIGH,UNNECESSARY,UP,0.0,0.0,0.013158413,0.0,0.0,0.0,DOWN,0.013158413
"('COIN', 'LEFT', 14, 'USELESS', 'UNNECESSARY', 'DOWN')",COIN,LEFT,14,USELESS,UNNECESSARY,DOWN,0.0,0.0,0.0,0.11568494,-0.051,0.0,LEFT,0.11568494
"('COIN', 'UP', 14, 'USELESS', 'UNNECESSARY', 'WAIT')",COIN,UP,14,USELESS,UNNECESSARY,WAIT,0.0,0.07655729,0.0,0.0,0.0,0.0,RIGHT,0.07655729
"('ESCAPE', 'RIGHT', 10, 'USELESS', 'UNSAFE', 'BOMB')",ESCAPE,RIGHT,10,USELESS,UNSAFE,BOMB,0.0,-0.001,0.0,0.0,0.0,0.0,UP,0.0
"('BOMBING', 'UP', 13, 'ATTACK', 'UNNECESSARY', 'BOMB')",BOMBING,UP,13,ATTACK,UNNECESSARY,BOMB,0.0,0.0,0.1057471,0.0,0.0,0.0,DOWN,0.1057471
"('BOMBING', 'RIGHT', 0, 'UNSAFE', 'NECESSARY', 'WAIT')",BOMBING,RIGHT,0,UNSAFE,NECESSARY,WAIT,-0.08233197,0.0,0.0,0.0,0.0,0.0,RIGHT,0.0
"('ESCAPE', 'UP', 1, 'GOOD_LOW', 'UNNECESSARY', 'RIGHT')",ESCAPE,UP,1,GOOD_LOW,UNNECESSARY,RIGHT,0.0043203714,0.0,0.0,0.0,0.0,0.0,UP,0.0043203714
"('ESCAPE', 'UP', 1, 'GOOD_HIGH', 'UNNECESSARY', 'LEFT')",ESCAPE,UP,1,GOOD_HIGH,UNNECESSARY,LEFT,0.0,0.0,0.0,0.0,-0.051,0.18342493,BOMB,0.18342493
"('ESCAPE', 'UP', 1, 'GOOD_HIGH', 'UNSAFE', 'WAIT')",ESCAPE,UP,1,GOOD_HIGH,UNSAFE,WAIT,0.012071051,-0.35694999,0.0,0.0,0.0,0.0,UP,0.012071051
"('ESCAPE', 'RIGHT', 2, 'GOOD_LOW', 'UNNECESSARY', 'RIGHT')",ESCAPE,RIGHT,2,GOOD_LOW,UNNECESSARY,RIGHT,-0.101,-0.001,0.0,0.0,0.0,0.0,DOWN,0.0
"('ESCAPE', 'RIGHT', 2, 'GOOD_LOW', 'UNSAFE', 'UP')",ESCAPE,RIGHT,2,GOOD_LOW,UNSAFE,UP,0.0,0.0,0.0,0.0,-0.501,-0.49759477,UP,0.0
"('ESCAPE', 'UP', 13, 'GOOD_HIGH', 'UNNECESSARY', 'LEFT')",ESCAPE,UP,13,GOOD_HIGH,UNNECESSARY,LEFT,0.1210857,0.0,0.0,0.0,0.0,0.0,UP,0.1210857
"('BOMBING', 'UP', 7, 'ATTACK', 'UNNECESSARY', 'RIGHT')",BOMBING,UP,7,ATTACK,UNNECESSARY,RIGHT,0.0,0.22912247,0.0,0.0,0.0,0.0,RIGHT,0.22912247
"('BOMBING', 'DOWN', 0, 'UNSAFE', 'NECESSARY', 'LEFT')",BOMBING,DOWN,0,UNSAFE,NECESSARY,LEFT,0.0,0.0,0.0,-0.088343956,0.0,0.0,UP,0.0
"('NONE', 'NONE', 6, 'UNAVAILABLE', 'UNNECESSARY', 'UP')",NONE,NONE,6,UNAVAILABLE,UNNECESSARY,UP,0.0,0.0,0.0,0.0,0.0,-0.101,UP,0.0
"('ESCAPE', 'RIGHT', 14, 'ATTACK', 'UNNECESSARY', 'BOMB')",ESCAPE,RIGHT,14,ATTACK,UNNECESSARY,BOMB,0.0,0.0,0.08593724,0.0,0.0,0.0,DOWN,0.08593724
"('ESCAPE', 'UP', 9, 'USELESS', 'UNNECESSARY', 'LEFT')",ESCAPE,UP,9,USELESS,UNNECESSARY,LEFT,0.0,0.0,0.0,0.0,0.0,-0.02150501,UP,0.0
"('BOMBING', 'UP', 10, 'UNAVAILABLE', 'UNNECESSARY', 'LEFT')",BOMBING,UP,10,UNAVAILABLE,UNNECESSARY,LEFT,0.0,0.0,0.0,0.0,0.0,-0.087811194,UP,0.0
"('ESCAPE', 'DOWN', 12, 'ATTACK', 'UNSAFE', 'DOWN')",ESCAPE,DOWN,12,ATTACK,UNSAFE,DOWN,0.0,0.0,0.0,0.0,0.0,-0.501,UP,0.0
"('BOMBING', 'HERE', 15, 'ATTACK', 'UNNECESSARY', 'WAIT')",BOMBING,HERE,15,ATTACK,UNNECESSARY,WAIT,0.0,0.09403482,0.0,0.0,-0.051,0.0,RIGHT,0.09403482
"('ESCAPE', 'UP', 7, 'GOOD_HIGH', 'UNNECESSARY', 'RIGHT')",ESCAPE,UP,7,GOOD_HIGH,UNNECESSARY,RIGHT,0.20794773,0.0,0.0,0.0,0.0,0.0,UP,0.20794773
"('ESCAPE', 'DOWN', 4, 'UNSAFE', 'UNSAFE', 'UP')",ESCAPE,DOWN,4,UNSAFE,UNSAFE,UP,-0.0071505085,0.0,-0.001,0.0,0.0,0.0,RIGHT,0.0
"('ESCAPE', 'LEFT', 10, 'ATTACK', 'UNNECESSARY', 'WAIT')",ESCAPE,LEFT,10,ATTACK,UNNECESSARY,WAIT,-0.02378807,0.12325991,0.0,0.0,0.0,0.0,RIGHT,0.12325991
"('COIN', 'LEFT', 8, 'GOOD_LOW', 'UNNECESSARY', 'WAIT')",COIN,LEFT,8,GOOD_LOW,UNNECESSARY,WAIT,-0.03483645,0.0,0.0,0.0,0.0,0.0,RIGHT,0.0
"('ESCAPE', 'DOWN', 13, 'ATTACK', 'UNNECESSARY', 'DOWN')",ESCAPE,DOWN,13,ATTACK,UNNECESSARY,DOWN,0.0,0.0,0.0,-0.001,0.0,0.0,UP,0.0
"('ESCAPE', 'LEFT', 10, 'GOOD_LOW', 'UNSAFE', 'LEFT')",ESCAPE,LEFT,10,GOOD_LOW,UNSAFE,LEFT,0.0,0.0,0.0,0.0065873577,0.0,0.0,LEFT,0.0065873577
"('ESCAPE', 'UP', 1, 'GOOD_LOW', 'UNNECESSARY', 'BOMB')",ESCAPE,UP,1,GOOD_LOW,UNNECESSARY,BOMB,0.0,0.0,0.0,0.0,-0.050663423,0.0,UP,0.0
"('BOMBING', 'RIGHT', 13, 'UNAVAILABLE', 'UNNECESSARY', 'DOWN')",BOMBING,RIGHT,13,UNAVAILABLE,UNNECESSARY,DOWN,0.0,0.0,0.097746015,0.0,0.0,0.0,DOWN,0.097746015
"('BOMBING', 'LEFT', 10, 'UNSAFE', 'UNNECESSARY', 'LEFT')",BOMBING,LEFT,10,UNSAFE,UNNECESSARY,LEFT,0.0,0.0,0.0,0.009,0.0,0.0,LEFT,0.009
"('BOMBING', 'LEFT', 2, 'UNSAFE', 'UNNECESSARY', 'LEFT')",BOMBING,LEFT,2,UNSAFE,UNNECESSARY,LEFT,0.0,0.06888183,0.0,0.0,0.0,0.0,RIGHT,0.06888183
"('COIN', 'RIGHT', 9, 'USELESS', 'UNNECESSARY', 'LEFT')",COIN,RIGHT,9,USELESS,UNNECESSARY,LEFT,0.0,0.0,0.0,0.0,0.0,-0.01535612,UP,0.0
"('ESCAPE', 'UP', 5, 'GOOD_LOW', 'UNNECESSARY', 'LEFT')",ESCAPE,UP,5,GOOD_LOW,UNNECESSARY,LEFT,0.116745174,0.0,0.0,0.0,0.0,0.0,UP,0.116745174
"('BOMBING', 'UP', 7, 'USELESS', 'UNNECESSARY', 'BOMB')",BOMBING,UP,7,USELESS,UNNECESSARY,BOMB,0.0,0.0,0.0,-0.011034831,0.0,0.0,UP,0.0
"('ESCAPE', 'DOWN', 4, 'GOOD_LOW', 'UNNECESSARY', 'LEFT')",ESCAPE,DOWN,4,GOOD_LOW,UNNECESSARY,LEFT,0.0,-0.276445,0.0,0.0,0.0,0.0,UP,0.0
"('ESCAPE', 'UP', 11, 'UNSAFE', 'UNNECESSARY', 'LEFT')",ESCAPE,UP,11,UNSAFE,UNNECESSARY,LEFT,0.0,0.016040733,0.0,0.0,0.0,0.0,RIGHT,0.016040733
"('ESCAPE', 'LEFT', 8, 'UNSAFE', 'UNNECESSARY', 'UP')",ESCAPE,LEFT,8,UNSAFE,UNNECESSARY,UP,0.0,0.0,0.0,0.0,0.0,-1.0092841,UP,0.0
"('ESCAPE', 'DOWN', 6, 'UNAVAILABLE', 'UNSAFE', 'DOWN')",ESCAPE,DOWN,6,UNAVAILABLE,UNSAFE,DOWN,0.0,0.0,0.16686276,0.0,0.0,-0.6035457,DOWN,0.16686276
"('COIN', 'DOWN', 4, 'ATTACK', 'UNNECESSARY', 'LEFT')",COIN,DOWN,4,ATTACK,UNNECESSARY,LEFT,0.0,0.0,0.074219115,0.0,0.0,0.0,DOWN,0.074219115
"('ESCAPE', 'UP', 3, 'UNAVAILABLE', 'UNSAFE', 'WAIT')",ESCAPE,UP,3,UNAVAILABLE,UNSAFE,WAIT,0.0,0.26219437,0.0,0.0,0.0,0.0,RIGHT,0.26219437
"('BOMBING', 'RIGHT', 11, 'UNSAFE', 'UNNECESSARY', 'RIGHT')",BOMBING,RIGHT,11,UNSAFE,UNNECESSARY,RIGHT,0.0,0.0,0.0,-0.001,0.0,0.0,UP,0.0
"('ESCAPE', 'RIGHT', 2, 'UNSAFE', 'UNSAFE', 'LEFT')",ESCAPE,RIGHT,2,UNSAFE,UNSAFE,LEFT,-0.601,0.0,-0.601,0.0,0.0,0.0,RIGHT,0.0
"('ESCAPE', 'DOWN', 4, 'GOOD_LOW', 'UNSAFE', 'DOWN')",ESCAPE,DOWN,4,GOOD_LOW,UNSAFE,DOWN,0.0,-0.3796999,0.0,0.0,0.0,-0.36736083,UP,0.0
"('NONE', 'NONE', 2, 'USELESS', 'UNNECESSARY', 'BOMB')",NONE,NONE,2,USELESS,UNNECESSARY,BOMB,0.0,0.0,0.0,0.0,0.0,-0.021388559,UP,0.0
"('ESCAPE', 'DOWN', 4, 'ATTACK', 'UNNECESSARY', 'BOMB')",ESCAPE,DOWN,4,ATTACK,UNNECESSARY,BOMB,-0.101171,0.0,0.0,-0.101,-0.051,0.0,RIGHT,0.0
"('COIN', 'RIGHT', 13, 'ATTACK', 'UNNECESSARY', 'RIGHT')",COIN,RIGHT,13,ATTACK,UNNECESSARY,RIGHT,0.0,0.0,0.0,0.0,0.0,0.13818942,BOMB,0.13818942
"('BOMBING', 'HERE', 5, 'ATTACK', 'UNNECESSARY', 'BOMB')",BOMBING,HERE,5,ATTACK,UNNECESSARY,BOMB,0.0,0.0,0.0,-0.10060865,0.0,0.0,UP,0.0
"('COIN', 'LEFT', 2, 'ATTACK', 'UNNECESSARY', 'WAIT')",COIN,LEFT,2,ATTACK,UNNECESSARY,WAIT,0.0,0.0,0.0,0.0,0.0,0.25101966,BOMB,0.25101966
"('COIN', 'RIGHT', 13, 'GOOD_HIGH', 'UNNECESSARY', 'UP')",COIN,RIGHT,13,GOOD_HIGH,UNNECESSARY,UP,0.0,0.0,0.0,0.08366035,0.0,0.0,LEFT,0.08366035
"('ESCAPE', 'LEFT', 9, 'UNAVAILABLE', 'UNSAFE', 'RIGHT')",ESCAPE,LEFT,9,UNAVAILABLE,UNSAFE,RIGHT,0.0,-0.501,0.0,0.0,0.0,0.0,UP,0.0
"('BOMBING', 'RIGHT', 5, 'USELESS', 'UNNECESSARY', 'LEFT')",BOMBING,RIGHT,5,USELESS,UNNECESSARY,LEFT,0.0,0.0,0.052608334,0.0,0.0,-0.02721218,DOWN,0.052608334
"('ESCAPE', 'DOWN', 5, 'UNAVAILABLE', 'UNNECESSARY', 'WAIT')",ESCAPE,DOWN,5,UNAVAILABLE,UNNECESSARY,WAIT,0.0054420587,0.0,0.0,0.0,0.0,0.0,UP,0.0054420587
"('BOMBING', 'UP', 10, 'ATTACK', 'UNNECESSARY', 'LEFT')",BOMBING,UP,10,ATTACK,UNNECESSARY,LEFT,0.0,0.0014815992,0.0,0.0,0.0,0.0,RIGHT,0.0014815992
"('BOMBING', 'HERE', 8, 'ATTACK', 'UNNECESSARY', 'LEFT')",BOMBING,HERE,8,ATTACK,UNNECESSARY,LEFT,0.0,0.0,0.0,0.0,-0.051,0.0,UP,0.0
"('BOMBING', 'LEFT', 8, 'USELESS', 'UNNECESSARY', 'DOWN')",BOMBING,LEFT,8,USELESS,UNNECESSARY,DOWN,0.0,0.0,0.0,0.0,0.038698282,0.0,WAIT,0.038698282
"('ESCAPE', 'RIGHT', 2, 'USELESS', 'UNNECESSARY', 'BOMB')",ESCAPE,RIGHT,2,USELESS,UNNECESSARY,BOMB,-0.101,0.0,-0.101,-0.10079952,-0.05109,0.046671208,BOMB,0.046671208
"('BOMBING', 'HERE', 6, 'GOOD_LOW', 'UNNECESSARY', 'DOWN')",BOMBING,HERE,6,GOOD_LOW,UNNECESSARY,DOWN,0.0,0.0,0.046557795,0.0,0.0,0.0,DOWN,0.046557795
"('ESCAPE', 'RIGHT', 2, 'ATTACK', 'UNSAFE', 'BOMB')",ESCAPE,RIGHT,2,ATTACK,UNSAFE,BOMB,0.0,0.0,0.0,-0.41047496,-0.29849476,-0.501,UP,0.0
"('ESCAPE', 'RIGHT', 14, 'USELESS', 'UNNECESSARY', 'UP')",ESCAPE,RIGHT,14,USELESS,UNNECESSARY,UP,0.0,0.06776889,0.0,0.0,0.0,0.0,RIGHT,0.06776889
"('BOMBING', 'UP', 7, 'UNSAFE', 'UNNECESSARY', 'LEFT')",BOMBING,UP,7,UNSAFE,UNNECESSARY,LEFT,0.0,0.118797734,0.0,0.0,0.0,0.0,RIGHT,0.118797734
"('ESCAPE', 'UP', 9, 'GOOD_LOW', 'UNSAFE', 'LEFT')",ESCAPE,UP,9,GOOD_LOW,UNSAFE,LEFT,0.05972892,0.0,0.0,0.0,0.0,0.0,UP,0.05972892
"('ESCAPE', 'DOWN', 5, 'ATTACK', 'UNSAFE', 'UP')",ESCAPE,DOWN,5,ATTACK,UNSAFE,UP,0.0,0.0,0.0,0.0,-0.501,0.0,UP,0.0
"('COIN', 'RIGHT', 12, 'USELESS', 'UNNECESSARY', 'RIGHT')",COIN,RIGHT,12,USELESS,UNNECESSARY,RIGHT,0.0,0.0,0.0,0.0,-0.048470113,0.0,UP,0.0
"('BOMBING', 'UP', 10, 'UNAVAILABLE', 'UNNECESSARY', 'RIGHT')",BOMBING,UP,10,UNAVAILABLE,UNNECESSARY,RIGHT,0.0,0.0,-0.029852154,0.0,0.0,0.0,UP,0.0
"('BOMBING', 'LEFT', 11, 'UNAVAILABLE', 'UNNECESSARY', 'WAIT')",BOMBING,LEFT,11,UNAVAILABLE,UNNECESSARY,WAIT,0.0,0.0,0.0,0.0,0.0,-0.101,UP,0.0
"('BOMBING', 'LEFT', 11, 'GOOD_LOW', 'UNNECESSARY', 'BOMB')",BOMBING,LEFT,11,GOOD_LOW,UNNECESSARY,BOMB,0.0,0.0,0.0,0.0,0.0,0.17095928,BOMB,0.17095928
"('COIN', 'RIGHT', 2, 'ATTACK', 'UNNECESSARY', 'DOWN')",COIN,RIGHT,2,ATTACK,UNNECESSARY,DOWN,-0.34807107,0.0,0.0,0.0,0.0,0.0,RIGHT,0.0
"('ESCAPE', 'RIGHT', 2, 'GOOD_LOW', 'UNNECESSARY', 'BOMB')",ESCAPE,RIGHT,2,GOOD_LOW,UNNECESSARY,BOMB,0.0,0.010117123,0.0,0.0,0.0,0.0,RIGHT,0.010117123
"('ESCAPE', 'RIGHT', 6, 'GOOD_LOW', 'UNSAFE', 'RIGHT')",ESCAPE,RIGHT,6,GOOD_LOW,UNSAFE,RIGHT,0.0,0.005637362,0.0,0.0,0.0,0.0,RIGHT,0.005637362
"('COIN', 'UP', 9, 'USELESS', 'UNNECESSARY', 'LEFT')",COIN,UP,9,USELESS,UNNECESSARY,LEFT,0.0,0.0,0.0,0.0751717,0.0,0.0,LEFT,0.0751717
"('ESCAPE', 'UP', 1, 'GOOD_LOW', 'UNNECESSARY', 'LEFT')",ESCAPE,UP,1,GOOD_LOW,UNNECESSARY,LEFT,0.0,-0.2939905,0.0,0.0,0.0,0.23147377,BOMB,0.23147377
"('BOMBING', 'HERE', 13, 'GOOD_LOW', 'UNNECESSARY', 'LEFT')",BOMBING,HERE,13,GOOD_LOW,UNNECESSARY,LEFT,0.0,0.0,0.0,0.0,-0.030531852,0.0,UP,0.0
"('COIN', 'RIGHT', 2, 'UNSAFE', 'UNNECESSARY', 'UP')",COIN,RIGHT,2,UNSAFE,UNNECESSARY,UP,0.0,0.0,0.0,-0.0025575648,0.0,-0.36035514,UP,0.0
"('ESCAPE', 'DOWN', 4, 'USELESS', 'UNNECESSARY', 'BOMB')",ESCAPE,DOWN,4,USELESS,UNNECESSARY,BOMB,0.0,0.0,0.013674023,0.0,-0.051,-0.034381673,DOWN,0.013674023
"('COIN', 'RIGHT', 10, 'GOOD_LOW', 'UNNECESSARY', 'BOMB')",COIN,RIGHT,10,GOOD_LOW,UNNECESSARY,BOMB,0.0,0.0,0.0,0.0,-0.012963588,0.0,UP,0.0
"('ESCAPE', 'UP', 3, 'GOOD_LOW', 'UNNECESSARY', 'UP')",ESCAPE,UP,3,GOOD_LOW,UNNECESSARY,UP,0.0,0.0,0.0,0.0,-0.051,0.0,UP,0.0
"('ESCAPE', 'UP', 3, 'ATTACK', 'UNSAFE', 'WAIT')",ESCAPE,UP,3,ATTACK,UNSAFE,WAIT,0.0,0.0,0.0,-0.601,0.0,0.0,UP,0.0
"('BOMBING', 'DOWN', 14, 'UNSAFE', 'UNNECESSARY', 'LEFT')",BOMBING,DOWN,14,UNSAFE,UNNECESSARY,LEFT,0.0,0.0,0.0,0.13877755,0.0,0.0,LEFT,0.13877755
"('BOMBING', 'UP', 14, 'GOOD_LOW', 'UNNECESSARY', 'LEFT')",BOMBING,UP,14,GOOD_LOW,UNNECESSARY,LEFT,-0.501,0.0,0.0,0.0,0.0,0.0,RIGHT,0.0
"('COIN', 'RIGHT', 13, 'GOOD_LOW', 'UNNECESSARY', 'RIGHT')",COIN,RIGHT,13,GOOD_LOW,UNNECESSARY,RIGHT,0.0,0.0,0.102691285,0.0,0.0,0.0,DOWN,0.102691285
"('COIN', 'DOWN', 7, 'ATTACK', 'UNNECESSARY', 'WAIT')",COIN,DOWN,7,ATTACK,UNNECESSARY,WAIT,0.10348939,0.0,0.0,0.0,0.0,0.0,UP,0.10348939
"('ESCAPE', 'RIGHT', 7, 'ATTACK', 'UNNECESSARY', 'LEFT')",ESCAPE,RIGHT,7,ATTACK,UNNECESSARY,LEFT,0.0,0.0,0.0,-0.101,0.0,0.0,UP,0.0
"('ESCAPE', 'RIGHT', 7, 'GOOD_HIGH', 'UNNECESSARY', 'LEFT')",ESCAPE,RIGHT,7,GOOD_HIGH,UNNECESSARY,LEFT,0.0,0.12139542,0.0,0.0,0.0,0.0,RIGHT,0.12139542
"('BOMBING', 'DOWN', 15, 'UNSAFE', 'UNNECESSARY', 'LEFT')",BOMBING,DOWN,15,UNSAFE,UNNECESSARY,LEFT,0.0,0.0,0.14120936,0.0,0.0,0.0,DOWN,0.14120936
"('BOMBING', 'LEFT', 11, 'ATTACK', 'UNNECESSARY', 'BOMB')",BOMBING,LEFT,11,ATTACK,UNNECESSARY,BOMB,0.0,0.0,-0.101,0.10640446,0.0,0.0,LEFT,0.10640446
"('ESCAPE', 'RIGHT', 3, 'UNAVAILABLE', 'UNSAFE', 'BOMB')",ESCAPE,RIGHT,3,UNAVAILABLE,UNSAFE,BOMB,0.0,0.0,0.0,0.0,-0.4882604,0.0,UP,0.0
"('ESCAPE', 'RIGHT', 7, 'UNAVAILABLE', 'UNSAFE', 'BOMB')",ESCAPE,RIGHT,7,UNAVAILABLE,UNSAFE,BOMB,0.0,0.0,0.0,0.0,0.0,-0.51998913,UP,0.0
"('ESCAPE', 'RIGHT', 2, 'GOOD_LOW', 'UNNECESSARY', 'UP')",ESCAPE,RIGHT,2,GOOD_LOW,UNNECESSARY,UP,0.0,0.065027624,0.0,0.0,0.0,0.0,RIGHT,0.065027624
"('ESCAPE', 'DOWN', 4, 'GOOD_LOW', 'UNNECESSARY', 'BOMB')",ESCAPE,DOWN,4,GOOD_LOW,UNNECESSARY,BOMB,0.0,0.0,0.0,-0.101,0.0,0.0,UP,0.0
"('COIN', 'RIGHT', 2, 'GOOD_HIGH', 'UNNECESSARY', 'RIGHT')",COIN,RIGHT,2,GOOD_HIGH,UNNECESSARY,RIGHT,0.0,0.0,0.0,-0.501,0.0,0.0,UP,0.0
"('BOMBING', 'RIGHT', 5, 'GOOD_LOW', 'UNNECESSARY', 'DOWN')",BOMBING,RIGHT,5,GOOD_LOW,UNNECESSARY,DOWN,0.0,0.0,0.06022137,0.0,0.0,0.0,DOWN,0.06022137
"('BOMBING', 'RIGHT', 7, 'UNSAFE', 'UNNECESSARY', 'DOWN')",BOMBING,RIGHT,7,UNSAFE,UNNECESSARY,DOWN,0.0,0.0,0.0,0.0,-0.051,0.0,UP,0.0
"('BOMBING', 'HERE', 7, 'GOOD_LOW', 'UNNECESSARY', 'RIGHT')",BOMBING,HERE,7,GOOD_LOW,UNNECESSARY,RIGHT,0.057356585,0.0,0.0,0.0,0.0,0.0,UP,0.057356585
"('ESCAPE', 'RIGHT', 2, 'UNSAFE', 'UNNECESSARY', 'UP')",ESCAPE,RIGHT,2,UNSAFE,UNNECESSARY,UP,0.0,0.14660399,0.0,0.0,0.0,0.0,RIGHT,0.14660399
"('COIN', 'UP', 13, 'GOOD_LOW', 'UNNECESSARY', 'LEFT')",COIN,UP,13,GOOD_LOW,UNNECESSARY,LEFT,0.0,0.0,0.0,0.09936132,0.0,0.0,LEFT,0.09936132
"('ESCAPE', 'LEFT', 9, 'GOOD_HIGH', 'UNNECESSARY', 'RIGHT')",ESCAPE,LEFT,9,GOOD_HIGH,UNNECESSARY,RIGHT,0.0,0.0,0.0,0.0,-0.051,0.0,UP,0.0
"('ESCAPE', 'LEFT', 9, 'GOOD_HIGH', 'UNNECESSARY', 'WAIT')",ESCAPE,LEFT,9,GOOD_HIGH,UNNECESSARY,WAIT,0.0,0.0,-0.098029196,0.0,0.0,0.0,UP,0.0
"('BOMBING', 'RIGHT', 14, 'UNSAFE', 'UNNECESSARY', 'UP')",BOMBING,RIGHT,14,UNSAFE,UNNECESSARY,UP,-0.101,0.0,0.0,0.0,0.0,0.0,RIGHT,0.0
"('NONE', 'NONE', 6, 'UNSAFE', 'UNNECESSARY', 'UP')",NONE,NONE,6,UNSAFE,UNNECESSARY,UP,0.0,0.039067827,0.0,0.0,0.0,0.0,RIGHT,0.039067827
"('COIN', 'LEFT', 5, 'USELESS', 'UNNECESSARY', 'DOWN')",COIN,LEFT,5,USELESS,UNNECESSARY,DOWN,0.0,0.0,0.0,-0.501,0.0,0.0,UP,0.0
"('ESCAPE', 'UP', 9, 'GOOD_HIGH', 'UNNECESSARY', 'DOWN')",ESCAPE,UP,9,GOOD_HIGH,UNNECESSARY,DOWN,0.06550172,0.0,0.0,0.0,0.0,0.0,UP,0.06550172
"('COIN', 'DOWN', 3, 'UNAVAILABLE', 'UNNECESSARY', 'RIGHT')",COIN,DOWN,3,UNAVAILABLE,UNNECESSARY,RIGHT,0.0,0.10077503,0.0,0.0,0.0,0.0,RIGHT,0.10077503
"('ESCAPE', 'DOWN', 12, 'GOOD_HIGH', 'UNNECESSARY', 'DOWN')",ESCAPE,DOWN,12,GOOD_HIGH,UNNECESSARY,DOWN,0.0,-0.101,0.0,0.0,0.0,0.0,UP,0.0
"('ESCAPE', 'RIGHT', 2, 'GOOD_HIGH', 'UNSAFE', 'BOMB')",ESCAPE,RIGHT,2,GOOD_HIGH,UNSAFE,BOMB,0.0,0.0,0.0,0.0,0.0,-0.501,UP,0.0
"('NONE', 'NONE', 13, 'USELESS', 'UNNECESSARY', 'BOMB')",NONE,NONE,13,USELESS,UNNECESSARY,BOMB,0.0,0.0,0.021979235,0.0,0.0,0.0,DOWN,0.021979235
"('ESCAPE', 'DOWN', 14, 'GOOD_LOW', 'UNNECESSARY', 'LEFT')",ESCAPE,DOWN,14,GOOD_LOW,UNNECESSARY,LEFT,0.0,0.023369802,0.0,0.0,0.0,0.0,RIGHT,0.023369802
"('ESCAPE', 'DOWN', 12, 'ATTACK', 'UNSAFE', 'LEFT')",ESCAPE,DOWN,12,ATTACK,UNSAFE,LEFT,0.0,0.0,0.0,0.0,-0.501,0.0,UP,0.0
"('BOMBING', 'DOWN', 15, 'ATTACK', 'UNNECESSARY', 'BOMB')",BOMBING,DOWN,15,ATTACK,UNNECESSARY,BOMB,0.0,0.0,0.0,0.0,-0.043623745,0.0,UP,0.0
"('BOMBING', 'HERE', 7, 'ATTACK', 'UNNECESSARY', 'RIGHT')",BOMBING,HERE,7,ATTACK,UNNECESSARY,RIGHT,0.0,0.0,0.08091111,0.0,0.0,0.0,DOWN,0.08091111
"('ESCAPE', 'DOWN', 4, 'UNSAFE', 'UNNECESSARY', 'WAIT')",ESCAPE,DOWN,4,UNSAFE,UNNECESSARY,WAIT,0.0,0.0,-0.030684868,0.0,0.0,0.0,UP,0.0
"('ESCAPE', 'UP', 13, 'UNAVAILABLE', 'UNSAFE', 'UP')",ESCAPE,UP,13,UNAVAILABLE,UNSAFE,UP,0.06809519,0.0,0.0,0.0,0.0,0.0,UP,0.06809519
"('COIN', 'RIGHT', 10, 'ATTACK', 'UNNECESSARY', 'DOWN')",COIN,RIGHT,10,ATTACK,UNNECESSARY,DOWN,-0.024731902,0.0,-0.101,0.0,0.0,0.0,RIGHT,0.0
"('BOMBING', 'UP', 11, 'ATTACK', 'UNNECESSARY', 'UP')",BOMBING,UP,11,ATTACK,UNNECESSARY,UP,0.1016152,0.0,0.0,0.0,0.0,0.0,UP,0.1016152
"('BOMBING', 'LEFT', 7, 'GOOD_LOW', 'UNNECESSARY', 'RIGHT')",BOMBING,LEFT,7,GOOD_LOW,UNNECESSARY,RIGHT,0.0,0.0,0.055460095,0.0,0.0,0.0,DOWN,0.055460095
"('NONE', 'NONE', 7, 'ATTACK', 'UNNECESSARY', 'RIGHT')",NONE,NONE,7,ATTACK,UNNECESSARY,RIGHT,0.0,0.0,0.0,0.0,-0.02904337,0.0,UP,0.0
"('ESCAPE', 'DOWN', 13, 'GOOD_HIGH', 'UNNECESSARY', 'DOWN')",ESCAPE,DOWN,13,GOOD_HIGH,UNNECESSARY,DOWN,0.0,0.0,0.0,0.14981355,0.0,0.0,LEFT,0.14981355
"('COIN', 'DOWN', 5, 'UNSAFE', 'UNNECESSARY', 'RIGHT')",COIN,DOWN,5,UNSAFE,UNNECESSARY,RIGHT,0.0,-0.101,0.0,-0.101,0.0,-0.38505572,UP,0.0
"('COIN', 'DOWN', 4, 'UNSAFE', 'UNNECESSARY', 'LEFT')",COIN,DOWN,4,UNSAFE,UNNECESSARY,LEFT,0.0,0.0,0.0,-0.3487099,0.0,0.0,UP,0.0
"('ESCAPE', 'DOWN', 13, 'GOOD_LOW', 'UNNECESSARY', 'RIGHT')",ESCAPE,DOWN,13,GOOD_LOW,UNNECESSARY,RIGHT,0.0,0.0,0.11865512,0.0,0.0,0.0,DOWN,0.11865512
"('ESCAPE', 'LEFT', 13, 'UNAVAILABLE', 'UNNECESSARY', 'LEFT')",ESCAPE,LEFT,13,UNAVAILABLE,UNNECESSARY,LEFT,0.0,0.0,0.0,0.07929538,0.0,0.0,LEFT,0.07929538
"('BOMBING', 'RIGHT', 7, 'ATTACK', 'UNNECESSARY', 'WAIT')",BOMBING,RIGHT,7,ATTACK,UNNECESSARY,WAIT,0.10319578,0.0,0.0,0.0,0.0,0.0,UP,0.10319578
"('BOMBING', 'LEFT', 8, 'UNSAFE', 'UNNECESSARY', 'RIGHT')",BOMBING,LEFT,8,UNSAFE,UNNECESSARY,RIGHT,0.0,0.0,-0.101,0.0,0.0,0.0,UP,0.0
"('BOMBING', 'LEFT', 8, 'UNSAFE', 'UNNECESSARY', 'DOWN')",BOMBING,LEFT,8,UNSAFE,UNNECESSARY,DOWN,0.0,0.0,-0.101,0.0,0.0,0.0,UP,0.0
"('COIN', 'LEFT', 8, 'UNSAFE', 'UNNECESSARY', 'DOWN')",COIN,LEFT,8,UNSAFE,UNNECESSARY,DOWN,0.0,0.0,-0.101,0.0,0.0,0.0,UP,0.0
"('COIN', 'DOWN', 11, 'ATTACK', 'UNNECESSARY', 'RIGHT')",COIN,DOWN,11,ATTACK,UNNECESSARY,RIGHT,0.0,0.0,0.0,0.0,-0.051,0.0,UP,0.0
"('COIN', 'DOWN', 11, 'USELESS', 'UNNECESSARY', 'WAIT')",COIN,DOWN,11,USELESS,UNNECESSARY,WAIT,0.0,0.074868344,0.0,0.0,0.0,0.0,RIGHT,0.074868344
"('COIN', 'RIGHT', 5, 'GOOD_LOW', 'UNNECESSARY', 'LEFT')",COIN,RIGHT,5,GOOD_LOW,UNNECESSARY,LEFT,0.09742772,0.0,0.0,0.0,0.0,0.0,UP,0.09742772
"('ESCAPE', 'DOWN', 7, 'UNAVAILABLE', 'UNSAFE', 'BOMB')",ESCAPE,DOWN,7,UNAVAILABLE,UNSAFE,BOMB,0.0,0.0,0.0,-0.8108117,0.0,0.0,UP,0.0
"('COIN', 'UP', 8, 'GOOD_HIGH', 'UNNECESSARY', 'DOWN')",COIN,UP,8,GOOD_HIGH,UNNECESSARY,DOWN,0.0,0.0,0.0,0.08914108,0.0,0.0,LEFT,0.08914108
"('BOMBING', 'DOWN', 9, 'USELESS', 'UNNECESSARY', 'UP')",BOMBING,DOWN,9,USELESS,UNNECESSARY,UP,0.0,0.0,0.0,0.0,0.0,-0.07756361,UP,0.0
"('ESCAPE', 'UP', 3, 'ATTACK', 'UNNECESSARY', 'BOMB')",ESCAPE,UP,3,ATTACK,UNNECESSARY,BOMB,0.0,0.0,0.0,0.0,-0.0044674287,0.0,UP,0.0
"('COIN', 'RIGHT', 13, 'UNAVAILABLE', 'UNNECESSARY', 'DOWN')",COIN,RIGHT,13,UNAVAILABLE,UNNECESSARY,DOWN,0.05819871,0.0,0.0,0.0,0.0,0.0,UP,0.05819871
"('BOMBING', 'HERE', 8, 'GOOD_LOW', 'UNNECESSARY', 'RIGHT')",BOMBING,HERE,8,GOOD_LOW,UNNECESSARY,RIGHT,0.0,0.0,0.0,-0.03519,0.0,0.0,UP,0.0
"('COIN', 'DOWN', 7, 'USELESS', 'UNNECESSARY', 'RIGHT')",COIN,DOWN,7,USELESS,UNNECESSARY,RIGHT,0.0,0.08420267,0.0,0.0,0.0,0.0,RIGHT,0.08420267
"('ESCAPE', 'UP', 3, 'GOOD_HIGH', 'UNNECESSARY', 'RIGHT')",ESCAPE,UP,3,GOOD_HIGH,UNNECESSARY,RIGHT,0.0,0.0,0.0,0.0,-0.051,0.0,UP,0.0
"('ESCAPE', 'UP', 3, 'GOOD_HIGH', 'UNSAFE', 'WAIT')",ESCAPE,UP,3,GOOD_HIGH,UNSAFE,WAIT,0.0,-0.001,0.0,0.0,0.0,0.0,UP,0.0
"('COIN', 'UP', 12, 'UNAVAILABLE', 'UNNECESSARY', 'LEFT')",COIN,UP,12,UNAVAILABLE,UNNECESSARY,LEFT,0.0,0.0,0.0,0.0,0.0,-0.062067643,UP,0.0
"('ESCAPE', 'RIGHT', 6, 'USELESS', 'UNNECESSARY', 'LEFT')",ESCAPE,RIGHT,6,USELESS,UNNECESSARY,LEFT,0.0,0.0,0.0,0.0,0.0,-0.41340256,UP,0.0
"('BOMBING', 'LEFT', 2, 'ATTACK', 'UNNECESSARY', 'WAIT')",BOMBING,LEFT,2,ATTACK,UNNECESSARY,WAIT,-0.06710582,0.050949115,-0.101,0.0,-0.017503204,0.0,RIGHT,0.050949115
"('ESCAPE', 'DOWN', 6, 'GOOD_HIGH', 'UNNECESSARY', 'RIGHT')",ESCAPE,DOWN,6,GOOD_HIGH,UNNECESSARY,RIGHT,-0.101,0.0,0.0,0.0,0.0,0.0,RIGHT,0.0
"('ESCAPE', 'DOWN', 7, 'ATTACK', 'UNNECESSARY', 'DOWN')",ESCAPE,DOWN,7,ATTACK,UNNECESSARY,DOWN,0.0,0.0,0.0,-0.092561655,0.0,0.0,UP,0.0
"('BOMBING', 'RIGHT', 9, 'UNAVAILABLE', 'UNNECESSARY', 'UP')",BOMBING,RIGHT,9,UNAVAILABLE,UNNECESSARY,UP,0.0,0.0,0.0,0.0,0.0,-0.0797818,UP,0.0
"('BOMBING', 'RIGHT', 6, 'GOOD_HIGH', 'UNNECESSARY', 'RIGHT')",BOMBING,RIGHT,6,GOOD_HIGH,UNNECESSARY,RIGHT,0.0,0.0,0.0,0.0,-0.051,0.0,UP,0.0
"('ESCAPE', 'UP', 3, 'ATTACK', 'UNSAFE', 'RIGHT')",ESCAPE,UP,3,ATTACK,UNSAFE,RIGHT,0.0,0.0,0.0,0.0,-0.501,0.0,UP,0.0
"('ESCAPE', 'LEFT', 11, 'ATTACK', 'UNNECESSARY', 'DOWN')",ESCAPE,LEFT,11,ATTACK,UNNECESSARY,DOWN,0.0705078,0.0,0.0,0.0,0.0,0.0,UP,0.0705078
"('ESCAPE', 'DOWN', 6, 'GOOD_HIGH', 'UNNECESSARY', 'LEFT')",ESCAPE,DOWN,6,GOOD_HIGH,UNNECESSARY,LEFT,0.0,0.0,0.009264091,0.0,0.0,0.0,DOWN,0.009264091
"('BOMBING', 'LEFT', 6, 'GOOD_LOW', 'UNNECESSARY', 'UP')",BOMBING,LEFT,6,GOOD_LOW,UNNECESSARY,UP,0.0,0.0,0.0,-0.501,0.0,0.0,UP,0.0
"('BOMBING', 'RIGHT', 6, 'USELESS', 'UNNECESSARY', 'BOMB')",BOMBING,RIGHT,6,USELESS,UNNECESSARY,BOMB,0.0,0.0,0.0,0.0,-0.04278598,0.0,UP,0.0
"('COIN', 'DOWN', 5, 'UNSAFE', 'UNNECESSARY', 'UP')",COIN,DOWN,5,UNSAFE,UNNECESSARY,UP,0.0,-0.101,0.0,0.0,0.0,0.0,UP,0.0
"('COIN', 'RIGHT', 2, 'GOOD_LOW', 'UNNECESSARY', 'DOWN')",COIN,RIGHT,2,GOOD_LOW,UNNECESSARY,DOWN,0.0,0.15441974,0.0,0.0,0.0,0.0,RIGHT,0.15441974
"('BOMBING', 'HERE', 7, 'GOOD_LOW', 'UNNECESSARY', 'WAIT')",BOMBING,HERE,7,GOOD_LOW,UNNECESSARY,WAIT,0.0,0.0,0.051431622,0.0,0.0,0.0,DOWN,0.051431622
"('COIN', 'RIGHT', 10, 'ATTACK', 'UNNECESSARY', 'BOMB')",COIN,RIGHT,10,ATTACK,UNNECESSARY,BOMB,0.0,0.09209715,0.0,0.0,0.0,0.0,RIGHT,0.09209715
"('COIN', 'DOWN', 10, 'UNAVAILABLE', 'UNNECESSARY', 'LEFT')",COIN,DOWN,10,UNAVAILABLE,UNNECESSARY,LEFT,0.0,0.0,0.0,0.0,0.0,-0.101,UP,0.0
"('COIN', 'DOWN', 14, 'GOOD_LOW', 'UNNECESSARY', 'BOMB')",COIN,DOWN,14,GOOD_LOW,UNNECESSARY,BOMB,0.0,0.0,0.304533,0.0,0.0,0.0,DOWN,0.304533
"('ESCAPE', 'RIGHT', 6, 'GOOD_HIGH', 'UNNECESSARY', 'RIGHT')",ESCAPE,RIGHT,6,GOOD_HIGH,UNNECESSARY,RIGHT,-0.101,0.0,0.0,0.0,0.0,0.0,RIGHT,0.0
"('BOMBING', 'DOWN', 10, 'GOOD_LOW', 'UNNECESSARY', 'RIGHT')",BOMBING,DOWN,10,GOOD_LOW,UNNECESSARY,RIGHT,0.0,0.0,-0.501,0.0,0.0,0.0,UP,0.0
